Unnamed: 0,fullDataset.ID,fullDataset.Distrito,fullDataset.Precio_m2,fullDataset.Precio,fullDataset.Tipo,fullDataset.Habitaciones,fullDataset.Aseos,fullDataset.Superficie,fullDataset.Planta,fullDataset.Parking,fullDataset.COLEGIO.DE.EDUCACIÓN.INFANTIL.Y.PRIMARIA
1,7,Arganzuela,3888,590000,Piso,4.0,1.0,135.0,4.0,0,9
2,7,Arganzuela,3888,349000,Piso,3.0,1.0,92.0,2.0,0,9
3,7,Arganzuela,3888,425000,Ático,2.0,1.0,102.0,4.0,1,9
4,7,Arganzuela,3888,260000,Piso,2.0,1.0,60.0,2.0,0,9
5,7,Arganzuela,3888,135000,Piso,2.0,1.0,50.0,3.0,0,9
6,7,Arganzuela,3888,220000,Apartamento,1.0,1.0,45.0,,0,9
7,7,Arganzuela,3888,245000,Piso,3.0,1.0,64.0,4.0,0,9
8,7,Arganzuela,3888,450000,Casa o chalet,4.0,2.0,120.0,6.0,0,9
9,7,Arganzuela,3888,795000,Casa adosada,4.0,4.0,260.0,,1,9
10,7,Arganzuela,3888,590000,Piso,3.0,2.0,112.0,,1,9
11,7,Arganzuela,3888,144600,Piso,2.0,1.0,48.0,,0,9
12,7,Arganzuela,3888,550000,Piso,2.0,2.0,68.0,1.0,0,9
13,7,Arganzuela,3888,375000,Piso,2.0,2.0,55.0,,0,9
14,7,Arganzuela,3888,152000,Piso,2.0,1.0,36.0,3.0,0,9
15,7,Arganzuela,3888,830000,Piso,4.0,3.0,240.0,,1,9
16,7,Arganzuela,3888,390000,Piso,2.0,2.0,88.0,,1,9
17,7,Arganzuela,3888,545000,Piso,4.0,2.0,130.0,12.0,1,9
18,7,Arganzuela,3888,484500,Piso,4.0,2.0,147.0,1.0,0,9
19,7,Arganzuela,3888,484500,Piso,4.0,2.0,147.0,1.0,0,9
20,7,Arganzuela,3888,1050000,Piso,4.0,2.0,298.0,6.0,1,9
21,7,Arganzuela,3888,212000,Piso,2.0,1.0,62.0,2.0,0,9
22,7,Arganzuela,3888,484500,Piso,4.0,2.0,147.0,1.0,0,9
23,7,Arganzuela,3888,484500,Piso,4.0,2.0,147.0,1.0,0,9
24,7,Arganzuela,3888,197000,Piso,2.0,1.0,54.0,2.0,0,9
25,7,Arganzuela,3888,2200000,Piso,3.0,4.0,250.0,3.0,0,9
26,7,Arganzuela,3888,259000,Ático,2.0,2.0,56.0,,0,9
27,7,Arganzuela,3888,256000,Apartamento,2.0,1.0,69.0,,0,9
28,7,Arganzuela,3888,154500,Piso,1.0,1.0,39.0,1.0,0,9
29,7,Arganzuela,3888,865000,Piso,5.0,3.0,220.0,2.0,1,9
30,7,Arganzuela,3888,212000,Piso,2.0,1.0,62.0,2.0,0,9
31,7,Arganzuela,3888,155000,Piso,2.0,1.0,40.0,1.0,0,9
32,7,Arganzuela,3888,449000,Piso,4.0,2.0,130.0,6.0,0,9
33,7,Arganzuela,3888,145000,Piso,2.0,1.0,37.0,,0,9
34,7,Arganzuela,3888,320000,Piso,4.0,1.0,89.0,1.0,0,9
35,7,Arganzuela,3888,2000000,Piso,5.0,4.0,241.0,5.0,1,9
36,7,Arganzuela,3888,160000,Piso,3.0,1.0,71.0,,0,9
37,7,Arganzuela,3888,297000,Piso,1.0,1.0,50.0,,0,9
38,7,Arganzuela,3888,850000,Apartamento,3.0,2.0,160.0,,0,9
39,7,Arganzuela,3888,320000,Piso,4.0,1.0,89.0,1.0,0,9
40,7,Arganzuela,3888,390000,Piso,2.0,2.0,50.0,3.0,0,9
41,7,Arganzuela,3888,220000,Piso,4.0,2.0,119.0,1.0,1,9
42,7,Arganzuela,3888,299000,Piso,2.0,1.0,56.0,6.0,0,9
43,7,Arganzuela,3888,140000,Piso,2.0,1.0,42.0,,0,9
44,7,Arganzuela,3888,79000,Planta baja,1.0,1.0,30.0,,0,9
45,7,Arganzuela,3888,530000,Piso,2.0,2.0,90.0,,0,9
46,7,Arganzuela,3888,251500,Piso,2.0,3.0,169.0,1.0,0,9
47,7,Arganzuela,3888,889000,Casa o chalet,7.0,5.0,447.0,,1,9
48,7,Arganzuela,3888,320000,Piso,4.0,1.0,89.0,1.0,0,9
49,7,Arganzuela,3888,168500,Piso,2.0,1.0,58.0,,0,9
50,7,Arganzuela,3888,156000,Piso,3.0,1.0,75.0,1.0,0,9
51,7,Arganzuela,3888,422000,Piso,2.0,2.0,83.0,4.0,1,9
52,7,Arganzuela,3888,129000,Piso,1.0,1.0,64.0,,0,9
53,7,Arganzuela,3888,850000,Piso,1.0,1.0,110.0,1.0,0,9
54,7,Arganzuela,3888,240000,Ático,2.0,1.0,35.0,6.0,0,9
55,7,Arganzuela,3888,81200,Piso,2.0,1.0,61.0,,0,9
56,7,Arganzuela,3888,143685,Piso,1.0,1.0,44.0,3.0,0,9
57,7,Arganzuela,3888,169000,Piso,1.0,1.0,49.0,4.0,0,9
58,7,Arganzuela,3888,395000,Piso,3.0,1.0,75.0,3.0,0,9
59,7,Arganzuela,3888,259000,Piso,2.0,2.0,92.0,5.0,1,9
60,7,Arganzuela,3888,1550000,Piso,3.0,4.0,211.0,1.0,0,9
61,7,Arganzuela,3888,156000,Piso,3.0,1.0,75.0,1.0,0,9
62,7,Arganzuela,3888,1090000,Piso,3.0,3.0,248.0,1.0,0,9
63,7,Arganzuela,3888,94990,Piso,2.0,1.0,75.0,3.0,0,9
64,7,Arganzuela,3888,450000,Apartamento,2.0,1.0,92.0,,0,9
65,7,Arganzuela,3888,465000,Piso,5.0,2.0,136.0,3.0,0,9
66,7,Arganzuela,3888,212000,Piso,2.0,1.0,62.0,2.0,0,9
67,7,Arganzuela,3888,240000,Piso,1.0,1.0,51.0,2.0,0,9
68,7,Arganzuela,3888,109900,Piso,3.0,1.0,62.0,1.0,0,9
69,7,Arganzuela,3888,875000,Piso,4.0,4.0,185.0,,1,9
70,7,Arganzuela,3888,484500,Piso,4.0,2.0,147.0,1.0,0,9
71,7,Arganzuela,3888,1950000,Piso,5.0,6.0,314.0,2.0,0,9
72,7,Arganzuela,3888,484500,Piso,4.0,2.0,147.0,1.0,0,9
73,7,Arganzuela,3888,700000,Piso,4.0,3.0,144.0,1.0,1,9
74,7,Arganzuela,3888,840000,Ático,4.0,2.0,167.0,5.0,1,9
75,7,Arganzuela,3888,2950000,Casa o chalet,4.0,4.0,625.0,,1,9
76,7,Arganzuela,3888,140000,Piso,3.0,1.0,81.0,4.0,0,9
77,7,Arganzuela,3888,484500,Piso,4.0,2.0,147.0,1.0,0,9
78,7,Arganzuela,3888,279000,Piso,3.0,1.0,85.0,2.0,0,9
79,7,Arganzuela,3888,352000,Piso,2.0,1.0,70.0,7.0,0,9
80,7,Arganzuela,3888,768000,Ático,3.0,2.0,334.0,5.0,1,9
81,7,Arganzuela,3888,320000,Piso,4.0,1.0,89.0,1.0,0,9
82,7,Arganzuela,3888,212000,Piso,2.0,1.0,62.0,2.0,0,9
83,7,Arganzuela,3888,635000,Piso,,,120.0,2.0,0,9
84,7,Arganzuela,3888,795000,Piso,4.0,3.0,177.0,,0,9
85,7,Arganzuela,3888,215000,Loft,1.0,1.0,65.0,1.0,1,9
86,7,Arganzuela,3888,163000,Piso,4.0,2.0,90.0,,0,9
87,7,Arganzuela,3888,484500,Piso,4.0,2.0,147.0,1.0,0,9
88,7,Arganzuela,3888,320000,Piso,4.0,1.0,89.0,1.0,0,9
89,7,Arganzuela,3888,156000,Piso,3.0,1.0,75.0,1.0,0,9
90,7,Arganzuela,3888,995000,Piso,5.0,3.0,172.0,12.0,1,9
91,7,Arganzuela,3888,295000,Piso,1.0,1.0,70.0,4.0,1,9
92,7,Arganzuela,3888,135000,Piso,2.0,1.0,57.0,1.0,0,9
93,7,Arganzuela,3888,350000,Piso,2.0,2.0,91.0,11.0,0,9
94,7,Arganzuela,3888,212000,Piso,2.0,1.0,62.0,2.0,0,9
95,7,Arganzuela,3888,425000,Piso,3.0,2.0,109.0,2.0,0,9
96,7,Arganzuela,3888,175000,Piso,2.0,1.0,110.0,,0,9
97,7,Arganzuela,3888,359000,Piso,2.0,1.0,84.0,2.0,1,9
98,7,Arganzuela,3888,399000,Piso,1.0,1.0,103.0,,0,9
99,7,Arganzuela,3888,385000,Piso,2.0,2.0,88.0,4.0,1,9
100,7,Arganzuela,3888,240000,Ático,2.0,1.0,35.0,6.0,0,9
101,7,Arganzuela,3888,156000,Piso,3.0,1.0,75.0,1.0,0,9
102,7,Arganzuela,3888,240000,Ático,2.0,1.0,35.0,6.0,0,9
103,7,Arganzuela,3888,315000,Piso,2.0,1.0,57.0,6.0,0,9
104,7,Arganzuela,3888,90000,Piso,2.0,1.0,59.0,,0,9
105,7,Arganzuela,3888,240000,Ático,2.0,1.0,35.0,6.0,0,9
106,7,Arganzuela,3888,355000,Piso,2.0,2.0,46.0,,0,9
107,7,Arganzuela,3888,600000,Piso,3.0,2.0,155.0,3.0,0,9
108,7,Arganzuela,3888,156000,Piso,3.0,1.0,75.0,1.0,0,9
109,7,Arganzuela,3888,212000,Piso,2.0,1.0,62.0,2.0,0,9
110,7,Arganzuela,3888,156000,Piso,3.0,1.0,75.0,1.0,0,9
111,7,Arganzuela,3888,214000,Piso,2.0,1.0,62.0,,0,9
112,7,Arganzuela,3888,320000,Piso,4.0,1.0,89.0,1.0,0,9
113,7,Arganzuela,3888,490000,Piso,1.0,1.0,70.0,3.0,0,9
114,7,Arganzuela,3888,118500,Piso,2.0,1.0,51.0,,0,9
115,7,Arganzuela,3888,179000,Piso,,1.0,33.0,8.0,0,9
116,7,Arganzuela,3888,156000,Piso,3.0,1.0,75.0,1.0,0,9
117,7,Arganzuela,3888,320000,Piso,4.0,1.0,89.0,1.0,0,9
118,7,Arganzuela,3888,178000,Piso,3.0,1.0,60.0,3.0,0,9
119,7,Arganzuela,3888,212000,Piso,1.0,1.0,40.0,4.0,0,9
120,7,Arganzuela,3888,160000,Piso,3.0,1.0,88.0,4.0,0,9
121,7,Arganzuela,3888,189000,Piso,1.0,1.0,47.0,1.0,0,9
122,7,Arganzuela,3888,455000,Dúplex,3.0,3.0,139.0,,0,9
123,7,Arganzuela,3888,250000,Piso,1.0,1.0,59.0,,0,9
124,7,Arganzuela,3888,390000,Piso,4.0,2.0,120.0,,0,9
125,7,Arganzuela,3888,240000,Ático,2.0,1.0,35.0,6.0,0,9
126,7,Arganzuela,3888,379000,Piso,3.0,2.0,140.0,3.0,1,9
127,7,Arganzuela,3888,325000,Piso,1.0,1.0,60.0,3.0,1,9
128,7,Arganzuela,3888,484500,Piso,4.0,2.0,147.0,1.0,0,9
129,7,Arganzuela,3888,192000,Piso,2.0,1.0,64.0,7.0,0,9
130,7,Arganzuela,3888,240000,Ático,2.0,1.0,35.0,6.0,0,9
131,7,Arganzuela,3888,349000,Piso,2.0,1.0,70.0,,0,9
132,7,Arganzuela,3888,156000,Piso,3.0,1.0,75.0,1.0,0,9
133,7,Arganzuela,3888,290000,Ático,1.0,1.0,58.0,4.0,0,9
134,7,Arganzuela,3888,375000,Piso,3.0,2.0,116.0,2.0,1,9
135,7,Arganzuela,3888,310000,Piso,3.0,2.0,96.0,2.0,0,9
136,7,Arganzuela,3888,620000,Piso,4.0,2.0,125.0,,1,9
137,7,Arganzuela,3888,460000,Ático,3.0,2.0,116.0,6.0,1,9
138,7,Arganzuela,3888,156000,Piso,3.0,1.0,75.0,1.0,0,9
139,7,Arganzuela,3888,114000,Piso,3.0,1.0,82.0,,0,9
140,7,Arganzuela,3888,165990,Piso,3.0,1.0,75.0,,0,9
141,7,Arganzuela,3888,155000,Piso,1.0,1.0,56.0,,0,9
142,7,Arganzuela,3888,199000,Piso,3.0,1.0,60.0,,0,9
143,7,Arganzuela,3888,80000,Piso,3.0,1.0,69.0,,0,9
144,7,Arganzuela,3888,210000,Piso,3.0,1.0,58.0,4.0,0,9
145,7,Arganzuela,3888,2250000,Piso,3.0,3.0,254.0,3.0,0,9
146,7,Arganzuela,3888,127300,Piso,3.0,1.0,60.0,4.0,0,9
147,7,Arganzuela,3888,202000,Loft,1.0,1.0,53.0,1.0,1,9
148,7,Arganzuela,3888,820000,Piso,5.0,2.0,168.0,,0,9
149,7,Arganzuela,3888,285000,Piso,2.0,2.0,62.0,2.0,0,9
150,7,Arganzuela,3888,320000,Piso,4.0,1.0,89.0,1.0,0,9
151,7,Arganzuela,3888,545000,Piso,4.0,2.0,130.0,12.0,1,9
152,7,Arganzuela,3888,156000,Piso,3.0,1.0,75.0,1.0,0,9
153,7,Arganzuela,3888,530000,Piso,3.0,3.0,138.0,5.0,1,9
154,7,Arganzuela,3888,225000,Piso,2.0,1.0,44.0,1.0,0,9
155,7,Arganzuela,3888,175000,Piso,2.0,1.0,62.0,,0,9
156,7,Arganzuela,3888,197000,Piso,2.0,1.0,54.0,2.0,0,9
157,7,Arganzuela,3888,207000,Piso,22.0,1.0,63.0,,0,9
158,7,Arganzuela,3888,295000,Loft,,2.0,170.0,,0,9
159,7,Arganzuela,3888,94800,Piso,2.0,1.0,63.0,,0,9
160,7,Arganzuela,3888,219900,Piso,1.0,1.0,41.0,,0,9
161,7,Arganzuela,3888,584000,Casa o chalet,6.0,2.0,217.0,,1,9
162,7,Arganzuela,3888,213000,Piso,4.0,2.0,110.0,,0,9
163,7,Arganzuela,3888,484500,Piso,4.0,2.0,147.0,1.0,0,9
164,7,Arganzuela,3888,385000,Piso,3.0,1.0,85.0,9.0,1,9
165,7,Arganzuela,3888,250000,Piso,3.0,1.0,59.0,4.0,0,9
166,7,Arganzuela,3888,148900,Piso,1.0,1.0,37.0,1.0,0,9
167,7,Arganzuela,3888,140000,Piso,2.0,1.0,65.0,,0,9
168,7,Arganzuela,3888,320000,Piso,4.0,1.0,89.0,1.0,0,9
169,7,Arganzuela,3888,269000,Piso,4.0,2.0,125.0,1.0,0,9
170,7,Arganzuela,3888,153000,Piso,4.0,1.0,57.0,,0,9
171,7,Arganzuela,3888,376000,Piso,3.0,2.0,84.0,2.0,0,9
172,7,Arganzuela,3888,189000,Piso,2.0,1.0,56.0,1.0,0,9
173,7,Arganzuela,3888,880000,Piso,3.0,2.0,150.0,,0,9
174,7,Arganzuela,3888,212000,Piso,2.0,1.0,62.0,2.0,0,9
175,7,Arganzuela,3888,595000,Piso,4.0,2.0,125.0,1.0,1,9
176,7,Arganzuela,3888,285000,Piso,4.0,1.0,81.0,1.0,0,9
177,7,Arganzuela,3888,1190000,Piso,3.0,2.0,181.0,,0,9
178,7,Arganzuela,3888,484500,Piso,4.0,2.0,147.0,1.0,0,9
179,7,Arganzuela,3888,700000,Piso,4.0,2.0,162.0,1.0,0,9
180,7,Arganzuela,3888,320000,Piso,4.0,1.0,89.0,1.0,0,9
181,7,Arganzuela,3888,156000,Piso,3.0,1.0,75.0,1.0,0,9
182,7,Arganzuela,3888,226000,Piso,2.0,1.0,63.0,,0,9
183,7,Arganzuela,3888,275000,Piso,1.0,1.0,47.0,,0,9
184,7,Arganzuela,3888,162000,Piso,2.0,1.0,51.0,,0,9
185,7,Arganzuela,3888,367000,Piso,4.0,2.0,143.0,,1,9
186,7,Arganzuela,3888,346000,Piso,3.0,1.0,72.0,,0,9
187,7,Arganzuela,3888,174000,Piso,3.0,1.0,70.0,,0,9
188,7,Arganzuela,3888,199000,Piso,2.0,1.0,53.0,1.0,0,9
189,7,Arganzuela,3888,378000,Piso,1.0,1.0,48.0,1.0,0,9
190,7,Arganzuela,3888,420000,Piso,1.0,1.0,70.0,2.0,0,9
191,7,Arganzuela,3888,447000,Casa adosada,4.0,3.0,173.0,,1,9
192,7,Arganzuela,3888,434500,Piso,4.0,2.0,87.0,6.0,0,9
193,7,Arganzuela,3888,212000,Piso,2.0,1.0,62.0,2.0,0,9
194,7,Arganzuela,3888,249000,Piso,3.0,1.0,80.0,3.0,0,9
195,7,Arganzuela,3888,125000,Piso,2.0,1.0,37.0,,0,9
196,7,Arganzuela,3888,660000,Piso,2.0,2.0,150.0,2.0,0,9
197,7,Arganzuela,3888,545000,Piso,4.0,2.0,130.0,12.0,1,9
198,7,Arganzuela,3888,485000,Dúplex,4.0,3.0,206.0,,1,9
199,7,Arganzuela,3888,167000,Piso,1.0,1.0,42.0,,0,9
200,7,Arganzuela,3888,2700000,Casa adosada,3.0,4.0,431.0,,1,9
201,7,Arganzuela,3888,240000,Ático,2.0,1.0,35.0,6.0,0,9
202,7,Arganzuela,3888,400000,Piso,2.0,2.0,65.0,,1,9
203,7,Arganzuela,3888,197000,Piso,2.0,1.0,54.0,2.0,0,9
204,7,Arganzuela,3888,289000,Piso,3.0,1.0,65.0,,0,9
205,7,Arganzuela,3888,230000,Piso,2.0,1.0,50.0,1.0,0,9
206,7,Arganzuela,3888,235000,Piso,2.0,1.0,50.0,,0,9
207,7,Arganzuela,3888,2530200,Casa o chalet,5.0,2.0,1933.0,,0,9
208,7,Arganzuela,3888,240000,Ático,2.0,1.0,35.0,6.0,0,9
209,7,Arganzuela,3888,240000,Ático,2.0,1.0,35.0,6.0,0,9
210,7,Arganzuela,3888,365000,Piso,3.0,2.0,85.0,6.0,0,9
211,7,Arganzuela,3888,160000,Piso,1.0,1.0,53.0,,0,9
212,7,Arganzuela,3888,156000,Piso,1.0,1.0,31.0,1.0,0,9
213,7,Arganzuela,3888,324000,Piso,2.0,1.0,56.0,,0,9
214,7,Arganzuela,3888,385000,Piso,2.0,2.0,77.0,2.0,1,9
215,7,Arganzuela,3888,484500,Piso,4.0,2.0,147.0,1.0,0,9
216,7,Arganzuela,3888,179000,Piso,1.0,1.0,30.0,2.0,0,9
217,7,Arganzuela,3888,283000,Piso,2.0,2.0,92.0,2.0,1,9
218,7,Arganzuela,3888,240000,Ático,2.0,1.0,35.0,6.0,0,9
219,7,Arganzuela,3888,212000,Piso,2.0,1.0,62.0,2.0,0,9
220,7,Arganzuela,3888,240000,Ático,2.0,1.0,35.0,6.0,0,9
221,7,Arganzuela,3888,190600,Piso,1.0,1.0,64.0,1.0,1,9
222,7,Arganzuela,3888,830000,Piso,3.0,3.0,189.0,,0,9
223,7,Arganzuela,3888,177000,Piso,2.0,1.0,56.0,,0,9
224,7,Arganzuela,3888,430000,Piso,3.0,2.0,113.0,11.0,1,9
225,7,Arganzuela,3888,170000,Piso,3.0,1.0,71.0,,0,9
226,7,Arganzuela,3888,230000,Piso,3.0,1.0,75.0,,0,9
227,7,Arganzuela,3888,161200,Piso,2.0,1.0,81.0,4.0,0,9
228,7,Arganzuela,3888,348400,Piso,2.0,2.0,67.0,6.0,0,9
229,7,Arganzuela,3888,295300,Estudio,,1.0,45.0,4.0,1,9
230,7,Arganzuela,3888,269000,Piso,4.0,2.0,104.0,2.0,0,9
231,7,Arganzuela,3888,125000,Piso,3.0,1.0,75.0,,0,9
232,7,Arganzuela,3888,225000,Piso,1.0,1.0,69.0,,0,9
233,7,Arganzuela,3888,84000,Piso,3.0,1.0,69.0,2.0,0,9
234,7,Arganzuela,3888,484500,Piso,4.0,2.0,147.0,1.0,0,9
235,7,Arganzuela,3888,210000,Piso,3.0,1.0,59.0,,0,9
236,7,Arganzuela,3888,995000,Casa o chalet,6.0,5.0,505.0,,1,9
237,7,Arganzuela,3888,366400,Piso,3.0,1.0,82.0,,0,9
238,7,Arganzuela,3888,2295000,Piso,5.0,5.0,385.0,,1,9
239,7,Arganzuela,3888,495000,Piso,4.0,2.0,131.0,1.0,1,9
240,7,Arganzuela,3888,320000,Piso,4.0,1.0,89.0,1.0,0,9
241,7,Arganzuela,3888,253000,Piso,1.0,1.0,46.0,,1,9
242,7,Arganzuela,3888,484500,Piso,4.0,2.0,147.0,1.0,0,9
243,7,Arganzuela,3888,2950000,Piso,4.0,4.0,269.0,2.0,0,9
244,7,Arganzuela,3888,545000,Piso,4.0,2.0,130.0,12.0,1,9
245,7,Arganzuela,3888,260000,Apartamento,1.0,1.0,47.0,2.0,1,9
246,7,Arganzuela,3888,159000,Piso,2.0,1.0,44.0,,0,9
247,7,Arganzuela,3888,175000,Piso,2.0,1.0,41.0,1.0,0,9
248,7,Arganzuela,3888,225570,Piso,1.0,1.0,47.0,2.0,0,9
249,7,Arganzuela,3888,499000,Piso,1.0,1.0,79.0,,1,9
250,7,Arganzuela,3888,269000,Piso,2.0,2.0,80.0,1.0,0,9
251,7,Arganzuela,3888,875000,Piso,,2.0,197.0,5.0,0,9
252,7,Arganzuela,3888,499000,Piso,3.0,2.0,117.0,1.0,1,9
253,7,Arganzuela,3888,398000,Piso,1.0,1.0,89.0,,0,9
254,7,Arganzuela,3888,75500,Piso,2.0,1.0,62.0,2.0,0,9
255,7,Arganzuela,3888,399990,Piso,2.0,2.0,82.0,,0,9
256,7,Arganzuela,3888,212000,Piso,2.0,1.0,62.0,2.0,0,9
257,7,Arganzuela,3888,129000,Loft,1.0,1.0,51.0,,0,9
258,7,Arganzuela,3888,240000,Ático,2.0,1.0,35.0,6.0,0,9
259,7,Arganzuela,3888,1175000,Piso,4.0,3.0,240.0,2.0,1,9
260,7,Arganzuela,3888,320000,Piso,4.0,1.0,89.0,1.0,0,9
261,7,Arganzuela,3888,610000,Piso,4.0,2.0,140.0,6.0,1,9
262,7,Arganzuela,3888,1950000,Piso,4.0,5.0,251.0,3.0,1,9
263,7,Arganzuela,3888,234900,Piso,2.0,1.0,55.0,3.0,0,9
264,7,Arganzuela,3888,260000,Piso,2.0,1.0,60.0,2.0,0,9
265,7,Arganzuela,3888,229000,Piso,2.0,1.0,61.0,2.0,0,9
266,7,Arganzuela,3888,325000,Piso,2.0,1.0,55.0,4.0,0,9
267,7,Arganzuela,3888,545000,Piso,4.0,2.0,130.0,12.0,1,9
268,7,Arganzuela,3888,130000,Piso,3.0,1.0,54.0,4.0,0,9
269,7,Arganzuela,3888,225000,Piso,2.0,1.0,87.0,7.0,0,9
270,7,Arganzuela,3888,595000,Piso,3.0,2.0,117.0,,1,9
271,7,Arganzuela,3888,158000,Piso,2.0,1.0,43.0,,0,9
272,7,Arganzuela,3888,269000,Piso,2.0,2.0,61.0,2.0,0,9
273,7,Arganzuela,3888,1600000,Ático,2.0,4.0,157.0,8.0,0,9
274,7,Arganzuela,3888,1490000,Casa o chalet,6.0,8.0,450.0,,1,9
275,7,Arganzuela,3888,850000,Piso,4.0,3.0,161.0,3.0,0,9
276,7,Arganzuela,3888,197000,Piso,2.0,1.0,54.0,2.0,0,9
277,7,Arganzuela,3888,395000,Piso,1.0,1.0,55.0,2.0,0,9
278,7,Arganzuela,3888,320000,Piso,4.0,1.0,89.0,1.0,0,9
279,7,Arganzuela,3888,115000,Piso,1.0,1.0,35.0,5.0,0,9
280,7,Arganzuela,3888,82800,Piso,1.0,1.0,27.0,,0,9
281,7,Arganzuela,3888,180000,Piso,3.0,1.0,58.0,9.0,0,9
282,7,Arganzuela,3888,156000,Apartamento,1.0,1.0,40.0,1.0,1,9
283,7,Arganzuela,3888,585000,Dúplex,2.0,3.0,114.0,6.0,0,9
284,7,Arganzuela,3888,249000,Piso,3.0,1.0,73.0,,0,9
285,7,Arganzuela,3888,212000,Piso,2.0,1.0,62.0,2.0,0,9
286,7,Arganzuela,3888,239995,Ático,2.0,1.0,47.0,6.0,0,9
287,7,Arganzuela,3888,545000,Piso,4.0,2.0,130.0,12.0,1,9
288,7,Arganzuela,3888,99000,Piso,2.0,1.0,55.0,4.0,0,9
289,7,Arganzuela,3888,1400000,Piso,4.0,3.0,245.0,2.0,1,9
290,7,Arganzuela,3888,1172500,Dúplex,4.0,3.0,335.0,1.0,1,9
291,7,Arganzuela,3888,1200000,Piso,3.0,3.0,209.0,2.0,1,9
292,7,Arganzuela,3888,399000,Piso,2.0,2.0,100.0,12.0,1,9
293,7,Arganzuela,3888,129000,Piso,1.0,1.0,64.0,,0,9
294,7,Arganzuela,3888,320000,Piso,4.0,1.0,89.0,1.0,0,9
295,7,Arganzuela,3888,129000,Piso,3.0,1.0,50.0,,0,9
296,7,Arganzuela,3888,240000,Ático,2.0,1.0,35.0,6.0,0,9
297,7,Arganzuela,3888,152000,Piso,1.0,1.0,55.0,7.0,0,9
298,7,Arganzuela,3888,190000,Dúplex,4.0,2.0,145.0,3.0,0,9
299,7,Arganzuela,3888,156000,Piso,1.0,1.0,30.0,1.0,0,9
300,7,Arganzuela,3888,161000,Piso,2.0,1.0,45.0,,0,9
301,7,Arganzuela,3888,320000,Piso,4.0,1.0,89.0,1.0,0,9
302,7,Arganzuela,3888,430000,Piso,3.0,1.0,91.0,3.0,0,9
303,7,Arganzuela,3888,117600,Piso,1.0,1.0,57.0,,0,9
304,7,Arganzuela,3888,215000,Piso,2.0,1.0,72.0,,0,9
305,7,Arganzuela,3888,153000,Piso,3.0,2.0,110.0,7.0,0,9
306,7,Arganzuela,3888,320000,Piso,4.0,1.0,89.0,1.0,0,9
307,7,Arganzuela,3888,239000,Dúplex,3.0,2.0,114.0,5.0,0,9
308,7,Arganzuela,3888,210000,Piso,2.0,1.0,64.0,5.0,0,9
309,7,Arganzuela,3888,156000,Piso,3.0,1.0,75.0,1.0,0,9
310,7,Arganzuela,3888,140000,Piso,1.0,1.0,40.0,,0,9
311,7,Arganzuela,3888,690000,Piso,1.0,1.0,115.0,4.0,0,9
312,7,Arganzuela,3888,470000,Piso,3.0,2.0,127.0,2.0,0,9
313,7,Arganzuela,3888,199000,Piso,2.0,1.0,55.0,,0,9
314,7,Arganzuela,3888,790000,Piso,4.0,2.0,178.0,,0,9
315,7,Arganzuela,3888,325000,Apartamento,1.0,1.0,72.0,,0,9
316,7,Arganzuela,3888,695000,Piso,2.0,2.0,104.0,,0,9
317,7,Arganzuela,3888,330000,Piso,2.0,1.0,71.0,2.0,0,9
318,7,Arganzuela,3888,163000,Piso,4.0,2.0,90.0,,0,9
319,7,Arganzuela,3888,465000,Piso,3.0,2.0,115.0,1.0,0,9
320,7,Arganzuela,3888,219000,Piso,3.0,1.0,75.0,8.0,0,9
321,7,Arganzuela,3888,135000,Piso,1.0,1.0,34.0,,0,9
322,7,Arganzuela,3888,117000,Apartamento,1.0,1.0,22.0,,0,9
323,7,Arganzuela,3888,199850,Piso,2.0,1.0,53.0,3.0,0,9
324,7,Arganzuela,3888,442000,Dúplex,3.0,2.0,139.0,,0,9
325,7,Arganzuela,3888,870000,Piso,2.0,2.0,156.0,4.0,0,9
326,7,Arganzuela,3888,145500,Piso,2.0,1.0,40.0,1.0,0,9
327,7,Arganzuela,3888,269000,Piso,4.0,2.0,125.0,1.0,0,9
328,7,Arganzuela,3888,387700,Piso,3.0,1.0,57.0,2.0,0,9
329,7,Arganzuela,3888,679000,Piso,4.0,2.0,157.0,5.0,0,9
330,7,Arganzuela,3888,175000,Piso,2.0,1.0,70.0,,0,9
331,7,Arganzuela,3888,325000,Piso,2.0,1.0,81.0,5.0,0,9
332,7,Arganzuela,3888,156000,Piso,3.0,1.0,75.0,1.0,0,9
333,7,Arganzuela,3888,770000,Dúplex,2.0,1.0,115.0,1.0,0,9
334,7,Arganzuela,3888,550000,Piso,2.0,1.0,85.0,,0,9
335,7,Arganzuela,3888,484500,Piso,4.0,2.0,147.0,1.0,0,9
336,7,Arganzuela,3888,320000,Piso,4.0,1.0,89.0,1.0,0,9
337,7,Arganzuela,3888,285000,Piso,2.0,1.0,70.0,3.0,0,9
338,7,Arganzuela,3888,379900,Piso,2.0,2.0,77.0,2.0,0,9
339,7,Arganzuela,3888,195000,Piso,1.0,1.0,33.0,,0,9
340,7,Arganzuela,3888,1330000,Casa o chalet,3.0,4.0,203.0,,1,9
341,7,Arganzuela,3888,292000,Piso,1.0,1.0,62.0,8.0,0,9
342,7,Arganzuela,3888,239000,Piso,2.0,1.0,50.0,3.0,0,9
343,7,Arganzuela,3888,345000,Piso,2.0,2.0,119.0,,1,9
344,7,Arganzuela,3888,425000,Piso,3.0,2.0,77.0,2.0,0,9
345,7,Arganzuela,3888,650000,Piso,2.0,2.0,120.0,7.0,0,9
346,7,Arganzuela,3888,234900,Piso,1.0,2.0,75.0,1.0,0,9
347,7,Arganzuela,3888,156000,Piso,3.0,1.0,75.0,1.0,0,9
348,7,Arganzuela,3888,265000,Piso,3.0,1.0,72.0,4.0,0,9
349,7,Arganzuela,3888,185000,Dúplex,1.0,1.0,36.0,6.0,0,9
350,7,Arganzuela,3888,580000,Piso,3.0,2.0,135.0,1.0,0,9
351,7,Arganzuela,3888,298900,Piso,1.0,1.0,79.0,5.0,0,9
352,7,Arganzuela,3888,349000,Piso,4.0,3.0,136.0,8.0,0,9
353,7,Arganzuela,3888,212000,Piso,2.0,1.0,62.0,2.0,0,9
354,7,Arganzuela,3888,145000,Piso,2.0,1.0,57.0,3.0,0,9
355,7,Arganzuela,3888,379900,Piso,2.0,2.0,77.0,2.0,0,9
356,7,Arganzuela,3888,1190000,Piso,3.0,2.0,138.0,,0,9
357,7,Arganzuela,3888,159000,Apartamento,1.0,1.0,29.0,,0,9
358,7,Arganzuela,3888,599000,Piso,3.0,3.0,126.0,2.0,0,9
359,7,Arganzuela,3888,700000,Casa adosada,3.0,3.0,272.0,,0,9
360,7,Arganzuela,3888,179000,Piso,2.0,1.0,57.0,,0,9
361,7,Arganzuela,3888,495000,Piso,4.0,2.0,174.0,,0,9
362,7,Arganzuela,3888,197000,Piso,2.0,1.0,54.0,2.0,0,9
363,7,Arganzuela,3888,119000,Piso,2.0,1.0,75.0,3.0,0,9
364,7,Arganzuela,3888,144000,Piso,1.0,1.0,30.0,,0,9
365,7,Arganzuela,3888,124900,Piso,1.0,1.0,36.0,,0,9
366,7,Arganzuela,3888,235000,Piso,1.0,1.0,61.0,2.0,0,9
367,7,Arganzuela,3888,370000,Piso,2.0,2.0,100.0,1.0,0,9
368,7,Arganzuela,3888,142000,Piso,2.0,1.0,75.0,4.0,0,9
369,7,Arganzuela,3888,919900,Piso,,2.0,123.0,4.0,0,9
370,7,Arganzuela,3888,235000,Piso,4.0,2.0,107.0,4.0,0,9
371,7,Arganzuela,3888,305000,Piso,3.0,1.0,92.0,,0,9
372,7,Arganzuela,3888,540000,Piso,3.0,2.0,121.0,2.0,1,9
373,7,Arganzuela,3888,484500,Piso,4.0,2.0,147.0,1.0,0,9
374,7,Arganzuela,3888,1270000,Piso,2.0,3.0,127.0,7.0,1,9
375,7,Arganzuela,3888,370000,Piso,3.0,1.0,85.0,2.0,0,9
376,7,Arganzuela,3888,212000,Piso,2.0,1.0,62.0,2.0,0,9
377,7,Arganzuela,3888,1850000,Casa o chalet,8.0,4.0,260.0,,0,9
378,7,Arganzuela,3888,465000,Piso,5.0,1.0,136.0,3.0,0,9
379,7,Arganzuela,3888,1050000,Ático,3.0,3.0,148.0,,0,9
380,7,Arganzuela,3888,179000,Piso,3.0,2.0,93.0,,0,9
381,7,Arganzuela,3888,549000,Piso,3.0,2.0,125.0,,1,9
382,7,Arganzuela,3888,175000,Piso,2.0,1.0,39.0,1.0,0,9
383,7,Arganzuela,3888,357000,Piso,1.0,1.0,59.0,,0,9
384,7,Arganzuela,3888,153800,Piso,1.0,1.0,29.0,,0,9
385,7,Arganzuela,3888,460000,Piso,3.0,2.0,117.0,1.0,0,9
386,7,Arganzuela,3888,144000,Piso,2.0,1.0,74.0,,0,9
387,7,Arganzuela,3888,141000,Piso,2.0,1.0,61.0,3.0,0,9
388,7,Arganzuela,3888,195000,Piso,3.0,1.0,98.0,2.0,1,9
389,7,Arganzuela,3888,329000,Piso,3.0,1.0,91.0,2.0,0,9
390,7,Arganzuela,3888,220000,Piso,,,90.0,5.0,0,9
391,7,Arganzuela,3888,197000,Piso,2.0,1.0,54.0,2.0,0,9
392,7,Arganzuela,3888,316000,Piso,3.0,2.0,115.0,2.0,0,9
393,7,Arganzuela,3888,212000,Piso,2.0,1.0,62.0,2.0,0,9
394,7,Arganzuela,3888,545000,Piso,4.0,2.0,130.0,12.0,1,9
395,7,Arganzuela,3888,4350000,Piso,5.0,5.0,404.0,,0,9
396,7,Arganzuela,3888,235000,Piso,1.0,1.0,61.0,2.0,0,9
397,7,Arganzuela,3888,750000,Piso,4.0,2.0,130.0,,0,9
398,7,Arganzuela,3888,639000,Piso,3.0,2.0,116.0,,0,9
399,7,Arganzuela,3888,160000,Apartamento,1.0,1.0,35.0,1.0,0,9
400,7,Arganzuela,3888,219000,Piso,2.0,1.0,44.0,,0,9
401,7,Arganzuela,3888,185000,Piso,2.0,1.0,50.0,,0,9
402,7,Arganzuela,3888,385000,Apartamento,1.0,1.0,71.0,3.0,0,9
403,7,Arganzuela,3888,545000,Piso,4.0,2.0,130.0,12.0,1,9
404,7,Arganzuela,3888,83000,Piso,1.0,1.0,34.0,2.0,0,9
405,7,Arganzuela,3888,215000,Apartamento,1.0,1.0,35.0,3.0,0,9
406,7,Arganzuela,3888,369000,Piso,2.0,2.0,112.0,,1,9
407,7,Arganzuela,3888,395000,Piso,4.0,2.0,,,0,9
408,7,Arganzuela,3888,1050000,Piso,3.0,4.0,205.0,,0,9
409,7,Arganzuela,3888,1550000,Piso,5.0,4.0,376.0,3.0,0,9
410,7,Arganzuela,3888,242000,Dúplex,1.0,2.0,65.0,1.0,0,9
411,7,Arganzuela,3888,295000,Piso,1.0,1.0,66.0,,0,9
412,7,Arganzuela,3888,545000,Piso,4.0,2.0,130.0,12.0,1,9
413,7,Arganzuela,3888,830000,Piso,3.0,3.0,189.0,,0,9
414,7,Arganzuela,3888,550000,Piso,3.0,2.0,147.0,1.0,0,9
415,7,Arganzuela,3888,425000,Piso,4.0,2.0,130.0,6.0,1,9
416,7,Arganzuela,3888,260000,Estudio,,1.0,103.0,,0,9
417,7,Arganzuela,3888,105000,Piso,2.0,1.0,52.0,1.0,0,9
418,7,Arganzuela,3888,160000,Piso,3.0,1.0,53.0,,0,9
419,7,Arganzuela,3888,330000,Piso,2.0,2.0,85.0,,0,9
420,7,Arganzuela,3888,225570,Piso,1.0,1.0,47.0,,0,9
421,7,Arganzuela,3888,499000,Piso,3.0,2.0,137.0,3.0,0,9
422,7,Arganzuela,3888,265000,Piso,3.0,1.0,70.0,4.0,0,9
423,7,Arganzuela,3888,178000,Piso,3.0,1.0,91.0,5.0,0,9
424,7,Arganzuela,3888,136500,Piso,2.0,1.0,60.0,,0,9
425,7,Arganzuela,3888,435000,Piso,2.0,1.0,60.0,1.0,0,9
426,7,Arganzuela,3888,1599000,Piso,3.0,4.0,220.0,2.0,0,9
427,7,Arganzuela,3888,162500,Piso,2.0,1.0,54.0,,0,9
428,7,Arganzuela,3888,188000,Piso,1.0,1.0,53.0,4.0,0,9
429,7,Arganzuela,3888,245000,Piso,3.0,1.0,64.0,4.0,0,9
430,7,Arganzuela,3888,690000,Piso,,,103.0,5.0,0,9
431,7,Arganzuela,3888,595000,Piso,4.0,2.0,134.0,4.0,1,9
432,7,Arganzuela,3888,245000,Ático,2.0,1.0,107.0,6.0,1,9
433,7,Arganzuela,3888,484500,Piso,4.0,2.0,147.0,1.0,0,9
434,7,Arganzuela,3888,1300000,Piso,1.0,1.0,50.0,1.0,0,9
435,7,Arganzuela,3888,900000,Piso,3.0,3.0,193.0,2.0,0,9
436,7,Arganzuela,3888,190600,Piso,1.0,1.0,40.0,1.0,1,9
437,7,Arganzuela,3888,140000,Piso,3.0,1.0,74.0,,0,9
438,7,Arganzuela,3888,212000,Piso,2.0,1.0,62.0,2.0,0,9
439,7,Arganzuela,3888,545000,Piso,4.0,2.0,130.0,12.0,1,9
440,7,Arganzuela,3888,291000,Piso,3.0,1.0,90.0,2.0,1,9
441,7,Arganzuela,3888,145000,Apartamento,1.0,1.0,37.0,4.0,0,9
442,7,Arganzuela,3888,1595000,Piso,,,222.0,1.0,0,9
443,7,Arganzuela,3888,240000,Ático,2.0,1.0,35.0,6.0,0,9
444,7,Arganzuela,3888,530000,Piso,3.0,2.0,136.0,4.0,1,9
445,7,Arganzuela,3888,175000,Piso,1.0,1.0,50.0,2.0,1,9
446,7,Arganzuela,3888,150000,Piso,3.0,2.0,95.0,10.0,0,9
447,7,Arganzuela,3888,565000,Ático,2.0,2.0,87.0,7.0,1,9
448,7,Arganzuela,3888,235000,Piso,1.0,1.0,61.0,3.0,0,9
449,7,Arganzuela,3888,169500,Apartamento,1.0,1.0,32.0,3.0,0,9
450,7,Arganzuela,3888,585000,Piso,3.0,2.0,112.0,8.0,1,9
451,7,Arganzuela,3888,1150000,Piso,2.0,3.0,116.0,6.0,0,9
452,7,Arganzuela,3888,94000,Piso,2.0,1.0,56.0,,0,9
453,7,Arganzuela,3888,484500,Piso,4.0,2.0,147.0,1.0,0,9
454,7,Arganzuela,3888,218000,Piso,1.0,1.0,41.0,5.0,1,9
455,7,Arganzuela,3888,380000,Piso,3.0,2.0,85.0,4.0,0,9
456,7,Arganzuela,3888,570000,Piso,2.0,2.0,101.0,,0,9
457,7,Arganzuela,3888,143000,Piso,2.0,1.0,58.0,4.0,0,9
458,7,Arganzuela,3888,345000,Apartamento,1.0,1.0,83.0,3.0,0,9
459,7,Arganzuela,3888,120000,Piso,2.0,1.0,58.0,2.0,0,9
460,7,Arganzuela,3888,430000,Piso,3.0,2.0,89.0,1.0,1,9
461,7,Arganzuela,3888,265000,Piso,3.0,1.0,70.0,4.0,0,9
462,7,Arganzuela,3888,139000,Piso,3.0,1.0,60.0,,0,9
463,7,Arganzuela,3888,90000,Piso,1.0,1.0,54.0,,0,9
464,7,Arganzuela,3888,156000,Piso,1.0,1.0,30.0,1.0,0,9
465,7,Arganzuela,3888,990000,Piso,3.0,2.0,254.0,,0,9
466,7,Arganzuela,3888,215000,Piso,3.0,1.0,83.0,,0,9
467,7,Arganzuela,3888,287370,Ático,2.0,2.0,96.0,3.0,0,9
468,7,Arganzuela,3888,156000,Piso,3.0,1.0,75.0,1.0,0,9
469,7,Arganzuela,3888,1120000,Casa adosada,5.0,4.0,361.0,,1,9
470,7,Arganzuela,3888,260000,Piso,2.0,1.0,60.0,,0,9
471,7,Arganzuela,3888,620000,Ático,2.0,1.0,90.0,7.0,1,9
472,7,Arganzuela,3888,229000,Piso,3.0,1.0,90.0,,0,9
473,11,Barajas,3147,294000,Piso,3.0,2.0,120.0,,1,5
474,11,Barajas,3147,780000,Casa adosada,7.0,4.0,270.0,,1,5
475,11,Barajas,3147,194000,Piso,4.0,2.0,94.0,1.0,0,5
476,11,Barajas,3147,780000,Casa adosada,7.0,4.0,270.0,,1,5
477,11,Barajas,3147,60000,Piso,3.0,1.0,41.0,,0,5
478,11,Barajas,3147,1490000,Casa adosada,5.0,6.0,400.0,,1,5
479,11,Barajas,3147,550000,Piso,2.0,2.0,100.0,,0,5
480,11,Barajas,3147,554000,Piso,4.0,3.0,158.0,1.0,1,5
481,11,Barajas,3147,172000,Piso,1.0,1.0,53.0,4.0,0,5
482,11,Barajas,3147,164500,Piso,3.0,1.0,51.0,,0,5
483,11,Barajas,3147,315000,Piso,4.0,2.0,105.0,1.0,1,5
484,11,Barajas,3147,280000,Piso,2.0,1.0,70.0,1.0,1,5
485,11,Barajas,3147,140000,Piso,3.0,1.0,65.0,4.0,0,5
486,11,Barajas,3147,460000,Piso,2.0,2.0,97.0,2.0,1,5
487,11,Barajas,3147,554000,Piso,4.0,3.0,158.0,1.0,1,5
488,11,Barajas,3147,373000,Piso,2.0,2.0,82.0,,1,5
489,11,Barajas,3147,780000,Casa adosada,7.0,4.0,270.0,,1,5
490,11,Barajas,3147,275000,Piso,2.0,1.0,83.0,1.0,1,5
491,11,Barajas,3147,225000,Piso,3.0,2.0,86.0,2.0,0,5
492,11,Barajas,3147,269000,Piso,3.0,1.0,119.0,2.0,1,5
493,11,Barajas,3147,195000,Piso,3.0,1.0,81.0,1.0,0,5
494,11,Barajas,3147,60000,Piso,,,563.0,,0,5
495,11,Barajas,3147,455000,Piso,3.0,2.0,130.0,6.0,1,5
496,11,Barajas,3147,287330,Ático,2.0,2.0,100.0,3.0,0,5
497,11,Barajas,3147,798900,Casa adosada,4.0,3.0,262.0,,1,5
498,11,Barajas,3147,780000,Casa adosada,7.0,4.0,270.0,,1,5
499,11,Barajas,3147,280000,Piso,2.0,2.0,70.0,2.0,1,5
500,11,Barajas,3147,835000,Casa adosada,5.0,3.0,300.0,,1,5
501,11,Barajas,3147,699000,Casa o chalet,5.0,3.0,413.0,,1,5
502,11,Barajas,3147,780000,Casa adosada,7.0,4.0,270.0,,1,5
503,11,Barajas,3147,796000,Casa o chalet,4.0,3.0,286.0,,1,5
504,11,Barajas,3147,995000,Casa o chalet,5.0,6.0,473.0,,1,5
505,11,Barajas,3147,235000,Piso,3.0,1.0,94.0,2.0,0,5
506,11,Barajas,3147,675000,Piso,3.0,2.0,125.0,7.0,0,5
507,11,Barajas,3147,1390000,Casa adosada,5.0,4.0,340.0,,1,5
508,11,Barajas,3147,526000,Piso,4.0,2.0,107.0,,0,5
509,11,Barajas,3147,90000,Piso,3.0,1.0,42.0,4.0,0,5
510,11,Barajas,3147,780000,Casa adosada,7.0,4.0,270.0,,1,5
511,11,Barajas,3147,780000,Casa adosada,7.0,4.0,270.0,,1,5
512,11,Barajas,3147,94900,Piso,1.0,1.0,31.0,,0,5
513,11,Barajas,3147,399000,Piso,2.0,1.0,106.0,2.0,1,5
514,11,Barajas,3147,625000,Piso,3.0,2.0,107.0,3.0,1,5
515,11,Barajas,3147,275000,Piso,2.0,2.0,70.0,1.0,1,5
516,11,Barajas,3147,345000,Piso,3.0,2.0,109.0,1.0,1,5
517,11,Barajas,3147,290000,Piso,1.0,1.0,56.0,2.0,1,5
518,11,Barajas,3147,780000,Piso,3.0,3.0,176.0,,1,5
519,11,Barajas,3147,360000,Piso,2.0,1.0,70.0,2.0,0,5
520,11,Barajas,3147,780000,Casa adosada,7.0,4.0,270.0,,1,5
521,11,Barajas,3147,780000,Casa adosada,7.0,4.0,270.0,,1,5
522,11,Barajas,3147,800000,Piso,3.0,2.0,128.0,1.0,0,5
523,11,Barajas,3147,1545000,Casa adosada,5.0,5.0,384.0,,1,5
524,11,Barajas,3147,270000,Piso,1.0,1.0,54.0,,0,5
525,11,Barajas,3147,350000,Piso,1.0,1.0,58.0,2.0,0,5
526,11,Barajas,3147,220000,Piso,3.0,1.0,82.0,1.0,0,5
527,11,Barajas,3147,780000,Casa adosada,7.0,4.0,270.0,,1,5
528,11,Barajas,3147,159000,Piso,1.0,1.0,62.0,2.0,1,5
529,11,Barajas,3147,194000,Piso,3.0,1.0,74.0,2.0,0,5
530,11,Barajas,3147,389000,Piso,3.0,2.0,110.0,,1,5
531,11,Barajas,3147,898000,Piso,3.0,2.0,138.0,5.0,0,5
532,11,Barajas,3147,780000,Casa adosada,7.0,4.0,270.0,,1,5
533,11,Barajas,3147,195000,Piso,3.0,1.0,90.0,6.0,0,5
534,11,Barajas,3147,565000,Piso,3.0,2.0,160.0,1.0,0,5
535,11,Barajas,3147,780000,Casa adosada,7.0,4.0,270.0,,1,5
536,11,Barajas,3147,260000,Piso,1.0,1.0,80.0,1.0,0,5
537,11,Barajas,3147,690000,Ático,3.0,2.0,153.0,6.0,1,5
538,11,Barajas,3147,250000,Piso,3.0,3.0,100.0,1.0,0,5
539,11,Barajas,3147,177000,Piso,3.0,1.0,87.0,4.0,0,5
540,11,Barajas,3147,295000,Piso,2.0,2.0,89.0,5.0,1,5
541,11,Barajas,3147,650000,Casa adosada,4.0,4.0,326.0,,1,5
542,11,Barajas,3147,780000,Casa adosada,7.0,4.0,270.0,,1,5
543,11,Barajas,3147,715000,Casa o chalet,5.0,4.0,233.0,,1,5
544,11,Barajas,3147,480000,Piso,3.0,1.0,110.0,3.0,0,5
545,11,Barajas,3147,185000,Piso,1.0,1.0,52.0,,0,5
546,11,Barajas,3147,780000,Casa adosada,7.0,4.0,270.0,,1,5
547,11,Barajas,3147,220000,Dúplex,1.0,2.0,56.0,,1,5
548,11,Barajas,3147,780000,Casa adosada,7.0,4.0,270.0,,1,5
549,11,Barajas,3147,780000,Casa adosada,7.0,4.0,270.0,,1,5
550,11,Barajas,3147,698000,Casa adosada,5.0,4.0,324.0,,1,5
551,11,Barajas,3147,780000,Casa adosada,7.0,4.0,270.0,,1,5
552,11,Barajas,3147,820000,Casa adosada,5.0,3.0,297.0,,1,5
553,11,Barajas,3147,780000,Casa adosada,7.0,4.0,270.0,,1,5
554,11,Barajas,3147,780000,Casa adosada,7.0,4.0,270.0,,1,5
555,11,Barajas,3147,1750000,Piso,3.0,3.0,170.0,1.0,0,5
556,11,Barajas,3147,780000,Casa adosada,7.0,4.0,270.0,,1,5
557,11,Barajas,3147,780000,Casa adosada,3.0,3.0,270.0,,0,5
558,11,Barajas,3147,750000,Piso,2.0,2.0,107.0,2.0,1,5
559,11,Barajas,3147,255000,Piso,1.0,1.0,61.0,4.0,1,5
560,11,Barajas,3147,139000,Piso,2.0,1964.0,55.0,1.0,0,5
561,11,Barajas,3147,625000,Piso,3.0,2.0,123.0,6.0,1,5
562,11,Barajas,3147,3850000,Casa o chalet,8.0,5.0,1060.0,,1,5
563,11,Barajas,3147,780000,Casa adosada,7.0,4.0,270.0,,1,5
564,11,Barajas,3147,780000,Casa adosada,7.0,4.0,270.0,,1,5
565,11,Barajas,3147,567000,Piso,4.0,2.0,158.0,,1,5
566,11,Barajas,3147,780000,Casa adosada,7.0,4.0,270.0,,1,5
567,11,Barajas,3147,357900,Piso,3.0,2.0,132.0,1.0,0,5
568,11,Barajas,3147,334250,Ático,1.0,2.0,53.0,4.0,0,5
569,11,Barajas,3147,780000,Casa adosada,7.0,4.0,270.0,,1,5
570,11,Barajas,3147,178000,Piso,3.0,1.0,59.0,1.0,0,5
571,11,Barajas,3147,140000,Piso,2.0,1.0,52.0,4.0,0,5
572,11,Barajas,3147,2800000,Casa o chalet,5.0,6.0,788.0,,1,5
573,11,Barajas,3147,460000,Piso,3.0,2.0,125.0,2.0,0,5
574,11,Barajas,3147,280000,Ático,1.0,1.0,47.0,3.0,1,5
575,11,Barajas,3147,238000,Piso,3.0,1.0,69.0,2.0,0,5
576,11,Barajas,3147,898000,Piso,3.0,2.0,138.0,5.0,0,5
577,11,Barajas,3147,819000,Piso,2.0,2.0,165.0,,0,5
578,11,Barajas,3147,350000,Piso,4.0,2.0,138.0,,0,5
579,11,Barajas,3147,575000,Piso,3.0,2.0,122.0,4.0,1,5
580,11,Barajas,3147,650000,Casa adosada,4.0,4.0,348.0,,1,5
581,11,Barajas,3147,262000,Piso,3.0,2.0,92.0,2.0,0,5
582,11,Barajas,3147,780000,Casa adosada,7.0,4.0,270.0,,1,5
583,11,Barajas,3147,299000,Piso,4.0,2.0,127.0,1.0,1,5
584,11,Barajas,3147,440000,Piso,2.0,2.0,104.0,3.0,1,5
585,11,Barajas,3147,435000,Piso,2.0,1.0,61.0,1.0,0,5
586,11,Barajas,3147,120000,Piso,2.0,1.0,42.0,,0,5
587,11,Barajas,3147,1133000,Casa adosada,5.0,6.0,258.0,,1,5
588,11,Barajas,3147,150000,Apartamento,2.0,1.0,27.0,,0,5
589,11,Barajas,3147,105000,Piso,2.0,1.0,51.0,,0,5
590,11,Barajas,3147,59500,Casa o chalet,,1.0,225.0,,0,5
591,11,Barajas,3147,175000,Piso,3.0,1.0,79.0,2.0,0,5
592,11,Barajas,3147,515000,Piso,3.0,2.0,135.0,,1,5
593,11,Barajas,3147,134900,Piso,3.0,1.0,69.0,,0,5
594,11,Barajas,3147,780000,Casa adosada,7.0,4.0,270.0,,1,5
595,11,Barajas,3147,85000,Piso,3.0,1.0,66.0,3.0,0,5
596,11,Barajas,3147,405000,Planta baja,3.0,2.0,115.0,,1,5
597,11,Barajas,3147,425000,Piso,2.0,2.0,105.0,2.0,1,5
598,11,Barajas,3147,780000,Casa adosada,7.0,4.0,270.0,,1,5
599,11,Barajas,3147,270000,Piso,3.0,2.0,103.0,9.0,0,5
600,11,Barajas,3147,185000,Piso,2.0,2.0,96.0,,0,5
601,11,Barajas,3147,130000,Piso,2.0,1.0,51.0,,0,5
602,11,Barajas,3147,459000,Piso,2.0,2.0,99.0,1.0,0,5
603,11,Barajas,3147,258000,Piso,1.0,1.0,54.0,,0,5
604,11,Barajas,3147,898000,Piso,3.0,2.0,138.0,5.0,0,5
605,11,Barajas,3147,148900,Piso,1.0,1.0,37.0,1.0,0,5
606,11,Barajas,3147,94500,Piso,3.0,1.0,65.0,,0,5
607,11,Barajas,3147,450000,Piso,2.0,2.0,115.0,,1,5
608,11,Barajas,3147,185000,Piso,1.0,1.0,48.0,4.0,0,5
609,11,Barajas,3147,148000,Estudio,,1.0,31.0,,1,5
610,11,Barajas,3147,780000,Casa adosada,7.0,4.0,270.0,,1,5
611,11,Barajas,3147,570000,Piso,3.0,3.0,140.0,3.0,0,5
612,11,Barajas,3147,780000,Casa adosada,7.0,4.0,270.0,,1,5
613,11,Barajas,3147,309500,Piso,3.0,2.0,108.0,,1,5
614,11,Barajas,3147,780000,Casa adosada,7.0,4.0,270.0,,1,5
615,11,Barajas,3147,780000,Casa adosada,7.0,4.0,270.0,,1,5
616,11,Barajas,3147,169900,Piso,3.0,1.0,75.0,2.0,0,5
617,11,Barajas,3147,138000,Estudio,,1.0,30.0,3.0,0,5
618,11,Barajas,3147,475000,Piso,2.0,2.0,148.0,2.0,1,5
619,11,Barajas,3147,169000,Piso,2.0,1.0,66.0,,0,5
620,11,Barajas,3147,249000,Piso,3.0,1.0,73.0,,0,5
621,11,Barajas,3147,270000,Piso,3.0,1.0,97.0,4.0,0,5
622,11,Barajas,3147,780000,Casa adosada,7.0,4.0,270.0,,1,5
623,11,Barajas,3147,155000,Estudio,1.0,1.0,31.0,1.0,1,5
624,11,Barajas,3147,780000,Casa adosada,7.0,4.0,270.0,,1,5
625,11,Barajas,3147,1047600,Piso,2.0,2.0,126.0,,1,5
626,11,Barajas,3147,229000,Casa o chalet,4.0,2.0,85.0,,0,5
627,11,Barajas,3147,898000,Piso,3.0,2.0,138.0,5.0,0,5
628,11,Barajas,3147,780000,Casa adosada,7.0,4.0,270.0,,1,5
629,11,Barajas,3147,215000,Ático,1.0,1.0,52.0,3.0,1,5
630,11,Barajas,3147,742000,Casa adosada,4.0,3.0,296.0,,1,5
631,11,Barajas,3147,290000,Piso,2.0,1.0,71.0,,0,5
632,11,Barajas,3147,165000,Piso,3.0,1.0,70.0,3.0,0,5
633,11,Barajas,3147,224000,Piso,2.0,1.0,73.0,4.0,1,5
634,11,Barajas,3147,139990,Piso,2.0,1.0,64.0,7.0,0,5
635,11,Barajas,3147,720000,Casa adosada,3.0,3.0,298.0,,0,5
636,11,Barajas,3147,349000,Piso,3.0,1.0,88.0,1.0,0,5
637,11,Barajas,3147,750000,Casa adosada,3.0,3.0,250.0,,0,5
638,11,Barajas,3147,596000,Casa adosada,5.0,4.0,315.0,,1,5
639,11,Barajas,3147,350900,Piso,1.0,1.0,68.0,2.0,1,5
640,11,Barajas,3147,780000,Casa adosada,7.0,4.0,270.0,,1,5
641,11,Barajas,3147,125000,Piso,3.0,1.0,55.0,,0,5
642,11,Barajas,3147,780000,Casa adosada,7.0,4.0,270.0,,1,5
643,11,Barajas,3147,880000,Casa adosada,5.0,5.0,350.0,,1,5
644,11,Barajas,3147,780000,Casa adosada,7.0,4.0,270.0,,1,5
645,11,Barajas,3147,489000,Piso,3.0,2.0,122.0,3.0,1,5
646,11,Barajas,3147,289500,Piso,2.0,1.0,35.0,5.0,0,5
647,18,Carabanchel,2165,310000,Piso,1.0,1.0,74.0,,1,18
648,18,Carabanchel,2165,129000,Piso,3.0,1.0,67.0,1.0,0,18
649,18,Carabanchel,2165,158000,Piso,1.0,1.0,59.0,2.0,0,18
650,18,Carabanchel,2165,650000,Piso,3.0,3.0,156.0,,1,18
651,18,Carabanchel,2165,93000,Piso,2.0,1.0,55.0,,0,18
652,18,Carabanchel,2165,93000,Piso,2.0,1.0,55.0,,0,18
653,18,Carabanchel,2165,212000,Piso,2.0,1.0,62.0,2.0,0,18
654,18,Carabanchel,2165,135000,Piso,3.0,1.0,65.0,1.0,0,18
655,18,Carabanchel,2165,3300000,Piso,5.0,7.0,319.0,4.0,0,18
656,18,Carabanchel,2165,215000,Piso,2.0,2.0,55.0,,1,18
657,18,Carabanchel,2165,111750,Piso,2.0,1.0,44.0,1.0,0,18
658,18,Carabanchel,2165,449000,Apartamento,1.0,1.0,68.0,5.0,0,18
659,18,Carabanchel,2165,200000,Piso,2.0,2.0,42.0,,1,18
660,18,Carabanchel,2165,72900,Piso,3.0,1.0,60.0,3.0,0,18
661,18,Carabanchel,2165,152000,Piso,2.0,1.0,89.0,2.0,0,18
662,18,Carabanchel,2165,330000,Piso,3.0,2.0,76.0,5.0,1,18
663,18,Carabanchel,2165,275000,Piso,2.0,1.0,64.0,3.0,0,18
664,18,Carabanchel,2165,1349000,Piso,6.0,2.0,260.0,,0,18
665,18,Carabanchel,2165,85000,Piso,1.0,1.0,51.0,,0,18
666,18,Carabanchel,2165,169000,Piso,2.0,1.0,63.0,2.0,0,18
667,18,Carabanchel,2165,402900,Piso,3.0,1.0,86.0,1.0,0,18
668,18,Carabanchel,2165,217000,Piso,,,95.0,,0,18
669,18,Carabanchel,2165,135000,Piso,2.0,1.0,54.0,,0,18
670,18,Carabanchel,2165,178500,Piso,3.0,2.0,109.0,,0,18
671,18,Carabanchel,2165,130975,Piso,3.0,1.0,64.0,,0,18
672,18,Carabanchel,2165,150000,Piso,2.0,1.0,60.0,,0,18
673,18,Carabanchel,2165,120000,Piso,3.0,1.0,58.0,,0,18
674,18,Carabanchel,2165,140000,Piso,3.0,1.0,82.0,8.0,0,18
675,18,Carabanchel,2165,185000,Piso,2.0,1.0,68.0,1.0,0,18
676,18,Carabanchel,2165,251500,Piso,2.0,3.0,169.0,1.0,0,18
677,18,Carabanchel,2165,125000,Piso,3.0,1.0,60.0,1.0,0,18
678,18,Carabanchel,2165,159900,Piso,2.0,1.0,63.0,4.0,0,18
679,18,Carabanchel,2165,115000,Piso,2.0,1.0,55.0,2.0,0,18
680,18,Carabanchel,2165,93000,Piso,2.0,1.0,55.0,,0,18
681,18,Carabanchel,2165,179000,Piso,1.0,1.0,51.0,1.0,1,18
682,18,Carabanchel,2165,166500,Piso,3.0,1.0,83.0,2.0,0,18
683,18,Carabanchel,2165,136570,Piso,3.0,1.0,56.0,,0,18
684,18,Carabanchel,2165,108000,Piso,3.0,1.0,68.0,4.0,0,18
685,18,Carabanchel,2165,85000,Piso,1.0,1.0,51.0,,0,18
686,18,Carabanchel,2165,85000,Piso,1.0,1.0,51.0,,0,18
687,18,Carabanchel,2165,119000,Piso,2.0,1.0,42.0,2.0,0,18
688,18,Carabanchel,2165,300000,Piso,3.0,2.0,110.0,5.0,0,18
689,18,Carabanchel,2165,429000,Piso,2.0,2.0,99.0,2.0,1,18
690,18,Carabanchel,2165,93000,Piso,2.0,1.0,55.0,,0,18
691,18,Carabanchel,2165,137500,Piso,3.0,1.0,80.0,3.0,0,18
692,18,Carabanchel,2165,111000,Piso,2.0,1.0,56.0,2.0,0,18
693,18,Carabanchel,2165,215000,Piso,2.0,2.0,55.0,,1,18
694,18,Carabanchel,2165,176500,Piso,2.0,1.0,84.0,2.0,0,18
695,18,Carabanchel,2165,120000,Piso,1.0,1.0,43.0,2.0,0,18
696,18,Carabanchel,2165,299000,Piso,4.0,2.0,163.0,3.0,0,18
697,18,Carabanchel,2165,107000,Piso,2.0,1.0,57.0,,0,18
698,18,Carabanchel,2165,685000,Piso,3.0,3.0,121.0,2.0,0,18
699,18,Carabanchel,2165,93000,Piso,2.0,1.0,55.0,,0,18
700,18,Carabanchel,2165,162000,Piso,2.0,2.0,82.0,,0,18
701,18,Carabanchel,2165,172000,Piso,3.0,2.0,80.0,4.0,0,18
702,18,Carabanchel,2165,280000,Piso,2.0,2.0,35.0,,1,18
703,18,Carabanchel,2165,88500,Piso,3.0,1.0,62.0,,0,18
704,18,Carabanchel,2165,718000,Piso,4.0,1.0,150.0,1.0,0,18
705,18,Carabanchel,2165,123000,Piso,2.0,1.0,52.0,2.0,0,18
706,18,Carabanchel,2165,139000,Piso,3.0,1.0,75.0,2.0,0,18
707,18,Carabanchel,2165,166500,Piso,3.0,1.0,83.0,2.0,0,18
708,18,Carabanchel,2165,170000,Piso,2.0,1.0,62.0,1.0,0,18
709,18,Carabanchel,2165,389000,Piso,,,59.0,,0,18
710,18,Carabanchel,2165,215000,Piso,2.0,2.0,55.0,,1,18
711,18,Carabanchel,2165,3241600,Casa o chalet,6.0,7.0,1282.0,,0,18
712,18,Carabanchel,2165,129000,Piso,3.0,1.0,67.0,1.0,0,18
713,18,Carabanchel,2165,79500,Piso,2.0,1.0,48.0,,0,18
714,18,Carabanchel,2165,295000,Piso,3.0,2.0,103.0,1.0,1,18
715,18,Carabanchel,2165,200000,Piso,2.0,2.0,42.0,,1,18
716,18,Carabanchel,2165,166500,Piso,3.0,1.0,83.0,2.0,0,18
717,18,Carabanchel,2165,166500,Piso,3.0,1.0,83.0,2.0,0,18
718,18,Carabanchel,2165,110000,Piso,2.0,1.0,50.0,2.0,0,18
719,18,Carabanchel,2165,380000,Piso,3.0,2.0,98.0,,1,18
720,18,Carabanchel,2165,79000,Estudio,1.0,1.0,26.0,,0,18
721,18,Carabanchel,2165,225000,Piso,2.0,1.0,44.0,1.0,0,18
722,18,Carabanchel,2165,141100,Piso,2.0,1.0,77.0,,0,18
723,18,Carabanchel,2165,718000,Piso,4.0,1.0,150.0,1.0,0,18
724,18,Carabanchel,2165,115000,Piso,3.0,1.0,64.0,3.0,0,18
725,18,Carabanchel,2165,159000,Apartamento,,,40.0,,0,18
726,18,Carabanchel,2165,1106770,Piso,2.0,2.0,126.0,9.0,0,18
727,18,Carabanchel,2165,212000,Piso,2.0,1.0,62.0,2.0,0,18
728,18,Carabanchel,2165,151900,Piso,2.0,1.0,52.0,,0,18
729,18,Carabanchel,2165,210000,Casa o chalet,3.0,1.0,117.0,,0,18
730,18,Carabanchel,2165,119000,Piso,3.0,1.0,55.0,2.0,0,18
731,18,Carabanchel,2165,449000,Apartamento,1.0,1.0,68.0,5.0,0,18
732,18,Carabanchel,2165,182000,Piso,1.0,1.0,39.0,5.0,1,18
733,18,Carabanchel,2165,120000,Piso,2.0,1.0,58.0,1.0,0,18
734,18,Carabanchel,2165,240500,Piso,4.0,2.0,117.0,,0,18
735,18,Carabanchel,2165,239000,Piso,3.0,2.0,108.0,1.0,1,18
736,18,Carabanchel,2165,449000,Apartamento,1.0,1.0,68.0,5.0,0,18
737,18,Carabanchel,2165,201423,Piso,3.0,2.0,96.0,1.0,1,18
738,18,Carabanchel,2165,189000,Piso,2.0,1.0,68.0,,0,18
739,18,Carabanchel,2165,449000,Apartamento,1.0,1.0,68.0,5.0,0,18
740,18,Carabanchel,2165,105000,Piso,3.0,1.0,52.0,4.0,0,18
741,18,Carabanchel,2165,79000,Estudio,1.0,1.0,26.0,,0,18
742,18,Carabanchel,2165,150100,Piso,2.0,1.0,74.0,3.0,0,18
743,18,Carabanchel,2165,650000,Piso,3.0,2.0,133.0,3.0,0,18
744,18,Carabanchel,2165,239000,Piso,3.0,1.0,98.0,3.0,0,18
745,18,Carabanchel,2165,115000,Piso,2.0,1.0,60.0,3.0,0,18
746,18,Carabanchel,2165,650000,Piso,4.0,3.0,217.0,3.0,1,18
747,18,Carabanchel,2165,460000,Ático,3.0,2.0,140.0,,1,18
748,18,Carabanchel,2165,450000,Piso,2.0,2.0,143.0,5.0,1,18
749,18,Carabanchel,2165,1400000,Casa adosada,4.0,4.0,250.0,,1,18
750,18,Carabanchel,2165,151500,Piso,3.0,1.0,79.0,2.0,1,18
751,18,Carabanchel,2165,242000,Piso,2.0,1.0,46.0,,0,18
752,18,Carabanchel,2165,690000,Piso,4.0,3.0,141.0,3.0,1,18
753,18,Carabanchel,2165,718000,Piso,4.0,1.0,150.0,1.0,0,18
754,18,Carabanchel,2165,166500,Piso,3.0,1.0,83.0,2.0,0,18
755,18,Carabanchel,2165,718000,Piso,4.0,1.0,150.0,1.0,0,18
756,18,Carabanchel,2165,155000,Piso,2.0,1.0,45.0,4.0,0,18
757,18,Carabanchel,2165,124500,Piso,3.0,1.0,55.0,,0,18
758,18,Carabanchel,2165,169900,Piso,2.0,1.0,68.0,5.0,0,18
759,18,Carabanchel,2165,93000,Piso,2.0,1.0,55.0,,0,18
760,18,Carabanchel,2165,350000,Piso,3.0,1.0,95.0,,0,18
761,18,Carabanchel,2165,210000,Estudio,,1.0,35.0,5.0,1,18
762,18,Carabanchel,2165,650000,Piso,4.0,3.0,184.0,1.0,1,18
763,18,Carabanchel,2165,85000,Piso,1.0,1.0,51.0,,0,18
764,18,Carabanchel,2165,220500,Piso,1.0,1.0,45.0,1.0,0,18
765,18,Carabanchel,2165,192000,Piso,3.0,1.0,68.0,2.0,0,18
766,18,Carabanchel,2165,84000,Piso,3.0,1.0,59.0,,0,18
767,18,Carabanchel,2165,690000,Ático,3.0,2.0,132.0,5.0,1,18
768,18,Carabanchel,2165,122000,Piso,3.0,1.0,66.0,,0,18
769,18,Carabanchel,2165,115000,Piso,3.0,1.0,64.0,3.0,0,18
770,18,Carabanchel,2165,200000,Piso,2.0,2.0,42.0,,1,18
771,18,Carabanchel,2165,718000,Piso,4.0,1.0,150.0,1.0,0,18
772,18,Carabanchel,2165,235000,Piso,1.0,1.0,49.0,,0,18
773,18,Carabanchel,2165,95000,Piso,2.0,1.0,50.0,,0,18
774,18,Carabanchel,2165,449000,Apartamento,1.0,1.0,68.0,5.0,0,18
775,18,Carabanchel,2165,129000,Piso,3.0,1.0,73.0,,0,18
776,18,Carabanchel,2165,93000,Piso,2.0,1.0,55.0,,0,18
777,18,Carabanchel,2165,292000,Piso,2.0,2.0,85.0,,1,18
778,18,Carabanchel,2165,215000,Piso,2.0,2.0,55.0,,1,18
779,18,Carabanchel,2165,379000,Piso,3.0,2.0,140.0,3.0,1,18
780,18,Carabanchel,2165,265000,Piso,3.0,2.0,108.0,1.0,1,18
781,18,Carabanchel,2165,373000,Ático,3.0,2.0,128.0,,1,18
782,18,Carabanchel,2165,162000,Piso,2.0,2.0,82.0,,0,18
783,18,Carabanchel,2165,82000,Piso,2.0,1.0,40.0,,0,18
784,18,Carabanchel,2165,93000,Piso,2.0,1.0,55.0,,0,18
785,18,Carabanchel,2165,132600,Piso,2.0,1.0,78.0,,0,18
786,18,Carabanchel,2165,97650,Piso,2.0,1.0,63.0,4.0,0,18
787,18,Carabanchel,2165,579100,Piso,2.0,2.0,93.0,3.0,0,18
788,18,Carabanchel,2165,221000,Piso,2.0,2.0,70.0,1.0,1,18
789,18,Carabanchel,2165,1300000,Casa adosada,6.0,5.0,596.0,,1,18
790,18,Carabanchel,2165,106000,Piso,3.0,1.0,66.0,2.0,0,18
791,18,Carabanchel,2165,230000,Piso,3.0,1.0,90.0,,0,18
792,18,Carabanchel,2165,99990,Piso,3.0,1.0,61.0,,0,18
793,18,Carabanchel,2165,212000,Piso,2.0,1.0,62.0,2.0,0,18
794,18,Carabanchel,2165,115000,Piso,3.0,1.0,64.0,3.0,0,18
795,18,Carabanchel,2165,260000,Piso,2.0,1.0,60.0,1.0,0,18
796,18,Carabanchel,2165,410000,Piso,3.0,2.0,86.0,,1,18
797,18,Carabanchel,2165,535000,Piso,3.0,2.0,110.0,,0,18
798,18,Carabanchel,2165,596000,Ático,4.0,4.0,186.0,,1,18
799,18,Carabanchel,2165,104000,Piso,2.0,1.0,68.0,3.0,0,18
800,18,Carabanchel,2165,319000,Piso,3.0,2.0,106.0,1.0,1,18
801,18,Carabanchel,2165,120000,Piso,3.0,1.0,60.0,1.0,0,18
802,18,Carabanchel,2165,128000,Piso,3.0,1.0,65.0,,0,18
803,18,Carabanchel,2165,106000,Piso,3.0,1.0,66.0,2.0,0,18
804,18,Carabanchel,2165,450000,Ático,2.0,2.0,95.0,,1,18
805,18,Carabanchel,2165,330000,Piso,3.0,2.0,76.0,5.0,1,18
806,18,Carabanchel,2165,93000,Piso,2.0,1.0,55.0,,0,18
807,18,Carabanchel,2165,135000,Planta baja,1.0,1.0,36.0,,0,18
808,18,Carabanchel,2165,122500,Piso,2.0,1.0,60.0,,0,18
809,18,Carabanchel,2165,590000,Piso,3.0,2.0,134.0,,0,18
810,18,Carabanchel,2165,127500,Estudio,,1.0,49.0,1.0,0,18
811,18,Carabanchel,2165,378000,Piso,4.0,2.0,153.0,1.0,1,18
812,18,Carabanchel,2165,299000,Piso,2.0,1.0,76.0,1.0,0,18
813,18,Carabanchel,2165,155000,Piso,1.0,1.0,52.0,,1,18
814,18,Carabanchel,2165,380000,Piso,2.0,2.0,77.0,5.0,0,18
815,18,Carabanchel,2165,91000,Piso,2.0,1.0,52.0,3.0,0,18
816,18,Carabanchel,2165,162000,Piso,3.0,1.0,77.0,,0,18
817,18,Carabanchel,2165,210000,Piso,2.0,1.0,69.0,1.0,0,18
818,18,Carabanchel,2165,101000,Piso,3.0,1.0,48.0,,0,18
819,18,Carabanchel,2165,4350000,Piso,5.0,5.0,400.0,,0,18
820,18,Carabanchel,2165,239000,Dúplex,3.0,2.0,114.0,5.0,0,18
821,18,Carabanchel,2165,127900,Piso,4.0,1.0,72.0,,0,18
822,18,Carabanchel,2165,215000,Dúplex,2.0,2.0,85.0,,0,18
823,18,Carabanchel,2165,195000,Piso,4.0,1.0,71.0,1.0,0,18
824,18,Carabanchel,2165,2480000,Casa o chalet,3.0,4.0,238.0,,1,18
825,18,Carabanchel,2165,166500,Piso,3.0,1.0,83.0,2.0,0,18
826,18,Carabanchel,2165,180000,Estudio,,1.0,30.0,2.0,0,18
827,18,Carabanchel,2165,91000,Piso,2.0,1.0,51.0,3.0,0,18
828,18,Carabanchel,2165,180000,Estudio,,1.0,30.0,2.0,0,18
829,18,Carabanchel,2165,162000,Piso,2.0,2.0,82.0,,0,18
830,18,Carabanchel,2165,256000,Piso,1.0,1.0,62.0,1.0,1,18
831,18,Carabanchel,2165,230000,Piso,2.0,2.0,80.0,1.0,0,18
832,18,Carabanchel,2165,265000,Piso,4.0,2.0,111.0,,0,18
833,18,Carabanchel,2165,93000,Piso,2.0,1.0,55.0,,0,18
834,18,Carabanchel,2165,110000,Piso,3.0,1.0,60.0,,0,18
835,18,Carabanchel,2165,200000,Piso,2.0,2.0,42.0,,1,18
836,18,Carabanchel,2165,545000,Piso,5.0,1.0,202.0,,0,18
837,18,Carabanchel,2165,239400,Piso,2.0,1.0,49.0,5.0,0,18
838,18,Carabanchel,2165,195000,Piso,2.0,2.0,123.0,,1,18
839,18,Carabanchel,2165,126000,Piso,2.0,1.0,60.0,,0,18
840,18,Carabanchel,2165,113500,Piso,2.0,1.0,60.0,,0,18
841,18,Carabanchel,2165,369900,Piso,4.0,2.0,120.0,,1,18
842,18,Carabanchel,2165,139000,Piso,3.0,1.0,78.0,1.0,0,18
843,18,Carabanchel,2165,285000,Piso,2.0,1.0,70.0,3.0,0,18
844,18,Carabanchel,2165,380000,Piso,1.0,1.0,93.0,3.0,0,18
845,18,Carabanchel,2165,350000,Planta baja,3.0,2.0,133.0,,1,18
846,18,Carabanchel,2165,166500,Piso,3.0,1.0,83.0,2.0,0,18
847,18,Carabanchel,2165,170000,Piso,3.0,1.0,49.0,,0,18
848,18,Carabanchel,2165,267000,Piso,3.0,2.0,113.0,,1,18
849,18,Carabanchel,2165,200000,Piso,2.0,2.0,42.0,,1,18
850,18,Carabanchel,2165,695000,Piso,3.0,2.0,165.0,3.0,1,18
851,18,Carabanchel,2165,620000,Piso,3.0,2.0,128.0,11.0,0,18
852,18,Carabanchel,2165,215000,Piso,3.0,1.0,75.0,,0,18
853,18,Carabanchel,2165,151900,Piso,2.0,1.0,52.0,,0,18
854,18,Carabanchel,2165,185000,Piso,4.0,2.0,145.0,2.0,1,18
855,18,Carabanchel,2165,180000,Estudio,,1.0,30.0,2.0,0,18
856,18,Carabanchel,2165,513600,Piso,1.0,2.0,89.0,1.0,0,18
857,18,Carabanchel,2165,280000,Piso,3.0,2.0,120.0,2.0,1,18
858,18,Carabanchel,2165,99000,Piso,2.0,1.0,54.0,,0,18
859,18,Carabanchel,2165,8600000,Ático,6.0,5.0,800.0,5.0,1,18
860,18,Carabanchel,2165,440000,Piso,3.0,2.0,114.0,2.0,0,18
861,18,Carabanchel,2165,289000,Piso,1.0,1.0,58.0,2.0,0,18
862,18,Carabanchel,2165,795000,Piso,3.0,3.0,179.0,1.0,0,18
863,18,Carabanchel,2165,718000,Piso,4.0,1.0,150.0,1.0,0,18
864,18,Carabanchel,2165,449000,Apartamento,1.0,1.0,68.0,5.0,0,18
865,18,Carabanchel,2165,889000,Piso,4.0,3.0,140.0,7.0,0,18
866,18,Carabanchel,2165,215000,Piso,2.0,2.0,55.0,,1,18
867,18,Carabanchel,2165,690000,Piso,4.0,3.0,141.0,3.0,1,18
868,18,Carabanchel,2165,399990,Piso,2.0,2.0,82.0,,0,18
869,18,Carabanchel,2165,127500,Piso,2.0,1.0,73.0,,0,18
870,18,Carabanchel,2165,212000,Piso,2.0,1.0,62.0,2.0,0,18
871,18,Carabanchel,2165,220000,Piso,1.0,1.0,37.0,3.0,0,18
872,18,Carabanchel,2165,180000,Estudio,,1.0,30.0,2.0,0,18
873,18,Carabanchel,2165,307260,Piso,3.0,2.0,118.0,2.0,1,18
874,18,Carabanchel,2165,139000,Planta baja,3.0,1.0,77.0,1.0,0,18
875,18,Carabanchel,2165,212000,Piso,2.0,1.0,62.0,2.0,0,18
876,18,Carabanchel,2165,180000,Piso,1.0,1.0,46.0,4.0,1,18
877,18,Carabanchel,2165,250000,Piso,4.0,2.0,126.0,3.0,0,18
878,18,Carabanchel,2165,330000,Piso,3.0,2.0,76.0,5.0,1,18
879,18,Carabanchel,2165,89400,Piso,2.0,1.0,89.0,4.0,0,18
880,18,Carabanchel,2165,399000,Piso,2.0,1.0,95.0,1.0,1,18
881,18,Carabanchel,2165,252000,Piso,3.0,1.0,113.0,9.0,0,18
882,18,Carabanchel,2165,93000,Piso,2.0,1.0,55.0,,0,18
883,18,Carabanchel,2165,162000,Piso,2.0,2.0,82.0,,0,18
884,18,Carabanchel,2165,121000,Piso,2.0,1.0,51.0,,0,18
885,18,Carabanchel,2165,320000,Piso,3.0,2.0,115.0,5.0,0,18
886,18,Carabanchel,2165,138000,Piso,1.0,1.0,62.0,,0,18
887,18,Carabanchel,2165,239000,Dúplex,3.0,2.0,114.0,5.0,0,18
888,18,Carabanchel,2165,151900,Piso,2.0,1.0,52.0,,0,18
889,18,Carabanchel,2165,770000,Piso,4.0,2.0,142.0,1.0,1,18
890,18,Carabanchel,2165,141000,Piso,2.0,1.0,77.0,1.0,0,18
891,18,Carabanchel,2165,189000,Estudio,,1.0,52.0,1.0,0,18
892,18,Carabanchel,2165,256000,Piso,3.0,2.0,90.0,1.0,1,18
893,18,Carabanchel,2165,249000,Piso,3.0,2.0,99.0,2.0,1,18
894,18,Carabanchel,2165,200000,Piso,2.0,2.0,42.0,,1,18
895,18,Carabanchel,2165,73440,Piso,1.0,1.0,50.0,3.0,0,18
896,18,Carabanchel,2165,215000,Piso,2.0,2.0,55.0,,1,18
897,18,Carabanchel,2165,169900,Piso,3.0,1.0,70.0,,1,18
898,18,Carabanchel,2165,118000,Piso,2.0,1.0,64.0,4.0,0,18
899,18,Carabanchel,2165,128000,Piso,3.0,2.0,102.0,8.0,0,18
900,18,Carabanchel,2165,169700,Piso,1.0,1.0,67.0,,1,18
901,18,Carabanchel,2165,239000,Dúplex,3.0,2.0,114.0,5.0,0,18
902,18,Carabanchel,2165,156000,Apartamento,1.0,1.0,28.0,1.0,0,18
903,18,Carabanchel,2165,93000,Piso,2.0,1.0,55.0,,0,18
904,18,Carabanchel,2165,155000,Piso,2.0,2.0,75.0,1.0,0,18
905,18,Carabanchel,2165,230000,Piso,3.0,1.0,75.0,,1,18
906,18,Carabanchel,2165,495000,Piso,3.0,2.0,135.0,1.0,0,18
907,18,Carabanchel,2165,151900,Piso,2.0,1.0,52.0,,0,18
908,18,Carabanchel,2165,112824,Piso,3.0,1.0,64.0,,0,18
909,18,Carabanchel,2165,330000,Piso,3.0,2.0,76.0,5.0,1,18
910,18,Carabanchel,2165,1290000,Piso,6.0,4.0,301.0,2.0,1,18
911,18,Carabanchel,2165,449000,Apartamento,1.0,1.0,68.0,5.0,0,18
912,18,Carabanchel,2165,139000,Piso,2.0,1.0,70.0,1.0,0,18
913,18,Carabanchel,2165,106000,Piso,3.0,1.0,66.0,2.0,0,18
914,18,Carabanchel,2165,209900,Piso,3.0,1.0,72.0,3.0,1,18
915,18,Carabanchel,2165,426000,Piso,3.0,1.0,100.0,4.0,0,18
916,18,Carabanchel,2165,132500,Piso,3.0,1.0,73.0,,0,18
917,18,Carabanchel,2165,155000,Piso,2.0,1.0,52.0,,0,18
918,18,Carabanchel,2165,365000,Piso,2.0,2.0,115.0,2.0,1,18
919,18,Carabanchel,2165,250000,Piso,3.0,1.0,80.0,3.0,0,18
920,18,Carabanchel,2165,166500,Piso,3.0,1.0,83.0,2.0,0,18
921,18,Carabanchel,2165,119500,Piso,1.0,1.0,59.0,,0,18
922,18,Carabanchel,2165,93000,Piso,2.0,1.0,55.0,,0,18
923,18,Carabanchel,2165,85000,Piso,1.0,1.0,51.0,,0,18
924,18,Carabanchel,2165,530000,Piso,2.0,2.0,90.0,,0,18
925,18,Carabanchel,2165,212000,Piso,2.0,1.0,62.0,2.0,0,18
926,18,Carabanchel,2165,286600,Piso,1.0,1.0,56.0,2.0,0,18
927,18,Carabanchel,2165,185000,Piso,2.0,1.0,68.0,1.0,0,18
928,18,Carabanchel,2165,151900,Piso,2.0,1.0,52.0,,0,18
929,18,Carabanchel,2165,106000,Piso,3.0,1.0,66.0,2.0,0,18
930,18,Carabanchel,2165,169900,Piso,4.0,2.0,120.0,4.0,0,18
931,18,Carabanchel,2165,348000,Piso,2.0,2.0,102.0,,1,18
932,18,Carabanchel,2165,127050,Piso,3.0,1.0,80.0,3.0,0,18
933,18,Carabanchel,2165,199000,Piso,1.0,1.0,56.0,2.0,0,18
934,18,Carabanchel,2165,219600,Piso,3.0,2.0,90.0,7.0,0,18
935,18,Carabanchel,2165,1950000,Apartamento,2.0,3.0,314.0,,0,18
936,18,Carabanchel,2165,200000,Piso,2.0,2.0,42.0,,1,18
937,18,Carabanchel,2165,85000,Piso,1.0,1.0,51.0,,0,18
938,18,Carabanchel,2165,155000,Ático,1.0,1.0,48.0,6.0,0,18
939,18,Carabanchel,2165,151900,Piso,2.0,1.0,52.0,,0,18
940,18,Carabanchel,2165,449000,Apartamento,1.0,1.0,68.0,5.0,0,18
941,18,Carabanchel,2165,600000,Piso,3.0,2.0,95.0,6.0,1,18
942,18,Carabanchel,2165,930000,Ático,4.0,2.0,175.0,6.0,0,18
943,18,Carabanchel,2165,550000,Piso,3.0,2.0,100.0,,1,18
944,18,Carabanchel,2165,200000,Piso,2.0,2.0,42.0,,1,18
945,18,Carabanchel,2165,718000,Piso,4.0,1.0,150.0,1.0,0,18
946,18,Carabanchel,2165,175000,Piso,3.0,1.0,72.0,1.0,0,18
947,18,Carabanchel,2165,280000,Casa o chalet,6.0,3.0,174.0,,0,18
948,18,Carabanchel,2165,106000,Piso,3.0,1.0,66.0,2.0,0,18
949,18,Carabanchel,2165,127050,Piso,3.0,1.0,80.0,3.0,0,18
950,18,Carabanchel,2165,150000,Piso,3.0,1.0,60.0,,0,18
951,18,Carabanchel,2165,166500,Piso,3.0,1.0,83.0,2.0,0,18
952,18,Carabanchel,2165,2295000,Casa o chalet,6.0,6.0,737.0,,1,18
953,18,Carabanchel,2165,119999,Piso,3.0,1.0,64.0,,0,18
954,18,Carabanchel,2165,718000,Piso,4.0,1.0,150.0,1.0,0,18
955,18,Carabanchel,2165,190000,Piso,2.0,1.0,62.0,2.0,0,18
956,18,Carabanchel,2165,133000,Piso,2.0,1.0,55.0,2.0,0,18
957,18,Carabanchel,2165,718000,Piso,4.0,1.0,150.0,1.0,0,18
958,18,Carabanchel,2165,249000,Piso,3.0,2.0,99.0,2.0,1,18
959,18,Carabanchel,2165,155000,Piso,1.0,1.0,52.0,,1,18
960,18,Carabanchel,2165,87500,Piso,2.0,1.0,55.0,4.0,0,18
961,18,Carabanchel,2165,125000,Estudio,,1.0,56.0,3.0,0,18
962,18,Carabanchel,2165,93000,Piso,2.0,1.0,55.0,,0,18
963,18,Carabanchel,2165,449000,Apartamento,1.0,1.0,68.0,5.0,0,18
964,18,Carabanchel,2165,93000,Piso,2.0,1.0,55.0,,0,18
965,18,Carabanchel,2165,1150000,Piso,2.0,2.0,116.0,,0,18
966,18,Carabanchel,2165,303000,Piso,3.0,2.0,103.0,1.0,1,18
967,18,Carabanchel,2165,180000,Piso,1.0,1.0,40.0,1.0,0,18
968,18,Carabanchel,2165,449000,Apartamento,1.0,1.0,68.0,5.0,0,18
969,18,Carabanchel,2165,670000,Piso,2.0,2.0,81.0,,0,18
970,18,Carabanchel,2165,449000,Apartamento,1.0,1.0,68.0,5.0,0,18
971,18,Carabanchel,2165,339000,Piso,4.0,2.0,135.0,,1,18
972,18,Carabanchel,2165,139000,Piso,3.0,1.0,75.0,,0,18
973,18,Carabanchel,2165,166500,Piso,3.0,1.0,83.0,2.0,0,18
974,18,Carabanchel,2165,718000,Piso,4.0,1.0,150.0,1.0,0,18
975,18,Carabanchel,2165,120000,Piso,3.0,1.0,79.0,2.0,0,18
976,18,Carabanchel,2165,115000,Piso,3.0,1.0,64.0,,0,18
977,18,Carabanchel,2165,160000,Piso,3.0,1.0,65.0,3.0,0,18
978,18,Carabanchel,2165,718000,Piso,4.0,1.0,150.0,1.0,0,18
979,18,Carabanchel,2165,135000,Piso,3.0,1.0,80.0,5.0,0,18
980,18,Carabanchel,2165,175440,Piso,,,53.0,4.0,0,18
981,18,Carabanchel,2165,188700,Piso,2.0,1.0,60.0,1.0,0,18
982,18,Carabanchel,2165,235000,Piso,2.0,1.0,62.0,,0,18
983,18,Carabanchel,2165,151900,Piso,2.0,1.0,52.0,,0,18
984,18,Carabanchel,2165,500000,Piso,3.0,2.0,195.0,5.0,1,18
985,18,Carabanchel,2165,718000,Piso,4.0,1.0,150.0,1.0,0,18
986,18,Carabanchel,2165,215000,Piso,2.0,2.0,55.0,,1,18
987,18,Carabanchel,2165,93000,Piso,2.0,1.0,55.0,,0,18
988,18,Carabanchel,2165,1450000,Casa o chalet,5.0,5.0,457.0,,1,18
989,18,Carabanchel,2165,239000,Dúplex,3.0,2.0,114.0,5.0,0,18
990,18,Carabanchel,2165,166500,Piso,3.0,1.0,83.0,2.0,0,18
991,18,Carabanchel,2165,155000,Piso,3.0,1.0,82.0,3.0,0,18
992,18,Carabanchel,2165,405000,Piso,5.0,2.0,174.0,1.0,0,18
993,18,Carabanchel,2165,275000,Piso,1.0,1.0,64.0,,0,18
994,18,Carabanchel,2165,529000,Piso,3.0,2.0,154.0,6.0,0,18
995,18,Carabanchel,2165,230000,Piso,4.0,1.0,55.0,2.0,0,18
996,18,Carabanchel,2165,288000,Piso,3.0,2.0,144.0,2.0,1,18
997,18,Carabanchel,2165,162000,Piso,2.0,2.0,82.0,,0,18
998,18,Carabanchel,2165,151900,Piso,2.0,1.0,52.0,,0,18
999,18,Carabanchel,2165,107000,Piso,1.0,1.0,55.0,,0,18
1000,18,Carabanchel,2165,214000,Piso,3.0,1.0,72.0,4.0,0,18
1001,18,Carabanchel,2165,115000,Piso,3.0,2.0,89.0,3.0,0,18
1002,18,Carabanchel,2165,180000,Estudio,,1.0,30.0,2.0,0,18
1003,18,Carabanchel,2165,185000,Piso,2.0,1.0,68.0,1.0,0,18
1004,18,Carabanchel,2165,449000,Apartamento,1.0,1.0,68.0,5.0,0,18
1005,18,Carabanchel,2165,115848,Piso,3.0,1.0,64.0,,0,18
1006,18,Carabanchel,2165,153500,Piso,2.0,1.0,66.0,,0,18
1007,18,Carabanchel,2165,718000,Piso,4.0,1.0,150.0,1.0,0,18
1008,18,Carabanchel,2165,139000,Piso,2.0,1.0,60.0,2.0,0,18
1009,18,Carabanchel,2165,260000,Piso,2.0,2.0,94.0,,0,18
1010,18,Carabanchel,2165,126000,Piso,2.0,1.0,60.0,,0,18
1011,18,Carabanchel,2165,165000,Piso,2.0,1.0,107.0,2.0,0,18
1012,18,Carabanchel,2165,180000,Piso,3.0,1.0,77.0,2.0,0,18
1013,18,Carabanchel,2165,355000,Piso,3.0,2.0,114.0,,0,18
1014,18,Carabanchel,2165,700000,Casa o chalet,4.0,4.0,340.0,,1,18
1015,18,Carabanchel,2165,269000,Ático,1.0,1.0,76.0,4.0,1,18
1016,18,Carabanchel,2165,149500,Piso,3.0,1.0,78.0,,0,18
1017,18,Carabanchel,2165,140000,Piso,3.0,1.0,92.0,,0,18
1018,18,Carabanchel,2165,135000,Piso,3.0,1.0,76.0,4.0,0,18
1019,18,Carabanchel,2165,377000,Piso,2.0,2.0,57.0,6.0,0,18
1020,18,Carabanchel,2165,119900,Piso,3.0,1.0,64.0,,0,18
1021,18,Carabanchel,2165,97000,Piso,1.0,1.0,44.0,,0,18
1022,18,Carabanchel,2165,185200,Piso,,,100.0,,0,18
1023,18,Carabanchel,2165,106000,Piso,3.0,1.0,66.0,2.0,0,18
1024,18,Carabanchel,2165,162000,Piso,2.0,2.0,82.0,,0,18
1025,18,Carabanchel,2165,110000,Piso,2.0,1.0,49.0,1.0,0,18
1026,18,Carabanchel,2165,122000,Piso,2.0,1.0,61.0,6.0,0,18
1027,18,Carabanchel,2165,115000,Piso,3.0,1.0,65.0,1.0,0,18
1028,18,Carabanchel,2165,93000,Piso,2.0,1.0,55.0,,0,18
1029,18,Carabanchel,2165,310000,Piso,3.0,2.0,113.0,1.0,1,18
1030,18,Carabanchel,2165,702000,Piso,3.0,2.0,151.0,8.0,1,18
1031,18,Carabanchel,2165,230000,Piso,2.0,2.0,83.0,1.0,0,18
1032,18,Carabanchel,2165,150000,Piso,2.0,1.0,69.0,1.0,0,18
1033,18,Carabanchel,2165,449000,Apartamento,1.0,1.0,68.0,5.0,0,18
1034,18,Carabanchel,2165,180000,Estudio,,1.0,30.0,2.0,0,18
1035,18,Carabanchel,2165,718000,Piso,4.0,1.0,150.0,1.0,0,18
1036,18,Carabanchel,2165,107935,Estudio,,1.0,40.0,2.0,1,18
1037,18,Carabanchel,2165,185000,Ático,1.0,2.0,68.0,,1,18
1038,18,Carabanchel,2165,139900,Piso,3.0,1.0,66.0,,0,18
1039,18,Carabanchel,2165,104000,Piso,3.0,1.0,60.0,2.0,0,18
1040,18,Carabanchel,2165,175000,Piso,3.0,1.0,73.0,1.0,0,18
1041,18,Carabanchel,2165,330000,Piso,3.0,2.0,76.0,5.0,1,18
1042,18,Carabanchel,2165,126600,Piso,2.0,1.0,67.0,3.0,0,18
1043,18,Carabanchel,2165,190000,Piso,3.0,2.0,90.0,1.0,0,18
1044,18,Carabanchel,2165,2200000,Piso,4.0,4.0,301.0,2.0,0,18
1045,18,Carabanchel,2165,95000,Piso,2.0,1.0,44.0,3.0,0,18
1046,18,Carabanchel,2165,160000,Loft,3.0,1.0,66.0,,0,18
1047,18,Carabanchel,2165,236000,Piso,2.0,1.0,80.0,,0,18
1048,18,Carabanchel,2165,660000,Ático,2.0,1.0,98.0,5.0,0,18
1049,18,Carabanchel,2165,223000,Piso,3.0,2.0,95.0,7.0,1,18
1050,18,Carabanchel,2165,280000,Piso,2.0,2.0,35.0,,1,18
1051,18,Carabanchel,2165,131580,Piso,3.0,1.0,83.0,4.0,0,18
1052,18,Carabanchel,2165,140000,Piso,1.0,1.0,30.0,,0,18
1053,18,Carabanchel,2165,137000,Piso,2.0,1.0,60.0,,0,18
1054,18,Carabanchel,2165,212000,Piso,2.0,1.0,62.0,2.0,0,18
1055,18,Carabanchel,2165,82000,Piso,2.0,1.0,52.0,,0,18
1056,18,Carabanchel,2165,142000,Piso,3.0,1.0,64.0,,0,18
1057,18,Carabanchel,2165,118000,Piso,3.0,1.0,70.0,3.0,0,18
1058,18,Carabanchel,2165,77000,Planta baja,2.0,1.0,52.0,,0,18
1059,18,Carabanchel,2165,212000,Piso,2.0,1.0,62.0,2.0,0,18
1060,18,Carabanchel,2165,110000,Piso,2.0,1.0,78.0,3.0,0,18
1061,18,Carabanchel,2165,645000,Piso,6.0,7.0,149.0,2.0,1,18
1062,18,Carabanchel,2165,150000,Estudio,,1.0,26.0,5.0,0,18
1063,18,Carabanchel,2165,218500,Piso,1.0,1.0,53.0,,0,18
1064,18,Carabanchel,2165,95000,Piso,3.0,1.0,61.0,,0,18
1065,18,Carabanchel,2165,151900,Piso,2.0,1.0,52.0,,0,18
1066,18,Carabanchel,2165,718000,Piso,4.0,1.0,150.0,1.0,0,18
1067,18,Carabanchel,2165,212000,Piso,2.0,1.0,62.0,2.0,0,18
1068,18,Carabanchel,2165,220000,Piso,1.0,1.0,49.0,2.0,0,18
1069,18,Carabanchel,2165,151900,Piso,2.0,1.0,52.0,,0,18
1070,18,Carabanchel,2165,93000,Piso,2.0,1.0,55.0,,0,18
1071,18,Carabanchel,2165,1395000,Piso,4.0,2.0,181.0,1.0,1,18
1072,18,Carabanchel,2165,2200000,Piso,4.0,4.0,315.0,6.0,0,18
1073,18,Carabanchel,2165,718000,Piso,4.0,1.0,150.0,1.0,0,18
1074,18,Carabanchel,2165,221000,Piso,2.0,1.0,90.0,,1,18
1075,18,Carabanchel,2165,350000,Piso,3.0,1.0,82.0,2.0,1,18
1076,18,Carabanchel,2165,135000,Piso,1.0,1.0,40.0,1.0,0,18
1077,18,Carabanchel,2165,119950,Piso,1.0,1.0,57.0,,0,18
1078,18,Carabanchel,2165,166500,Piso,3.0,1.0,83.0,2.0,0,18
1079,18,Carabanchel,2165,330000,Piso,2.0,1.0,83.0,2.0,1,18
1080,18,Carabanchel,2165,215000,Piso,2.0,2.0,55.0,,1,18
1081,18,Carabanchel,2165,449000,Apartamento,1.0,1.0,68.0,5.0,0,18
1082,18,Carabanchel,2165,161200,Piso,3.0,1.0,82.0,4.0,0,18
1083,18,Carabanchel,2165,162000,Piso,3.0,1.0,77.0,,0,18
1084,18,Carabanchel,2165,155000,Piso,2.0,1.0,68.0,6.0,0,18
1085,18,Carabanchel,2165,151900,Piso,2.0,1.0,52.0,,0,18
1086,18,Carabanchel,2165,85000,Piso,1.0,1.0,51.0,,0,18
1087,18,Carabanchel,2165,212000,Piso,2.0,1.0,62.0,2.0,0,18
1088,18,Carabanchel,2165,132000,Piso,3.0,1.0,61.0,,0,18
1089,18,Carabanchel,2165,375000,Piso,1.0,1.0,65.0,4.0,1,18
1090,18,Carabanchel,2165,93000,Piso,2.0,1.0,55.0,,0,18
1091,18,Carabanchel,2165,151900,Piso,2.0,1.0,52.0,,0,18
1092,18,Carabanchel,2165,718000,Piso,4.0,1.0,150.0,1.0,0,18
1093,18,Carabanchel,2165,109999,Piso,2.0,1.0,48.0,1.0,0,18
1094,18,Carabanchel,2165,99900,Piso,1.0,1.0,27.0,2.0,0,18
1095,18,Carabanchel,2165,290000,Piso,1.0,1.0,60.0,1.0,1,18
1096,18,Carabanchel,2165,295000,Piso,3.0,3.0,115.0,,0,18
1097,18,Carabanchel,2165,99000,Piso,1.0,1.0,45.0,,0,18
1098,18,Carabanchel,2165,180000,Estudio,,1.0,30.0,2.0,0,18
1099,18,Carabanchel,2165,760000,Piso,2.0,2.0,130.0,1.0,0,18
1100,18,Carabanchel,2165,324000,Piso,3.0,2.0,85.0,4.0,1,18
1101,18,Carabanchel,2165,166500,Piso,3.0,1.0,83.0,2.0,0,18
1102,18,Carabanchel,2165,650000,Piso,4.0,3.0,190.0,4.0,0,18
1103,18,Carabanchel,2165,125000,Piso,3.0,1.0,65.0,1.0,0,18
1104,18,Carabanchel,2165,166500,Piso,3.0,1.0,83.0,2.0,0,18
1105,18,Carabanchel,2165,115000,Piso,3.0,1.0,64.0,3.0,0,18
1106,18,Carabanchel,2165,212000,Piso,2.0,1.0,62.0,2.0,0,18
1107,18,Carabanchel,2165,105000,Piso,2.0,1.0,52.0,1.0,0,18
1108,18,Carabanchel,2165,330000,Piso,3.0,2.0,76.0,5.0,1,18
1109,18,Carabanchel,2165,200000,Piso,2.0,2.0,42.0,,1,18
1110,18,Carabanchel,2165,215000,Piso,3.0,1.0,76.0,,1,18
1111,18,Carabanchel,2165,145000,Piso,3.0,1.0,75.0,1.0,0,18
1112,18,Carabanchel,2165,210000,Piso,1.0,1.0,52.0,1.0,0,18
1113,18,Carabanchel,2165,178000,Apartamento,1.0,1.0,50.0,,0,18
1114,18,Carabanchel,2165,93000,Piso,2.0,1.0,55.0,,0,18
1115,18,Carabanchel,2165,160000,Piso,3.0,1.0,67.0,2.0,0,18
1116,18,Carabanchel,2165,115000,Piso,3.0,1.0,64.0,,0,18
1117,18,Carabanchel,2165,185000,Piso,2.0,1.0,68.0,1.0,0,18
1118,18,Carabanchel,2165,85000,Piso,1.0,1.0,51.0,,0,18
1119,18,Carabanchel,2165,215000,Piso,2.0,2.0,55.0,,1,18
1120,18,Carabanchel,2165,718000,Piso,4.0,1.0,150.0,1.0,0,18
1121,18,Carabanchel,2165,194100,Piso,1.0,1.0,70.0,3.0,0,18
1122,18,Carabanchel,2165,122990,Piso,3.0,1.0,74.0,3.0,0,18
1123,18,Carabanchel,2165,825000,Piso,3.0,5.0,126.0,3.0,0,18
1124,18,Carabanchel,2165,93000,Piso,2.0,1.0,55.0,,0,18
1125,18,Carabanchel,2165,832000,Piso,5.0,2.0,191.0,4.0,0,18
1126,18,Carabanchel,2165,215000,Piso,2.0,2.0,55.0,,1,18
1127,18,Carabanchel,2165,235000,Piso,4.0,1.0,107.0,4.0,0,18
1128,18,Carabanchel,2165,252900,Piso,2.0,2.0,106.0,,0,18
1129,18,Carabanchel,2165,129000,Piso,3.0,1.0,59.0,3.0,0,18
1130,18,Carabanchel,2165,235000,Piso,3.0,2.0,101.0,1.0,0,18
1131,18,Carabanchel,2165,151900,Piso,2.0,1.0,52.0,,0,18
1132,18,Carabanchel,2165,115000,Piso,3.0,1.0,64.0,3.0,0,18
1133,18,Carabanchel,2165,97300,Piso,2.0,1.0,57.0,,0,18
1134,18,Carabanchel,2165,414900,Casa adosada,5.0,4.0,207.0,,1,18
1135,18,Carabanchel,2165,280000,Piso,2.0,2.0,35.0,,1,18
1136,18,Carabanchel,2165,95000,Piso,1.0,1.0,40.0,1.0,0,18
1137,18,Carabanchel,2165,93000,Piso,2.0,1.0,55.0,,0,18
1138,18,Carabanchel,2165,350000,Piso,4.0,2.0,141.0,6.0,1,18
1139,18,Carabanchel,2165,212000,Piso,2.0,1.0,62.0,2.0,0,18
1140,18,Carabanchel,2165,545000,Finca rústica,5.0,3.0,448.0,,1,18
1141,18,Carabanchel,2165,115000,Piso,3.0,1.0,64.0,3.0,0,18
1142,18,Carabanchel,2165,212000,Piso,2.0,1.0,62.0,2.0,0,18
1143,18,Carabanchel,2165,151900,Piso,2.0,1.0,52.0,,0,18
1144,18,Carabanchel,2165,680000,Piso,1.0,1.0,105.0,,1,18
1145,18,Carabanchel,2165,166500,Piso,3.0,1.0,83.0,2.0,0,18
1146,18,Carabanchel,2165,140890,Piso,2.0,1.0,67.0,,0,18
1147,18,Carabanchel,2165,162000,Piso,2.0,2.0,82.0,,0,18
1148,18,Carabanchel,2165,162000,Piso,2.0,2.0,82.0,,0,18
1149,18,Carabanchel,2165,85000,Piso,1.0,1.0,51.0,,0,18
1150,18,Carabanchel,2165,270000,Piso,2.0,1.0,107.0,4.0,1,18
1151,18,Carabanchel,2165,225000,Piso,3.0,1.0,82.0,2.0,0,18
1152,18,Carabanchel,2165,85000,Piso,1.0,1.0,51.0,,0,18
1153,18,Carabanchel,2165,220000,Piso,2.0,2.0,103.0,3.0,0,18
1154,18,Carabanchel,2165,84460,Piso,1.0,1.0,25.0,,0,18
1155,18,Carabanchel,2165,275000,Piso,1.0,1.0,45.0,3.0,0,18
1156,18,Carabanchel,2165,151900,Piso,2.0,1.0,52.0,,0,18
1157,18,Carabanchel,2165,179000,Piso,3.0,1.0,106.0,2.0,0,18
1158,18,Carabanchel,2165,109000,Piso,3.0,2.0,109.0,,0,18
1159,18,Carabanchel,2165,159000,Piso,3.0,1.0,65.0,3.0,0,18
1160,18,Carabanchel,2165,718000,Piso,4.0,1.0,150.0,1.0,0,18
1161,18,Carabanchel,2165,219000,Piso,2.0,1.0,40.0,2.0,0,18
1162,18,Carabanchel,2165,156000,Piso,4.0,1.0,91.0,4.0,0,18
1163,18,Carabanchel,2165,250000,Piso,2.0,1.0,78.0,,1,18
1164,18,Carabanchel,2165,122000,Piso,3.0,1.0,50.0,,0,18
1165,18,Carabanchel,2165,449000,Apartamento,1.0,1.0,68.0,5.0,0,18
1166,18,Carabanchel,2165,140000,Piso,3.0,1.0,83.0,1.0,0,18
1167,18,Carabanchel,2165,159000,Piso,1.0,1.0,72.0,6.0,1,18
1168,18,Carabanchel,2165,395000,Piso,3.0,2.0,104.0,6.0,0,18
1169,18,Carabanchel,2165,280000,Piso,2.0,2.0,35.0,,1,18
1170,18,Carabanchel,2165,200000,Piso,2.0,2.0,42.0,,1,18
1171,18,Carabanchel,2165,115000,Piso,3.0,2.0,89.0,3.0,0,18
1172,18,Carabanchel,2165,176000,Casa o chalet,4.0,2.0,124.0,,0,18
1173,18,Carabanchel,2165,106000,Piso,3.0,1.0,66.0,2.0,0,18
1174,18,Carabanchel,2165,221000,Piso,2.0,1.0,90.0,,1,18
1175,18,Carabanchel,2165,420000,Apartamento,1.0,1.0,45.0,3.0,0,18
1176,18,Carabanchel,2165,93000,Piso,2.0,1.0,55.0,,0,18
1177,18,Carabanchel,2165,106180,Piso,3.0,1.0,62.0,,0,18
1178,18,Carabanchel,2165,180000,Estudio,,1.0,30.0,2.0,0,18
1179,18,Carabanchel,2165,129000,Loft,1.0,1.0,54.0,,0,18
1180,18,Carabanchel,2165,170000,Piso,2.0,1.0,75.0,,0,18
1181,18,Carabanchel,2165,166500,Piso,3.0,1.0,83.0,2.0,0,18
1182,18,Carabanchel,2165,151900,Piso,2.0,1.0,52.0,,0,18
1183,18,Carabanchel,2165,159000,Piso,3.0,1.0,74.0,9.0,1,18
1184,18,Carabanchel,2165,135000,Piso,2.0,1.0,67.0,1.0,0,18
1185,18,Carabanchel,2165,330000,Piso,3.0,2.0,76.0,5.0,1,18
1186,18,Carabanchel,2165,220000,Apartamento,1.0,1.0,36.0,,0,18
1187,18,Carabanchel,2165,178000,Piso,3.0,1.0,76.0,,0,18
1188,18,Carabanchel,2165,66600,Piso,2.0,1.0,38.0,,0,18
1189,18,Carabanchel,2165,740000,Piso,3.0,2.0,167.0,5.0,0,18
1190,18,Carabanchel,2165,850000,Casa o chalet,5.0,3.0,407.0,,1,18
1191,18,Carabanchel,2165,650000,Ático,1.0,1.0,77.0,6.0,0,18
1192,18,Carabanchel,2165,185000,Piso,2.0,1.0,60.0,6.0,0,18
1193,18,Carabanchel,2165,168000,Piso,1.0,1.0,52.0,,0,18
1194,18,Carabanchel,2165,166500,Piso,3.0,1.0,83.0,2.0,0,18
1195,18,Carabanchel,2165,790000,Casa adosada,6.0,4.0,286.0,,1,18
1196,18,Carabanchel,2165,545000,Piso,4.0,3.0,164.0,,1,18
1197,18,Carabanchel,2165,230000,Dúplex,1.0,1.0,104.0,2.0,1,18
1198,18,Carabanchel,2165,85000,Piso,1.0,1.0,51.0,,0,18
1199,18,Carabanchel,2165,330000,Piso,3.0,2.0,76.0,5.0,1,18
1200,18,Carabanchel,2165,256000,Piso,3.0,2.0,90.0,1.0,1,18
1201,18,Carabanchel,2165,151900,Piso,2.0,1.0,52.0,,0,18
1202,18,Carabanchel,2165,262500,Piso,4.0,2.0,115.0,3.0,0,18
1203,18,Carabanchel,2165,1800000,Piso,2.0,3.0,163.0,7.0,1,18
1204,18,Carabanchel,2165,166500,Piso,3.0,1.0,83.0,2.0,0,18
1205,18,Carabanchel,2165,117000,Piso,3.0,1.0,71.0,1.0,0,18
1206,18,Carabanchel,2165,128500,Piso,2.0,1.0,69.0,,0,18
1207,18,Carabanchel,2165,235000,Piso,2.0,1.0,63.0,2.0,0,18
1208,18,Carabanchel,2165,1150000,Piso,2.0,2.0,128.0,3.0,1,18
1209,18,Carabanchel,2165,215000,Piso,2.0,2.0,55.0,,1,18
1210,18,Carabanchel,2165,106000,Piso,3.0,1.0,66.0,2.0,0,18
1211,18,Carabanchel,2165,85000,Piso,1.0,1.0,51.0,,0,18
1212,18,Carabanchel,2165,146900,Piso,2.0,2.0,68.0,2.0,0,18
1213,18,Carabanchel,2165,210000,Piso,3.0,1.0,70.0,,0,18
1214,18,Carabanchel,2165,104000,Piso,2.0,1.0,55.0,,0,18
1215,18,Carabanchel,2165,449000,Apartamento,1.0,1.0,68.0,5.0,0,18
1216,18,Carabanchel,2165,330000,Piso,3.0,2.0,76.0,5.0,1,18
1217,18,Carabanchel,2165,280000,Piso,2.0,2.0,35.0,,1,18
1218,18,Carabanchel,2165,650000,Piso,7.0,2.0,141.0,1.0,0,18
1219,18,Carabanchel,2165,410000,Piso,3.0,2.0,86.0,2.0,0,18
1220,18,Carabanchel,2165,449000,Apartamento,1.0,1.0,68.0,5.0,0,18
1221,18,Carabanchel,2165,209000,Piso,2.0,1.0,72.0,,0,18
1222,18,Carabanchel,2165,180000,Estudio,,1.0,30.0,2.0,0,18
1223,18,Carabanchel,2165,379000,Piso,3.0,1.0,86.0,3.0,1,18
1224,18,Carabanchel,2165,718000,Piso,4.0,1.0,150.0,1.0,0,18
1225,18,Carabanchel,2165,93000,Piso,2.0,1.0,55.0,,0,18
1226,18,Carabanchel,2165,149000,Piso,3.0,2.0,95.0,,0,18
1227,18,Carabanchel,2165,307000,Casa adosada,3.0,2.0,129.0,,0,18
1228,18,Carabanchel,2165,320000,Piso,1.0,1.0,67.0,,0,18
1229,18,Carabanchel,2165,125000,Piso,3.0,1.0,54.0,4.0,0,18
1230,18,Carabanchel,2165,166500,Piso,3.0,1.0,83.0,2.0,0,18
1231,18,Carabanchel,2165,151900,Piso,2.0,1.0,52.0,,0,18
1232,18,Carabanchel,2165,136570,Piso,3.0,1.0,56.0,,0,18
1233,18,Carabanchel,2165,151900,Piso,2.0,1.0,52.0,,0,18
1234,18,Carabanchel,2165,299000,Piso,3.0,2.0,106.0,1.0,0,18
1235,18,Carabanchel,2165,1395000,Casa o chalet,4.0,5.0,327.0,,1,18
1236,18,Carabanchel,2165,150500,Piso,1.0,1.0,60.0,,0,18
1237,18,Carabanchel,2165,212000,Piso,2.0,1.0,62.0,2.0,0,18
1238,18,Carabanchel,2165,162000,Piso,2.0,2.0,82.0,,0,18
1239,18,Carabanchel,2165,93000,Piso,2.0,1.0,55.0,,0,18
1240,18,Carabanchel,2165,280000,Piso,2.0,2.0,35.0,,1,18
1241,18,Carabanchel,2165,110000,Piso,3.0,1.0,60.0,,0,18
1242,18,Carabanchel,2165,218000,Estudio,,,40.0,2.0,1,18
1243,18,Carabanchel,2165,97000,Piso,2.0,1.0,40.0,,0,18
1244,18,Carabanchel,2165,166500,Piso,3.0,1.0,83.0,2.0,0,18
1245,18,Carabanchel,2165,114000,Piso,3.0,1.0,65.0,4.0,0,18
1246,18,Carabanchel,2165,85000,Piso,1.0,1.0,37.0,,0,18
1247,18,Carabanchel,2165,157000,Piso,3.0,1.0,80.0,4.0,0,18
1248,18,Carabanchel,2165,94000,Piso,,2.0,59.0,,0,18
1249,18,Carabanchel,2165,718000,Piso,4.0,1.0,150.0,1.0,0,18
1250,18,Carabanchel,2165,162000,Piso,3.0,2.0,92.0,1.0,0,18
1251,18,Carabanchel,2165,180000,Estudio,,1.0,30.0,2.0,0,18
1252,18,Carabanchel,2165,160000,Piso,3.0,1.0,84.0,2.0,0,18
1253,18,Carabanchel,2165,4350000,Piso,5.0,6.0,404.0,2.0,0,18
1254,18,Carabanchel,2165,166500,Piso,3.0,1.0,83.0,2.0,0,18
1255,18,Carabanchel,2165,449000,Apartamento,1.0,1.0,68.0,5.0,0,18
1256,18,Carabanchel,2165,209000,Piso,2.0,2.0,85.0,1.0,0,18
1257,18,Carabanchel,2165,189000,Piso,3.0,2.0,139.0,,1,18
1258,18,Carabanchel,2165,118000,Piso,2.0,1.0,64.0,4.0,0,18
1259,18,Carabanchel,2165,127400,Piso,2.0,1.0,70.0,,0,18
1260,18,Carabanchel,2165,145000,Piso,2.0,1.0,47.0,,0,18
1261,18,Carabanchel,2165,370000,Piso,4.0,1.0,106.0,5.0,0,18
1262,18,Carabanchel,2165,137000,Piso,2.0,1.0,51.0,1.0,0,18
1263,18,Carabanchel,2165,139000,Piso,2.0,1.0,64.0,3.0,0,18
1264,18,Carabanchel,2165,119000,Piso,3.0,1.0,69.0,3.0,0,18
1265,18,Carabanchel,2165,718000,Piso,4.0,1.0,150.0,1.0,0,18
1266,18,Carabanchel,2165,460000,Ático,4.0,2.0,131.0,7.0,0,18
1267,18,Carabanchel,2165,122000,Piso,2.0,1.0,60.0,,0,18
1268,18,Carabanchel,2165,185000,Piso,2.0,1.0,68.0,1.0,0,18
1269,18,Carabanchel,2165,93000,Piso,2.0,1.0,55.0,,0,18
1270,18,Carabanchel,2165,260000,Ático,2.0,2.0,83.0,,1,18
1271,18,Carabanchel,2165,140000,Piso,2.0,1.0,42.0,2.0,0,18
1272,18,Carabanchel,2165,235000,Piso,2.0,1.0,70.0,2.0,1,18
1273,18,Carabanchel,2165,1150000,Ático,3.0,1.0,133.0,6.0,0,18
1274,18,Carabanchel,2165,172500,Piso,1.0,,51.0,8.0,0,18
1275,18,Carabanchel,2165,1500000,Apartamento,3.0,3.0,261.0,,0,18
1276,18,Carabanchel,2165,200000,Piso,2.0,2.0,42.0,,1,18
1277,18,Carabanchel,2165,449000,Apartamento,1.0,1.0,68.0,5.0,0,18
1278,18,Carabanchel,2165,239000,Piso,3.0,1.0,80.0,,0,18
1279,18,Carabanchel,2165,195000,Piso,1.0,1.0,65.0,3.0,1,18
1280,18,Carabanchel,2165,230000,Piso,3.0,2.0,90.0,,0,18
1281,18,Carabanchel,2165,718000,Piso,4.0,1.0,150.0,1.0,0,18
1282,18,Carabanchel,2165,185000,Piso,4.0,2.0,145.0,2.0,1,18
1283,18,Carabanchel,2165,180000,Estudio,,1.0,30.0,2.0,0,18
1284,18,Carabanchel,2165,1060000,Piso,1.0,1.0,215.0,,0,18
1285,18,Carabanchel,2165,106000,Piso,3.0,1.0,66.0,2.0,0,18
1286,18,Carabanchel,2165,93000,Piso,2.0,1.0,55.0,,0,18
1287,18,Carabanchel,2165,93000,Piso,3.0,1.0,65.0,,0,18
1288,18,Carabanchel,2165,260000,Dúplex,2.0,1.0,90.0,,0,18
1289,18,Carabanchel,2165,120000,Estudio,,1.0,60.0,,0,18
1290,18,Carabanchel,2165,330000,Piso,3.0,2.0,76.0,5.0,1,18
1291,18,Carabanchel,2165,718000,Piso,4.0,1.0,150.0,1.0,0,18
1292,18,Carabanchel,2165,280000,Piso,2.0,2.0,35.0,,1,18
1293,18,Carabanchel,2165,215000,Piso,2.0,2.0,55.0,,1,18
1294,18,Carabanchel,2165,200000,Piso,2.0,2.0,42.0,,1,18
1295,18,Carabanchel,2165,135000,Piso,3.0,1.0,72.0,3.0,0,18
1296,18,Carabanchel,2165,79000,Piso,2.0,1.0,52.0,,0,18
1297,18,Carabanchel,2165,196000,Piso,2.0,1.0,71.0,,0,18
1298,18,Carabanchel,2165,162000,Piso,2.0,2.0,82.0,,0,18
1299,18,Carabanchel,2165,285000,Loft,,2.0,74.0,,1,18
1300,18,Carabanchel,2165,85000,Piso,1.0,1.0,51.0,,0,18
1301,18,Carabanchel,2165,260000,Piso,2.0,1.0,77.0,3.0,0,18
1302,18,Carabanchel,2165,239000,Piso,3.0,2.0,101.0,,0,18
1303,18,Carabanchel,2165,160000,Piso,3.0,1.0,88.0,4.0,0,18
1304,18,Carabanchel,2165,1150000,Piso,2.0,3.0,116.0,6.0,0,18
1305,18,Carabanchel,2165,85000,Dúplex,3.0,2.0,66.0,,0,18
1306,18,Carabanchel,2165,315000,Piso,3.0,2.0,100.0,4.0,1,18
1307,18,Carabanchel,2165,875000,Ático,4.0,2.0,122.0,,0,18
1308,18,Carabanchel,2165,630000,Piso,3.0,2.0,120.0,3.0,1,18
1309,18,Carabanchel,2165,190000,Piso,2.0,2.0,69.0,,0,18
1310,18,Carabanchel,2165,141100,Piso,2.0,1.0,77.0,1.0,0,18
1311,18,Carabanchel,2165,239000,Dúplex,3.0,2.0,114.0,5.0,0,18
1312,18,Carabanchel,2165,569000,Casa adosada,3.0,4.0,202.0,,1,18
1313,18,Carabanchel,2165,449000,Piso,1.0,1.0,68.0,5.0,0,18
1314,18,Carabanchel,2165,180000,Estudio,,1.0,30.0,2.0,0,18
1315,18,Carabanchel,2165,100000,Piso,2.0,1.0,48.0,2.0,0,18
1316,18,Carabanchel,2165,93000,Piso,2.0,1.0,55.0,,0,18
1317,18,Carabanchel,2165,718000,Piso,4.0,1.0,150.0,1.0,0,18
1318,18,Carabanchel,2165,449000,Apartamento,1.0,1.0,68.0,5.0,0,18
1319,18,Carabanchel,2165,420000,Piso,2.0,1.0,62.0,2.0,0,18
1320,18,Carabanchel,2165,151900,Piso,2.0,1.0,52.0,,0,18
1321,18,Carabanchel,2165,215000,Piso,2.0,2.0,55.0,,1,18
1322,18,Carabanchel,2165,106000,Piso,3.0,1.0,66.0,2.0,0,18
1323,18,Carabanchel,2165,128000,Piso,2.0,1.0,54.0,2.0,0,18
1324,18,Carabanchel,2165,93000,Piso,2.0,1.0,55.0,,0,18
1325,18,Carabanchel,2165,2400000,Piso,3.0,1.0,319.0,1.0,1,18
1326,18,Carabanchel,2165,239000,Dúplex,3.0,2.0,114.0,5.0,0,18
1327,18,Carabanchel,2165,900000,Piso,6.0,3.0,221.0,2.0,0,18
1328,18,Carabanchel,2165,169000,Piso,2.0,2.0,63.0,2.0,0,18
1329,18,Carabanchel,2165,212000,Piso,2.0,1.0,62.0,2.0,0,18
1330,18,Carabanchel,2165,146900,Piso,2.0,2.0,68.0,2.0,0,18
1331,18,Carabanchel,2165,475000,Piso,4.0,2.0,155.0,,0,18
1332,18,Carabanchel,2165,77000,Piso,,1.0,52.0,,0,18
1333,18,Carabanchel,2165,85000,Piso,1.0,1.0,51.0,,0,18
1334,18,Carabanchel,2165,470000,Piso,4.0,3.0,176.0,3.0,1,18
1335,18,Carabanchel,2165,176000,Piso,3.0,1.0,66.0,,0,18
1336,18,Carabanchel,2165,330000,Piso,3.0,2.0,76.0,5.0,1,18
1337,18,Carabanchel,2165,940000,Piso,5.0,5.0,166.0,1.0,0,18
1338,18,Carabanchel,2165,151900,Piso,2.0,1.0,52.0,,0,18
1339,18,Carabanchel,2165,90000,Piso,3.0,1.0,60.0,2.0,0,18
1340,18,Carabanchel,2165,215000,Piso,2.0,2.0,55.0,,1,18
1341,18,Carabanchel,2165,166500,Piso,3.0,1.0,83.0,2.0,0,18
1342,18,Carabanchel,2165,330000,Piso,3.0,2.0,76.0,5.0,1,18
1343,18,Carabanchel,2165,169000,Piso,4.0,1.0,73.0,1.0,0,18
1344,18,Carabanchel,2165,239000,Piso,2.0,1.0,47.0,1.0,0,18
1345,18,Carabanchel,2165,589000,Piso,4.0,2.0,183.0,1.0,1,18
1346,18,Carabanchel,2165,450000,Piso,2.0,2.0,86.0,1.0,0,18
1347,18,Carabanchel,2165,449000,Apartamento,1.0,1.0,68.0,5.0,0,18
1348,18,Carabanchel,2165,93000,Piso,2.0,1.0,55.0,,0,18
1349,18,Carabanchel,2165,212000,Piso,2.0,1.0,62.0,2.0,0,18
1350,18,Carabanchel,2165,109500,Piso,3.0,1.0,65.0,,0,18
1351,18,Carabanchel,2165,200000,Piso,2.0,2.0,42.0,,1,18
1352,18,Carabanchel,2165,92500,Piso,3.0,1.0,68.0,2.0,0,18
1353,18,Carabanchel,2165,1807400,Casa o chalet,5.0,3.0,696.0,,1,18
1354,18,Carabanchel,2165,200000,Piso,2.0,2.0,42.0,,1,18
1355,18,Carabanchel,2165,139400,Piso,3.0,1.0,120.0,1.0,0,18
1356,18,Carabanchel,2165,138500,Piso,1.0,1.0,57.0,2.0,0,18
1357,18,Carabanchel,2165,718000,Piso,4.0,1.0,150.0,1.0,0,18
1358,18,Carabanchel,2165,115000,Piso,3.0,1.0,74.0,1.0,0,18
1359,18,Carabanchel,2165,162000,Piso,2.0,2.0,82.0,,0,18
1360,18,Carabanchel,2165,189000,Piso,3.0,2.0,94.0,1.0,0,18
1361,18,Carabanchel,2165,85000,Piso,1.0,1.0,51.0,,0,18
1362,18,Carabanchel,2165,166500,Piso,3.0,1.0,83.0,2.0,0,18
1363,18,Carabanchel,2165,85000,Piso,1.0,1.0,51.0,,0,18
1364,18,Carabanchel,2165,124900,Piso,3.0,1.0,70.0,,0,18
1365,18,Carabanchel,2165,140000,Piso,2.0,1.0,62.0,5.0,0,18
1366,18,Carabanchel,2165,151900,Piso,2.0,1.0,52.0,,0,18
1367,18,Carabanchel,2165,215000,Piso,2.0,2.0,55.0,,1,18
1368,18,Carabanchel,2165,280000,Piso,2.0,2.0,35.0,,1,18
1369,18,Carabanchel,2165,200000,Piso,2.0,2.0,42.0,,1,18
1370,18,Carabanchel,2165,164500,Piso,3.0,1.0,80.0,,0,18
1371,18,Carabanchel,2165,320000,Ático,1.0,1.0,91.0,4.0,0,18
1372,18,Carabanchel,2165,115000,Piso,3.0,1.0,64.0,3.0,0,18
1373,18,Carabanchel,2165,718000,Piso,4.0,1.0,150.0,1.0,0,18
1374,18,Carabanchel,2165,247000,Piso,2.0,,133.0,1.0,0,18
1375,18,Carabanchel,2165,349000,Piso,3.0,1.0,77.0,4.0,0,18
1376,18,Carabanchel,2165,105000,Piso,2.0,1.0,60.0,1.0,0,18
1377,18,Carabanchel,2165,143000,Piso,2.0,2.0,61.0,,1,18
1378,18,Carabanchel,2165,106000,Piso,3.0,1.0,66.0,2.0,0,18
1379,18,Carabanchel,2165,185000,Piso,2.0,1.0,68.0,1.0,0,18
1380,18,Carabanchel,2165,125000,Piso,3.0,1.0,88.0,1.0,0,18
1381,18,Carabanchel,2165,330000,Piso,3.0,2.0,76.0,5.0,1,18
1382,18,Carabanchel,2165,108500,Piso,2.0,1.0,59.0,,0,18
1383,18,Carabanchel,2165,140000,Piso,2.0,1.0,78.0,1.0,0,18
1384,18,Carabanchel,2165,280000,Piso,2.0,2.0,35.0,,1,18
1385,18,Carabanchel,2165,113000,Ático,2.0,1.0,82.0,4.0,0,18
1386,18,Carabanchel,2165,172000,Piso,3.0,2.0,134.0,1.0,1,18
1387,18,Carabanchel,2165,215000,Piso,2.0,2.0,55.0,,1,18
1388,18,Carabanchel,2165,106000,Piso,3.0,1.0,66.0,2.0,0,18
1389,18,Carabanchel,2165,166500,Piso,3.0,1.0,83.0,2.0,0,18
1390,18,Carabanchel,2165,280000,Piso,2.0,2.0,35.0,,1,18
1391,18,Carabanchel,2165,245000,Piso,3.0,2.0,120.0,8.0,1,18
1392,18,Carabanchel,2165,166500,Piso,3.0,1.0,83.0,2.0,0,18
1393,18,Carabanchel,2165,166500,Piso,3.0,1.0,83.0,2.0,0,18
1394,18,Carabanchel,2165,122000,Piso,3.0,1.0,91.0,3.0,0,18
1395,18,Carabanchel,2165,212000,Piso,2.0,1.0,62.0,2.0,0,18
1396,18,Carabanchel,2165,745000,Piso,4.0,2.0,158.0,2.0,0,18
1397,18,Carabanchel,2165,479000,Piso,3.0,2.0,139.0,,1,18
1398,18,Carabanchel,2165,130000,Piso,3.0,1.0,64.0,3.0,0,18
1399,18,Carabanchel,2165,135000,Piso,2.0,1.0,67.0,3.0,0,18
1400,18,Carabanchel,2165,280000,Piso,2.0,2.0,35.0,,1,18
1401,18,Carabanchel,2165,99000,Piso,3.0,1.0,55.0,1.0,0,18
1402,18,Carabanchel,2165,144900,Piso,2.0,1.0,55.0,2.0,0,18
1403,18,Carabanchel,2165,131000,Piso,2.0,2.0,53.0,3.0,0,18
1404,18,Carabanchel,2165,233000,Piso,2.0,2.0,65.0,7.0,1,18
1405,18,Carabanchel,2165,329000,Piso,1.0,1.0,63.0,2.0,1,18
1406,18,Carabanchel,2165,212000,Piso,2.0,1.0,62.0,2.0,0,18
1407,18,Carabanchel,2165,280000,Piso,2.0,2.0,35.0,,1,18
1408,18,Carabanchel,2165,180000,Estudio,,1.0,30.0,2.0,0,18
1409,18,Carabanchel,2165,141500,Piso,2.0,1.0,62.0,,0,18
1410,18,Carabanchel,2165,142000,Piso,3.0,1.0,79.0,,0,18
1411,18,Carabanchel,2165,58900,Piso,3.0,2.0,88.0,,0,18
1412,18,Carabanchel,2165,199000,Piso,3.0,1.0,64.0,3.0,0,18
1413,18,Carabanchel,2165,107935,Piso,,1.0,40.0,2.0,1,18
1414,18,Carabanchel,2165,166500,Piso,3.0,1.0,83.0,2.0,0,18
1415,18,Carabanchel,2165,101000,Piso,3.0,1.0,64.0,,0,18
1416,18,Carabanchel,2165,215000,Piso,2.0,2.0,55.0,,1,18
1417,18,Carabanchel,2165,109990,Piso,2.0,1.0,60.0,5.0,0,18
1418,18,Carabanchel,2165,185000,Piso,2.0,1.0,68.0,1.0,0,18
1419,18,Carabanchel,2165,830000,Piso,3.0,3.0,189.0,,0,18
1420,18,Carabanchel,2165,101000,Piso,3.0,1.0,42.0,,0,18
1421,18,Carabanchel,2165,205000,Piso,3.0,2.0,96.0,2.0,1,18
1422,18,Carabanchel,2165,179900,Piso,3.0,1.0,107.0,3.0,0,18
1423,18,Carabanchel,2165,350000,Piso,3.0,2.0,141.0,,0,18
1424,18,Carabanchel,2165,93000,Piso,2.0,1.0,55.0,,0,18
1425,18,Carabanchel,2165,166500,Piso,3.0,1.0,83.0,2.0,0,18
1426,18,Carabanchel,2165,95000,Piso,,2.0,20.0,,0,18
1427,18,Carabanchel,2165,129000,Piso,3.0,1.0,83.0,9.0,0,18
1428,18,Carabanchel,2165,339000,Piso,3.0,2.0,134.0,5.0,1,18
1429,18,Carabanchel,2165,298000,Piso,,1.0,38.0,3.0,0,18
1430,18,Carabanchel,2165,136500,Piso,2.0,1.0,78.0,2.0,0,18
1431,18,Carabanchel,2165,180000,Estudio,,1.0,30.0,2.0,0,18
1432,18,Carabanchel,2165,126000,Piso,2.0,1.0,61.0,,0,18
1433,18,Carabanchel,2165,315000,Piso,3.0,1.0,98.0,4.0,0,18
1434,18,Carabanchel,2165,134000,Piso,2.0,1.0,53.0,4.0,0,18
1435,18,Carabanchel,2165,200000,Piso,2.0,2.0,42.0,,1,18
1436,18,Carabanchel,2165,244800,Piso,4.0,2.0,111.0,3.0,1,18
1437,18,Carabanchel,2165,145000,Ático,1.0,1.0,36.0,3.0,0,18
1438,18,Carabanchel,2165,199000,Piso,3.0,2.0,102.0,,0,18
1439,18,Carabanchel,2165,200000,Piso,2.0,2.0,42.0,,1,18
1440,18,Carabanchel,2165,90000,Estudio,1.0,1.0,15.0,3.0,0,18
1441,18,Carabanchel,2165,1390000,Piso,4.0,4.0,200.0,4.0,0,18
1442,18,Carabanchel,2165,115000,Piso,3.0,1.0,64.0,3.0,0,18
1443,18,Carabanchel,2165,200000,Piso,2.0,2.0,42.0,,1,18
1444,18,Carabanchel,2165,280000,Piso,2.0,2.0,35.0,,1,18
1445,18,Carabanchel,2165,200000,Piso,2.0,2.0,42.0,,1,18
1446,18,Carabanchel,2165,83000,Planta baja,3.0,1.0,52.0,,0,18
1447,18,Carabanchel,2165,198000,Piso,3.0,1.0,69.0,2.0,0,18
1448,18,Carabanchel,2165,718000,Piso,4.0,1.0,150.0,1.0,0,18
1449,18,Carabanchel,2165,1050000,Piso,4.0,2.0,156.0,,0,18
1450,18,Carabanchel,2165,166500,Piso,3.0,1.0,83.0,2.0,0,18
1451,18,Carabanchel,2165,154000,Piso,2.0,1.0,91.0,,0,18
1452,18,Carabanchel,2165,155000,Piso,2.0,1.0,72.0,1.0,0,18
1453,18,Carabanchel,2165,206000,Piso,3.0,1.0,97.0,2.0,0,18
1454,18,Carabanchel,2165,246000,Piso,4.0,1.0,78.0,,0,18
1455,18,Carabanchel,2165,193400,Ático,2.0,1.0,65.0,2.0,0,18
1456,18,Carabanchel,2165,295000,Piso,1.0,1.0,37.0,5.0,0,18
1457,18,Carabanchel,2165,214900,Piso,3.0,2.0,99.0,1.0,0,18
1458,18,Carabanchel,2165,215000,Piso,2.0,2.0,55.0,,1,18
1459,18,Carabanchel,2165,170000,Piso,1.0,1.0,51.0,,1,18
1460,18,Carabanchel,2165,166500,Piso,3.0,1.0,83.0,2.0,0,18
1461,18,Carabanchel,2165,280000,Piso,2.0,2.0,35.0,,1,18
1462,18,Carabanchel,2165,115000,Piso,3.0,1.0,64.0,3.0,0,18
1463,18,Carabanchel,2165,112000,Piso,3.0,1.0,67.0,3.0,0,18
1464,18,Carabanchel,2165,718000,Piso,4.0,1.0,150.0,1.0,0,18
1465,18,Carabanchel,2165,431800,Piso,2.0,2.0,95.0,1.0,0,18
1466,18,Carabanchel,2165,240000,Ático,2.0,1.0,32.0,6.0,0,18
1467,18,Carabanchel,2165,139000,Piso,1.0,1.0,42.0,,0,18
1468,18,Carabanchel,2165,105000,Piso,2.0,1.0,60.0,2.0,0,18
1469,18,Carabanchel,2165,592162,Piso,2.0,2.0,115.0,2.0,1,18
1470,18,Carabanchel,2165,105000,Piso,3.0,1.0,72.0,,0,18
1471,18,Carabanchel,2165,106000,Piso,3.0,1.0,66.0,2.0,0,18
1472,18,Carabanchel,2165,85000,Piso,1.0,1.0,51.0,,0,18
1473,18,Carabanchel,2165,115000,Piso,3.0,1.0,64.0,3.0,0,18
1474,18,Carabanchel,2165,280000,Piso,2.0,2.0,35.0,,1,18
1475,18,Carabanchel,2165,215000,Piso,2.0,2.0,55.0,,1,18
1476,18,Carabanchel,2165,725000,Piso,4.0,2.0,106.0,5.0,0,18
1477,18,Carabanchel,2165,718000,Piso,4.0,1.0,150.0,1.0,0,18
1478,18,Carabanchel,2165,239000,Dúplex,3.0,2.0,114.0,5.0,0,18
1479,18,Carabanchel,2165,185000,Piso,2.0,1.0,68.0,1.0,0,18
1480,18,Carabanchel,2165,450000,Piso,4.0,3.0,129.0,9.0,1,18
1481,18,Carabanchel,2165,143000,Piso,2.0,2.0,62.0,,1,18
1482,18,Carabanchel,2165,93000,Piso,2.0,1.0,55.0,,0,18
1483,18,Carabanchel,2165,166500,Piso,3.0,1.0,83.0,2.0,0,18
1484,18,Carabanchel,2165,93000,Piso,2.0,1.0,55.0,,0,18
1485,18,Carabanchel,2165,85000,Piso,1.0,1.0,51.0,,0,18
1486,18,Carabanchel,2165,110000,Piso,3.0,1.0,66.0,3.0,0,18
1487,18,Carabanchel,2165,212000,Piso,2.0,1.0,62.0,2.0,0,18
1488,18,Carabanchel,2165,449000,Apartamento,1.0,1.0,68.0,5.0,0,18
1489,18,Carabanchel,2165,230000,Dúplex,4.0,3.0,101.0,,0,18
1490,18,Carabanchel,2165,245000,Piso,3.0,1.0,78.0,,0,18
1491,18,Carabanchel,2165,513600,Apartamento,1.0,1.0,90.0,1.0,0,18
1492,18,Carabanchel,2165,435000,Piso,2.0,2.0,113.0,4.0,1,18
1493,18,Carabanchel,2165,151900,Piso,2.0,1.0,52.0,,0,18
1494,18,Carabanchel,2165,330000,Piso,3.0,2.0,76.0,5.0,1,18
1495,18,Carabanchel,2165,126000,Piso,2.0,1.0,50.0,,0,18
1496,18,Carabanchel,2165,108000,Piso,2.0,1.0,54.0,,0,18
1497,18,Carabanchel,2165,185000,Piso,2.0,1.0,68.0,1.0,0,18
1498,18,Carabanchel,2165,150000,Planta baja,2.0,1.0,42.0,,0,18
1499,18,Carabanchel,2165,280000,Piso,2.0,2.0,35.0,,1,18
1500,18,Carabanchel,2165,166500,Piso,3.0,1.0,83.0,2.0,0,18
1501,18,Carabanchel,2165,124500,Piso,3.0,1.0,59.0,,0,18
1502,18,Carabanchel,2165,162000,Piso,2.0,2.0,82.0,,0,18
1503,18,Carabanchel,2165,93000,Piso,2.0,1.0,55.0,,0,18
1504,18,Carabanchel,2165,200000,Piso,2.0,2.0,42.0,,1,18
1505,18,Carabanchel,2165,279000,Piso,2.0,1.0,69.0,1.0,0,18
1506,18,Carabanchel,2165,185000,Piso,2.0,1.0,68.0,1.0,0,18
1507,18,Carabanchel,2165,153000,Piso,3.0,1.0,79.0,,0,18
1508,18,Carabanchel,2165,189000,Piso,3.0,2.0,95.0,1.0,0,18
1509,18,Carabanchel,2165,156300,Piso,1.0,1.0,48.0,1.0,0,18
1510,18,Carabanchel,2165,106000,Piso,3.0,1.0,66.0,2.0,0,18
1511,18,Carabanchel,2165,330000,Piso,3.0,2.0,76.0,5.0,1,18
1512,18,Carabanchel,2165,280000,Piso,2.0,2.0,35.0,,1,18
1513,18,Carabanchel,2165,150000,Piso,2.0,1.0,69.0,,0,18
1514,18,Carabanchel,2165,115000,Piso,3.0,1.0,64.0,3.0,0,18
1515,18,Carabanchel,2165,379000,Piso,3.0,2.0,140.0,3.0,1,18
1516,18,Carabanchel,2165,280000,Piso,2.0,2.0,35.0,,1,18
1517,18,Carabanchel,2165,151900,Piso,2.0,1.0,52.0,,0,18
1518,18,Carabanchel,2165,134500,Piso,3.0,1.0,56.0,,0,18
1519,18,Carabanchel,2165,348000,Piso,3.0,2.0,109.0,4.0,1,18
1520,18,Carabanchel,2165,198000,Piso,3.0,1.0,48.0,,0,18
1521,18,Carabanchel,2165,220000,Piso,3.0,1.0,72.0,4.0,1,18
1522,18,Carabanchel,2165,369000,Piso,2.0,2.0,87.0,2.0,1,18
1523,18,Carabanchel,2165,130000,Piso,1.0,1.0,62.0,2.0,0,18
1524,18,Carabanchel,2165,180000,Estudio,,1.0,30.0,2.0,0,18
1525,18,Carabanchel,2165,377000,Piso,2.0,2.0,57.0,6.0,0,18
1526,18,Carabanchel,2165,95000,Piso,2.0,1.0,59.0,3.0,0,18
1527,18,Carabanchel,2165,614000,Piso,4.0,3.0,165.0,1.0,1,18
1528,18,Carabanchel,2165,240000,Piso,3.0,2.0,100.0,,1,18
1529,18,Carabanchel,2165,110000,Piso,3.0,1.0,77.0,,0,18
1530,18,Carabanchel,2165,180000,Estudio,,1.0,30.0,2.0,0,18
1531,18,Carabanchel,2165,115000,Piso,3.0,1.0,64.0,3.0,0,18
1532,18,Carabanchel,2165,93000,Piso,2.0,1.0,55.0,,0,18
1533,18,Carabanchel,2165,162000,Piso,2.0,2.0,82.0,,0,18
1534,18,Carabanchel,2165,271300,Piso,3.0,1.0,88.0,3.0,0,18
1535,18,Carabanchel,2165,379000,Piso,3.0,1.0,97.0,4.0,0,18
1536,18,Carabanchel,2165,1495000,Piso,3.0,4.0,230.0,,0,18
1537,18,Carabanchel,2165,180000,Piso,2.0,1.0,55.0,,0,18
1538,18,Carabanchel,2165,151900,Piso,2.0,1.0,52.0,,0,18
1539,18,Carabanchel,2165,166500,Piso,3.0,1.0,83.0,2.0,0,18
1540,18,Carabanchel,2165,198000,Piso,4.0,2.0,110.0,3.0,0,18
1541,18,Carabanchel,2165,85000,Piso,1.0,1.0,51.0,,0,18
1542,18,Carabanchel,2165,212000,Piso,2.0,1.0,62.0,2.0,0,18
1543,18,Carabanchel,2165,85000,Piso,1.0,1.0,51.0,,0,18
1544,18,Carabanchel,2165,215000,Piso,2.0,2.0,55.0,,1,18
1545,18,Carabanchel,2165,239000,Dúplex,3.0,2.0,114.0,5.0,0,18
1546,18,Carabanchel,2165,106000,Piso,3.0,1.0,66.0,2.0,0,18
1547,18,Carabanchel,2165,177800,Piso,3.0,2.0,102.0,3.0,0,18
1548,18,Carabanchel,2165,180000,Estudio,,1.0,30.0,2.0,0,18
1549,18,Carabanchel,2165,93000,Piso,2.0,1.0,55.0,,0,18
1550,18,Carabanchel,2165,330000,Piso,3.0,2.0,76.0,5.0,1,18
1551,18,Carabanchel,2165,159900,Piso,3.0,1.0,75.0,1.0,0,18
1552,18,Carabanchel,2165,162000,Piso,2.0,2.0,82.0,,0,18
1553,18,Carabanchel,2165,330000,Piso,3.0,2.0,76.0,5.0,1,18
1554,18,Carabanchel,2165,280000,Piso,2.0,2.0,35.0,,1,18
1555,18,Carabanchel,2165,288500,Piso,2.0,1.0,65.0,,0,18
1556,18,Carabanchel,2165,137500,Piso,3.0,1.0,80.0,3.0,0,18
1557,18,Carabanchel,2165,215000,Piso,2.0,2.0,55.0,,1,18
1558,18,Carabanchel,2165,449000,Apartamento,1.0,1.0,68.0,5.0,0,18
1559,18,Carabanchel,2165,115000,Piso,3.0,1.0,64.0,3.0,0,18
1560,18,Carabanchel,2165,195000,Piso,3.0,2.0,95.0,3.0,1,18
1561,18,Carabanchel,2165,162000,Piso,2.0,2.0,82.0,,0,18
1562,18,Carabanchel,2165,330000,Piso,3.0,2.0,76.0,5.0,1,18
1563,18,Carabanchel,2165,149000,Piso,2.0,1.0,65.0,1.0,0,18
1564,18,Carabanchel,2165,180000,Estudio,,1.0,30.0,2.0,0,18
1565,18,Carabanchel,2165,280000,Piso,2.0,2.0,35.0,,1,18
1566,18,Carabanchel,2165,449000,Apartamento,1.0,1.0,68.0,5.0,0,18
1567,18,Carabanchel,2165,215000,Piso,2.0,2.0,55.0,,1,18
1568,18,Carabanchel,2165,169000,Loft,2.0,2.0,85.0,1.0,1,18
1569,18,Carabanchel,2165,425000,Piso,1.0,2.0,101.0,,0,18
1570,18,Carabanchel,2165,185000,Piso,2.0,1.0,68.0,1.0,0,18
1571,18,Carabanchel,2165,395000,Piso,2.0,2.0,62.0,2.0,1,18
1572,18,Carabanchel,2165,215000,Piso,2.0,2.0,55.0,,1,18
1573,18,Carabanchel,2165,457000,Piso,3.0,2.0,110.0,4.0,0,18
1574,18,Carabanchel,2165,166500,Piso,3.0,1.0,83.0,2.0,0,18
1575,18,Carabanchel,2165,449000,Apartamento,1.0,1.0,68.0,5.0,0,18
1576,18,Carabanchel,2165,315000,Piso,3.0,1.0,65.0,7.0,0,18
1577,18,Carabanchel,2165,166500,Piso,3.0,1.0,83.0,2.0,0,18
1578,18,Carabanchel,2165,180000,Estudio,,1.0,30.0,2.0,0,18
1579,18,Carabanchel,2165,185000,Apartamento,1.0,1.0,38.0,4.0,0,18
1580,18,Carabanchel,2165,101700,Piso,3.0,1.0,63.0,,0,18
1581,18,Carabanchel,2165,515000,Piso,3.0,2.0,126.0,,0,18
1582,18,Carabanchel,2165,765000,Piso,4.0,3.0,128.0,,0,18
1583,18,Carabanchel,2165,330000,Piso,3.0,2.0,76.0,5.0,1,18
1584,18,Carabanchel,2165,119000,Piso,1.0,1.0,56.0,1.0,0,18
1585,18,Carabanchel,2165,151900,Piso,2.0,1.0,52.0,,0,18
1586,18,Carabanchel,2165,718000,Piso,4.0,1.0,150.0,1.0,0,18
1587,18,Carabanchel,2165,200000,Piso,2.0,2.0,42.0,,1,18
1588,18,Carabanchel,2165,175000,Piso,3.0,1.0,72.0,1.0,0,18
1589,18,Carabanchel,2165,212000,Piso,2.0,1.0,62.0,2.0,0,18
1590,18,Carabanchel,2165,280000,Piso,2.0,2.0,35.0,,1,18
1591,18,Carabanchel,2165,124000,Piso,3.0,1.0,70.0,1.0,0,18
1592,18,Carabanchel,2165,200000,Piso,2.0,2.0,42.0,,1,18
1593,18,Carabanchel,2165,799000,Piso,4.0,1.0,147.0,6.0,0,18
1594,18,Carabanchel,2165,465000,Piso,3.0,2.0,105.0,,0,18
1595,18,Carabanchel,2165,650000,Piso,3.0,2.0,116.0,6.0,0,18
1596,18,Carabanchel,2165,109500,Piso,2.0,1.0,52.0,,0,18
1597,18,Carabanchel,2165,151900,Piso,2.0,1.0,52.0,,0,18
1598,18,Carabanchel,2165,84600,Piso,2.0,1.0,49.0,,0,18
1599,18,Carabanchel,2165,280000,Piso,2.0,2.0,35.0,,1,18
1600,18,Carabanchel,2165,138900,Piso,3.0,1.0,88.0,1.0,0,18
1601,18,Carabanchel,2165,93000,Piso,2.0,1.0,55.0,,0,18
1602,18,Carabanchel,2165,83000,Piso,3.0,1.0,52.0,,0,18
1603,18,Carabanchel,2165,145000,Piso,3.0,1.0,57.0,3.0,0,18
1604,18,Carabanchel,2165,225000,Piso,3.0,1.0,119.0,1.0,1,18
1605,18,Carabanchel,2165,161200,Piso,2.0,1.0,82.0,,0,18
1606,18,Carabanchel,2165,93000,Piso,2.0,1.0,55.0,,0,18
1607,18,Carabanchel,2165,180000,Estudio,,1.0,30.0,2.0,0,18
1608,18,Carabanchel,2165,330000,Piso,3.0,2.0,76.0,5.0,1,18
1609,18,Carabanchel,2165,115000,Piso,3.0,1.0,64.0,3.0,0,18
1610,18,Carabanchel,2165,119000,Piso,3.0,1.0,63.0,,0,18
1611,18,Carabanchel,2165,151000,Piso,3.0,1.0,66.0,3.0,0,18
1612,18,Carabanchel,2165,162000,Piso,2.0,2.0,82.0,,0,18
1613,18,Carabanchel,2165,256000,Piso,3.0,1.0,88.0,,0,18
1614,18,Carabanchel,2165,330000,Piso,3.0,2.0,76.0,5.0,1,18
1615,18,Carabanchel,2165,165000,Piso,3.0,1.0,77.0,9.0,0,18
1616,18,Carabanchel,2165,449000,Apartamento,1.0,1.0,68.0,5.0,0,18
1617,18,Carabanchel,2165,145000,Piso,3.0,1.0,75.0,,0,18
1618,18,Carabanchel,2165,215000,Piso,2.0,2.0,55.0,,1,18
1619,18,Carabanchel,2165,165000,Piso,3.0,1.0,80.0,1.0,0,18
1620,18,Carabanchel,2165,179000,Estudio,,1.0,55.0,,0,18
1621,18,Carabanchel,2165,330000,Piso,3.0,2.0,76.0,5.0,1,18
1622,18,Carabanchel,2165,162000,Piso,2.0,2.0,82.0,,0,18
1623,18,Carabanchel,2165,690000,Piso,2.0,3.0,110.0,3.0,0,18
1624,18,Carabanchel,2165,129000,Piso,2.0,1.0,64.0,1.0,0,18
1625,18,Carabanchel,2165,280000,Piso,2.0,2.0,35.0,,1,18
1626,18,Carabanchel,2165,189000,Piso,2.0,1.0,65.0,1.0,0,18
1627,18,Carabanchel,2165,180000,Piso,2.0,2.0,64.0,,0,18
1628,18,Carabanchel,2165,600000,Piso,4.0,3.0,180.0,4.0,0,18
1629,18,Carabanchel,2165,205000,Piso,2.0,1.0,62.0,1.0,0,18
1630,18,Carabanchel,2165,582220,Piso,5.0,4.0,103.0,1.0,0,18
1631,18,Carabanchel,2165,154800,Apartamento,4.0,1.0,102.0,,0,18
1632,18,Carabanchel,2165,120000,Piso,2.0,2.0,51.0,,0,18
1633,18,Carabanchel,2165,93000,Piso,2.0,1.0,55.0,,0,18
1634,18,Carabanchel,2165,3500000,Casa adosada,5.0,7.0,484.0,,1,18
1635,18,Carabanchel,2165,185000,Dúplex,4.0,2.0,134.0,7.0,0,18
1636,4,Centro,4865,139000,Piso,2.0,1.0,70.0,1.0,0,9
1637,4,Centro,4865,690000,Piso,2.0,1.0,82.0,5.0,1,9
1638,4,Centro,4865,230000,Piso,4.0,2.0,97.0,,0,9
1639,4,Centro,4865,440000,Piso,2.0,1.0,139.0,1.0,0,9
1640,4,Centro,4865,299000,Piso,1.0,1.0,67.0,,0,9
1641,4,Centro,4865,749000,Piso,7.0,4.0,209.0,1.0,0,9
1642,4,Centro,4865,159000,Apartamento,1.0,1.0,41.0,1.0,0,9
1643,4,Centro,4865,1300000,Piso,4.0,3.0,252.0,,0,9
1644,4,Centro,4865,395000,Piso,1.0,1.0,77.0,6.0,0,9
1645,4,Centro,4865,165000,Estudio,,1.0,43.0,3.0,0,9
1646,4,Centro,4865,475000,Piso,5.0,2.0,130.0,,0,9
1647,4,Centro,4865,595000,Piso,3.0,2.0,127.0,2.0,0,9
1648,4,Centro,4865,215000,Piso,3.0,1.0,75.0,,0,9
1649,4,Centro,4865,110000,Piso,3.0,1.0,71.0,5.0,0,9
1650,4,Centro,4865,1840000,Piso,3.0,4.0,260.0,4.0,0,9
1651,4,Centro,4865,179000,Apartamento,2.0,1.0,37.0,2.0,0,9
1652,4,Centro,4865,2400000,Piso,3.0,3.0,330.0,4.0,0,9
1653,4,Centro,4865,575000,Piso,2.0,1.0,124.0,1.0,0,9
1654,4,Centro,4865,400000,Piso,1.0,1.0,59.0,1.0,1,9
1655,4,Centro,4865,235000,Piso,1.0,1.0,44.0,1.0,0,9
1656,4,Centro,4865,990000,Piso,3.0,3.0,190.0,,1,9
1657,4,Centro,4865,440000,Piso,2.0,1.0,139.0,1.0,0,9
1658,4,Centro,4865,179000,Piso,3.0,1.0,109.0,3.0,0,9
1659,4,Centro,4865,299000,Piso,1.0,1.0,59.0,2.0,0,9
1660,4,Centro,4865,275000,Piso,1.0,1.0,46.0,1.0,0,9
1661,4,Centro,4865,999000,Piso,5.0,5.0,179.0,,0,9
1662,4,Centro,4865,430000,Piso,2.0,1.0,68.0,4.0,0,9
1663,4,Centro,4865,199000,Apartamento,1.0,1.0,30.0,2.0,0,9
1664,4,Centro,4865,350000,Apartamento,1.0,1.0,72.0,1.0,0,9
1665,4,Centro,4865,265000,Piso,4.0,1.0,134.0,,0,9
1666,4,Centro,4865,299000,Piso,1.0,1.0,59.0,2.0,0,9
1667,4,Centro,4865,1150000,Piso,2.0,2.0,147.0,4.0,0,9
1668,4,Centro,4865,350000,Apartamento,1.0,1.0,72.0,1.0,0,9
1669,4,Centro,4865,435000,Piso,6.0,2.0,110.0,,0,9
1670,4,Centro,4865,410300,Piso,3.0,2.0,116.0,1.0,0,9
1671,4,Centro,4865,179000,Piso,2.0,1.0,53.0,,0,9
1672,4,Centro,4865,150000,Piso,1.0,1.0,78.0,,0,9
1673,4,Centro,4865,245000,Piso,3.0,1.0,70.0,,0,9
1674,4,Centro,4865,275000,Dúplex,2.0,1.0,75.0,5.0,0,9
1675,4,Centro,4865,2500000,Piso,8.0,2.0,318.0,3.0,0,9
1676,4,Centro,4865,110000,Piso,3.0,1.0,68.0,,0,9
1677,4,Centro,4865,370000,Piso,2.0,2.0,115.0,,1,9
1678,4,Centro,4865,46990,Estudio,,1.0,20.0,,0,9
1679,4,Centro,4865,1260000,Piso,4.0,3.0,200.0,,1,9
1680,4,Centro,4865,1770000,Piso,3.0,3.0,320.0,,0,9
1681,4,Centro,4865,275000,Piso,3.0,1.0,100.0,,0,9
1682,4,Centro,4865,279000,Piso,1.0,1.0,98.0,1.0,1,9
1683,4,Centro,4865,530000,Piso,3.0,3.0,138.0,5.0,1,9
1684,4,Centro,4865,2500000,Piso,5.0,2.0,320.0,3.0,0,9
1685,4,Centro,4865,560000,Piso,1.0,2.0,104.0,4.0,0,9
1686,4,Centro,4865,259000,Piso,2.0,1.0,60.0,2.0,0,9
1687,4,Centro,4865,199000,Piso,2.0,1.0,51.0,,0,9
1688,4,Centro,4865,265000,Piso,3.0,1.0,90.0,3.0,0,9
1689,4,Centro,4865,205000,Piso,1.0,1.0,40.0,,0,9
1690,4,Centro,4865,499000,Piso,3.0,2.0,104.0,4.0,1,9
1691,4,Centro,4865,139000,Piso,2.0,1.0,70.0,1.0,0,9
1692,4,Centro,4865,36000,Piso,2.0,1.0,51.0,1.0,0,9
1693,4,Centro,4865,349000,Piso,2.0,2.0,72.0,4.0,0,9
1694,4,Centro,4865,799000,Piso,3.0,3.0,120.0,3.0,0,9
1695,4,Centro,4865,1395000,Piso,3.0,3.0,192.0,4.0,0,9
1696,4,Centro,4865,1150000,Ático,,,140.0,4.0,0,9
1697,4,Centro,4865,299000,Piso,1.0,1.0,59.0,2.0,0,9
1698,4,Centro,4865,199000,Apartamento,1.0,1.0,30.0,2.0,0,9
1699,4,Centro,4865,299000,Loft,,1.0,40.0,,0,9
1700,4,Centro,4865,625000,Piso,3.0,2.0,124.0,2.0,1,9
1701,4,Centro,4865,460000,Piso,2.0,2.0,100.0,,0,9
1702,4,Centro,4865,299000,Piso,1.0,1.0,59.0,2.0,0,9
1703,4,Centro,4865,139000,Piso,2.0,1.0,70.0,1.0,0,9
1704,4,Centro,4865,90000,Piso,2.0,1.0,59.0,,0,9
1705,4,Centro,4865,700000,Piso,2.0,1.0,141.0,4.0,1,9
1706,4,Centro,4865,145000,Piso,1.0,1.0,40.0,,0,9
1707,4,Centro,4865,92000,Piso,3.0,1.0,74.0,4.0,0,9
1708,4,Centro,4865,299000,Piso,1.0,1.0,59.0,2.0,0,9
1709,4,Centro,4865,235000,Estudio,,1.0,42.0,3.0,0,9
1710,4,Centro,4865,1950000,Piso,3.0,2.0,186.0,4.0,0,9
1711,4,Centro,4865,589000,Piso,8.0,2.0,196.0,5.0,0,9
1712,4,Centro,4865,2400000,Piso,3.0,4.0,349.0,4.0,0,9
1713,4,Centro,4865,326000,Piso,3.0,2.0,115.0,3.0,0,9
1714,4,Centro,4865,1090000,Piso,3.0,3.0,248.0,1.0,0,9
1715,4,Centro,4865,365000,Piso,3.0,1.0,87.0,5.0,0,9
1716,4,Centro,4865,690000,Apartamento,2.0,3.0,111.0,3.0,0,9
1717,4,Centro,4865,800000,Piso,3.0,2.0,146.0,2.0,0,9
1718,4,Centro,4865,108000,Piso,2.0,1.0,55.0,,0,9
1719,4,Centro,4865,265000,Piso,4.0,1.0,134.0,,0,9
1720,4,Centro,4865,265000,Piso,4.0,1.0,134.0,,0,9
1721,4,Centro,4865,275000,Piso,3.0,1.0,100.0,,0,9
1722,4,Centro,4865,140000,Piso,3.0,1.0,76.0,,0,9
1723,4,Centro,4865,595000,Piso,3.0,1.0,135.0,4.0,0,9
1724,4,Centro,4865,150000,Piso,1.0,1.0,78.0,,0,9
1725,4,Centro,4865,430000,Piso,1.0,1.0,55.0,2.0,0,9
1726,4,Centro,4865,275000,Piso,3.0,1.0,100.0,,0,9
1727,4,Centro,4865,525000,Piso,2.0,2.0,121.0,4.0,1,9
1728,4,Centro,4865,120000,Piso,2.0,1.0,75.0,1.0,0,9
1729,4,Centro,4865,235000,Estudio,,1.0,42.0,3.0,0,9
1730,4,Centro,4865,270500,Piso,2.0,1.0,62.0,3.0,0,9
1731,4,Centro,4865,133000,Piso,2.0,1.0,55.0,,0,9
1732,4,Centro,4865,127000,Piso,2.0,1.0,55.0,3.0,0,9
1733,4,Centro,4865,440000,Piso,2.0,1.0,139.0,1.0,0,9
1734,4,Centro,4865,430000,Piso,1.0,1.0,55.0,2.0,0,9
1735,4,Centro,4865,235000,Estudio,,1.0,42.0,3.0,0,9
1736,4,Centro,4865,1630000,Casa o chalet,4.0,5.0,443.0,,1,9
1737,4,Centro,4865,315000,Piso,3.0,1.0,65.0,7.0,0,9
1738,4,Centro,4865,749000,Piso,2.0,2.0,123.0,1.0,0,9
1739,4,Centro,4865,440000,Piso,2.0,1.0,139.0,1.0,0,9
1740,4,Centro,4865,240000,Piso,4.0,1.0,100.0,1.0,0,9
1741,4,Centro,4865,595000,Piso,2.0,2.0,83.0,2.0,0,9
1742,4,Centro,4865,825000,Piso,2.0,2.0,116.0,,0,9
1743,4,Centro,4865,1400000,Piso,4.0,4.0,208.0,2.0,1,9
1744,4,Centro,4865,2900000,Dúplex,5.0,3.0,580.0,3.0,1,9
1745,4,Centro,4865,1250000,Piso,8.0,2.0,220.0,2.0,0,9
1746,4,Centro,4865,1300000,Piso,4.0,3.0,252.0,,0,9
1747,4,Centro,4865,199000,Apartamento,1.0,1.0,30.0,2.0,0,9
1748,4,Centro,4865,320000,Piso,3.0,2.0,62.0,1.0,0,9
1749,4,Centro,4865,338000,Piso,1.0,1.0,69.0,3.0,0,9
1750,4,Centro,4865,91000,Piso,2.0,1.0,61.0,,0,9
1751,4,Centro,4865,760000,Piso,2.0,2.0,123.0,1.0,0,9
1752,4,Centro,4865,750000,Piso,3.0,2.0,144.0,,0,9
1753,4,Centro,4865,582220,Piso,5.0,1.0,103.0,1.0,0,9
1754,4,Centro,4865,292330,Piso,1.0,1.0,56.0,2.0,0,9
1755,4,Centro,4865,820000,Piso,2.0,3.0,184.0,4.0,0,9
1756,4,Centro,4865,142559,Piso,3.0,1.0,1.0,,0,9
1757,4,Centro,4865,235000,Estudio,,1.0,42.0,3.0,0,9
1758,4,Centro,4865,82900,Piso,3.0,1.0,57.0,2.0,0,9
1759,4,Centro,4865,195000,Apartamento,1.0,1.0,55.0,,1,9
1760,4,Centro,4865,156000,Piso,2.0,1.0,62.0,3.0,0,9
1761,4,Centro,4865,165000,Piso,3.0,1.0,65.0,3.0,0,9
1762,4,Centro,4865,225000,Piso,3.0,1.0,75.0,1.0,0,9
1763,4,Centro,4865,2200000,Piso,5.0,,270.0,,0,9
1764,4,Centro,4865,199850,Piso,2.0,1.0,53.0,3.0,0,9
1765,4,Centro,4865,299000,Piso,1.0,1.0,59.0,2.0,0,9
1766,4,Centro,4865,630000,Piso,2.0,2.0,131.0,,0,9
1767,4,Centro,4865,152000,Apartamento,1.0,1.0,37.0,3.0,0,9
1768,4,Centro,4865,799000,Piso,3.0,2.0,156.0,2.0,0,9
1769,4,Centro,4865,430000,Piso,1.0,1.0,55.0,2.0,0,9
1770,4,Centro,4865,350000,Apartamento,1.0,1.0,72.0,1.0,0,9
1771,4,Centro,4865,440000,Piso,2.0,1.0,139.0,1.0,0,9
1772,4,Centro,4865,1495000,Ático,,3.0,349.0,,1,9
1773,4,Centro,4865,299000,Piso,1.0,1.0,59.0,2.0,0,9
1774,4,Centro,4865,340000,Piso,3.0,2.0,80.0,,0,9
1775,4,Centro,4865,235000,Estudio,,1.0,42.0,3.0,0,9
1776,4,Centro,4865,275000,Piso,3.0,1.0,100.0,,0,9
1777,4,Centro,4865,150000,Piso,1.0,1.0,78.0,,0,9
1778,4,Centro,4865,490000,Piso,2.0,2.0,68.0,,0,9
1779,4,Centro,4865,189000,Piso,2.0,1.0,50.0,,0,9
1780,4,Centro,4865,760000,Piso,4.0,3.0,164.0,4.0,0,9
1781,4,Centro,4865,940000,Piso,5.0,5.0,135.0,2.0,0,9
1782,4,Centro,4865,275000,Piso,3.0,1.0,100.0,,0,9
1783,4,Centro,4865,718000,Piso,4.0,1.0,150.0,1.0,0,9
1784,4,Centro,4865,245000,Piso,2.0,1.0,65.0,3.0,0,9
1785,4,Centro,4865,235000,Estudio,,1.0,42.0,3.0,0,9
1786,4,Centro,4865,745000,Piso,3.0,3.0,148.0,,0,9
1787,4,Centro,4865,155000,Piso,3.0,1.0,75.0,3.0,0,9
1788,4,Centro,4865,1650000,Casa o chalet,5.0,4.0,243.0,,1,9
1789,4,Centro,4865,295000,Piso,3.0,2.0,93.0,,0,9
1790,4,Centro,4865,1550000,Piso,3.0,4.0,211.0,1.0,0,9
1791,4,Centro,4865,440000,Piso,2.0,1.0,139.0,1.0,0,9
1792,4,Centro,4865,795000,Piso,2.0,2.0,125.0,7.0,1,9
1793,4,Centro,4865,620000,Piso,6.0,2.0,196.0,5.0,0,9
1794,4,Centro,4865,215000,Piso,1.0,1.0,51.0,1.0,1,9
1795,4,Centro,4865,265000,Estudio,,1.0,51.0,1.0,0,9
1796,4,Centro,4865,310000,Piso,3.0,1.0,79.0,4.0,0,9
1797,4,Centro,4865,525872,Ático,3.0,2.0,105.0,4.0,0,9
1798,4,Centro,4865,892754,Piso,2.0,2.0,125.0,2.0,0,9
1799,4,Centro,4865,500000,Dúplex,2.0,4.0,122.0,,0,9
1800,4,Centro,4865,259000,Piso,2.0,2.0,35.0,,1,9
1801,4,Centro,4865,1897000,Piso,3.0,2.0,258.0,,0,9
1802,4,Centro,4865,529000,Piso,2.0,2.0,61.0,3.0,0,9
1803,4,Centro,4865,500000,Piso,1.0,2.0,93.0,1.0,0,9
1804,4,Centro,4865,820000,Ático,4.0,4.0,193.0,,1,9
1805,4,Centro,4865,196000,Casa o chalet,2.0,1.0,71.0,,0,9
1806,4,Centro,4865,399000,Piso,3.0,1.0,111.0,3.0,0,9
1807,4,Centro,4865,315000,Apartamento,2.0,1.0,65.0,,0,9
1808,4,Centro,4865,265000,Piso,4.0,1.0,134.0,,0,9
1809,4,Centro,4865,142000,Apartamento,2.0,1.0,,2.0,0,9
1810,4,Centro,4865,350000,Apartamento,1.0,1.0,72.0,1.0,0,9
1811,4,Centro,4865,265000,Piso,4.0,1.0,134.0,,0,9
1812,4,Centro,4865,1395000,Ático,3.0,3.0,193.0,,0,9
1813,4,Centro,4865,430000,Piso,1.0,1.0,55.0,2.0,0,9
1814,4,Centro,4865,110000,Piso,1.0,1.0,40.0,,0,9
1815,4,Centro,4865,170000,Piso,1.0,1.0,40.0,,0,9
1816,4,Centro,4865,235000,Estudio,,1.0,42.0,3.0,0,9
1817,4,Centro,4865,278000,Piso,2.0,1.0,50.0,5.0,0,9
1818,4,Centro,4865,299000,Piso,1.0,1.0,59.0,2.0,0,9
1819,4,Centro,4865,299000,Piso,1.0,1.0,59.0,2.0,0,9
1820,4,Centro,4865,2200000,Ático,5.0,2.0,179.0,6.0,1,9
1821,4,Centro,4865,259000,Piso,3.0,1.0,73.0,3.0,0,9
1822,4,Centro,4865,385000,Piso,6.0,2.0,134.0,4.0,0,9
1823,4,Centro,4865,430000,Piso,1.0,1.0,55.0,2.0,0,9
1824,4,Centro,4865,170000,Piso,3.0,2.0,108.0,1.0,0,9
1825,4,Centro,4865,165000,Piso,2.0,1.0,65.0,3.0,0,9
1826,4,Centro,4865,299000,Piso,1.0,1.0,59.0,2.0,0,9
1827,4,Centro,4865,340000,Piso,3.0,2.0,89.0,4.0,0,9
1828,4,Centro,4865,870000,Piso,2.0,2.0,103.0,3.0,0,9
1829,4,Centro,4865,1050000,Piso,3.0,3.0,190.0,,0,9
1830,4,Centro,4865,140800,Apartamento,1.0,1.0,56.0,,0,9
1831,4,Centro,4865,265000,Piso,4.0,1.0,134.0,,0,9
1832,4,Centro,4865,265000,Piso,4.0,1.0,134.0,,0,9
1833,4,Centro,4865,163900,Piso,2.0,1.0,46.0,2.0,0,9
1834,4,Centro,4865,275000,Piso,3.0,1.0,100.0,,0,9
1835,4,Centro,4865,204000,Piso,2.0,1.0,49.0,,0,9
1836,4,Centro,4865,298000,Piso,3.0,1.0,87.0,2.0,0,9
1837,4,Centro,4865,670000,Piso,4.0,1.0,107.0,,0,9
1838,4,Centro,4865,1300000,Piso,5.0,5.0,398.0,,1,9
1839,4,Centro,4865,365000,Piso,3.0,1.0,87.0,5.0,0,9
1840,4,Centro,4865,265000,Piso,4.0,1.0,134.0,,0,9
1841,4,Centro,4865,280000,Piso,1.0,1.0,60.0,1.0,0,9
1842,4,Centro,4865,79000,Planta baja,1.0,1.0,65.0,,0,9
1843,4,Centro,4865,199900,Piso,1.0,1.0,55.0,,0,9
1844,4,Centro,4865,268000,Piso,1.0,1.0,50.0,4.0,0,9
1845,4,Centro,4865,1325000,Piso,4.0,4.0,394.0,2.0,1,9
1846,4,Centro,4865,265000,Piso,4.0,1.0,134.0,,0,9
1847,4,Centro,4865,670000,Piso,2.0,2.0,83.0,1.0,0,9
1848,4,Centro,4865,850000,Piso,4.0,2.0,161.0,3.0,0,9
1849,4,Centro,4865,1090000,Piso,3.0,3.0,248.0,1.0,0,9
1850,4,Centro,4865,535000,Ático,1.0,1.0,78.0,5.0,0,9
1851,4,Centro,4865,495000,Casa o chalet,4.0,4.0,183.0,,1,9
1852,4,Centro,4865,290000,Piso,1.0,1.0,80.0,1.0,0,9
1853,4,Centro,4865,2339900,Casa o chalet,7.0,6.0,1245.0,,1,9
1854,4,Centro,4865,235000,Apartamento,1.0,1.0,105.0,,0,9
1855,4,Centro,4865,172000,Piso,1.0,1.0,46.0,,0,9
1856,4,Centro,4865,695000,Piso,2.0,2.0,80.0,2.0,1,9
1857,4,Centro,4865,1300000,Piso,3.0,3.0,175.0,1.0,0,9
1858,4,Centro,4865,143170,Piso,1.0,1.0,83.0,,0,9
1859,4,Centro,4865,718000,Piso,4.0,1.0,150.0,1.0,0,9
1860,4,Centro,4865,285000,Piso,3.0,2.0,76.0,,0,9
1861,4,Centro,4865,625000,Piso,3.0,2.0,129.0,,0,9
1862,4,Centro,4865,170000,Estudio,1.0,1.0,49.0,2.0,0,9
1863,4,Centro,4865,235000,Piso,4.0,2.0,103.0,2.0,0,9
1864,4,Centro,4865,299000,Piso,1.0,1.0,59.0,2.0,0,9
1865,4,Centro,4865,179000,Piso,2.0,1.0,36.0,,0,9
1866,4,Centro,4865,625000,Piso,3.0,2.0,124.0,2.0,1,9
1867,4,Centro,4865,1400000,Ático,3.0,2.0,202.0,5.0,0,9
1868,4,Centro,4865,718000,Piso,4.0,1.0,150.0,1.0,0,9
1869,4,Centro,4865,235000,Estudio,,1.0,42.0,3.0,0,9
1870,4,Centro,4865,240000,Piso,2.0,1.0,74.0,,0,9
1871,4,Centro,4865,132000,Piso,3.0,2.0,80.0,2.0,0,9
1872,4,Centro,4865,605000,Piso,2.0,3.0,123.0,,0,9
1873,4,Centro,4865,1550000,Piso,4.0,3.0,200.0,2.0,0,9
1874,4,Centro,4865,139000,Piso,2.0,1.0,70.0,1.0,0,9
1875,4,Centro,4865,2950000,Dúplex,5.0,6.0,760.0,,1,9
1876,4,Centro,4865,1490000,Piso,8.0,6.0,289.0,1.0,0,9
1877,4,Centro,4865,121000,Piso,2.0,1.0,74.0,,0,9
1878,4,Centro,4865,280000,Loft,1.0,1.0,38.0,1.0,0,9
1879,4,Centro,4865,130000,Piso,3.0,1.0,69.0,,0,9
1880,4,Centro,4865,105000,Piso,3.0,1.0,52.0,4.0,0,9
1881,4,Centro,4865,980000,Piso,3.0,3.0,179.0,1.0,0,9
1882,4,Centro,4865,155000,Estudio,1.0,1.0,40.0,,0,9
1883,4,Centro,4865,14000,Piso,,,98.0,,0,9
1884,4,Centro,4865,450000,Piso,4.0,2.0,136.0,6.0,1,9
1885,4,Centro,4865,625000,Piso,3.0,2.0,124.0,2.0,1,9
1886,4,Centro,4865,380000,Piso,1.0,1.0,63.0,3.0,0,9
1887,4,Centro,4865,680000,Piso,2.0,2.0,114.0,,0,9
1888,4,Centro,4865,235000,Estudio,,1.0,42.0,3.0,0,9
1889,4,Centro,4865,199000,Piso,3.0,1.0,52.0,,0,9
1890,4,Centro,4865,299000,Piso,1.0,1.0,59.0,2.0,0,9
1891,4,Centro,4865,250000,Piso,2.0,1.0,74.0,3.0,0,9
1892,4,Centro,4865,245000,Piso,2.0,1.0,65.0,3.0,0,9
1893,4,Centro,4865,219000,Piso,2.0,1.0,50.0,1.0,0,9
1894,4,Centro,4865,137000,Apartamento,1.0,1.0,26.0,,0,9
1895,4,Centro,4865,230000,Piso,3.0,2.0,96.0,,0,9
1896,4,Centro,4865,1300000,Piso,4.0,3.0,252.0,,0,9
1897,4,Centro,4865,430000,Piso,1.0,1.0,55.0,2.0,0,9
1898,4,Centro,4865,448709,Piso,3.0,2.0,95.0,3.0,0,9
1899,4,Centro,4865,286650,Estudio,1.0,1.0,71.0,1.0,0,9
1900,4,Centro,4865,150000,Piso,1.0,1.0,78.0,,0,9
1901,4,Centro,4865,1349000,Piso,6.0,2.0,260.0,,0,9
1902,4,Centro,4865,190000,Piso,3.0,1.0,60.0,3.0,0,9
1903,4,Centro,4865,120000,Piso,1.0,1.0,36.0,,0,9
1904,4,Centro,4865,2300000,Piso,5.0,4.0,280.0,3.0,1,9
1905,4,Centro,4865,139000,Piso,2.0,1.0,70.0,1.0,0,9
1906,4,Centro,4865,252000,Piso,4.0,2.0,125.0,,0,9
1907,4,Centro,4865,390000,Piso,2.0,2.0,102.0,2.0,1,9
1908,4,Centro,4865,62000,Piso,3.0,1.0,57.0,8.0,0,9
1909,4,Centro,4865,307500,Piso,3.0,1.0,87.0,7.0,0,9
1910,4,Centro,4865,499000,Piso,3.0,2.0,115.0,,0,9
1911,4,Centro,4865,725000,Piso,4.0,3.0,198.0,1.0,0,9
1912,4,Centro,4865,1200000,Piso,3.0,4.0,243.0,1.0,0,9
1913,4,Centro,4865,1300000,Piso,4.0,3.0,252.0,,0,9
1914,4,Centro,4865,220000,Piso,3.0,2.0,82.0,,0,9
1915,4,Centro,4865,269900,Piso,3.0,2.0,100.0,1.0,1,9
1916,4,Centro,4865,235000,Estudio,,1.0,42.0,3.0,0,9
1917,4,Centro,4865,2500000,Casa o chalet,9.0,9.0,640.0,,1,9
1918,4,Centro,4865,98000,Piso,3.0,1.0,53.0,1.0,0,9
1919,4,Centro,4865,718000,Piso,4.0,1.0,150.0,1.0,0,9
1920,4,Centro,4865,430000,Piso,3.0,1.0,110.0,1.0,0,9
1921,4,Centro,4865,150000,Piso,1.0,1.0,78.0,,0,9
1922,4,Centro,4865,1150000,Ático,3.0,2.0,149.0,,1,9
1923,4,Centro,4865,199000,Apartamento,1.0,1.0,30.0,2.0,0,9
1924,4,Centro,4865,125000,Piso,2.0,1.0,63.0,4.0,0,9
1925,4,Centro,4865,268000,Piso,,,45.0,,0,9
1926,4,Centro,4865,750000,Piso,5.0,1.0,196.0,5.0,0,9
1927,4,Centro,4865,2500000,Casa adosada,5.0,,415.0,,0,9
1928,4,Centro,4865,599000,Piso,3.0,2.0,123.0,1.0,0,9
1929,4,Centro,4865,430000,Piso,2.0,1.0,68.0,4.0,0,9
1930,4,Centro,4865,775000,Piso,4.0,2.0,158.0,1.0,0,9
1931,4,Centro,4865,275000,Piso,3.0,1.0,100.0,,0,9
1932,4,Centro,4865,350000,Piso,1.0,1.0,54.0,2.0,0,9
1933,4,Centro,4865,620000,Piso,5.0,2.0,143.0,,1,9
1934,4,Centro,4865,940000,Piso,5.0,5.0,159.0,2.0,1,9
1935,4,Centro,4865,3800000,Piso,5.0,5.0,400.0,4.0,0,9
1936,4,Centro,4865,430000,Piso,1.0,1.0,55.0,2.0,0,9
1937,4,Centro,4865,360000,Piso,2.0,2.0,115.0,,1,9
1938,4,Centro,4865,264500,Dúplex,3.0,2.0,144.0,2.0,0,9
1939,4,Centro,4865,430000,Piso,1.0,1.0,55.0,2.0,0,9
1940,4,Centro,4865,395000,Piso,3.0,1.0,87.0,2.0,0,9
1941,4,Centro,4865,147500,Piso,3.0,1.0,80.0,,0,9
1942,4,Centro,4865,169900,Piso,4.0,2.0,90.0,,0,9
1943,4,Centro,4865,1190000,Piso,5.0,3.0,169.0,,0,9
1944,4,Centro,4865,1800000,Piso,4.0,4.0,228.0,4.0,0,9
1945,4,Centro,4865,560000,Piso,5.0,2.0,148.0,,0,9
1946,4,Centro,4865,180000,Piso,1.0,2.0,35.0,1.0,0,9
1947,4,Centro,4865,1250000,Piso,8.0,2.0,220.0,4.0,0,9
1948,4,Centro,4865,340000,Piso,2.0,2.0,82.0,2.0,0,9
1949,4,Centro,4865,235000,Estudio,,1.0,42.0,3.0,0,9
1950,4,Centro,4865,173000,Piso,3.0,1.0,90.0,5.0,0,9
1951,4,Centro,4865,90000,Piso,2.0,1.0,45.0,1.0,0,9
1952,4,Centro,4865,1250000,Piso,4.0,3.0,287.0,1.0,1,9
1953,4,Centro,4865,1490000,Piso,4.0,4.0,190.0,8.0,0,9
1954,4,Centro,4865,135000,Piso,3.0,1.0,66.0,4.0,0,9
1955,4,Centro,4865,399000,Piso,2.0,1.0,84.0,,0,9
1956,4,Centro,4865,950000,Piso,4.0,2.0,150.0,5.0,0,9
1957,4,Centro,4865,440000,Piso,2.0,1.0,139.0,1.0,0,9
1958,4,Centro,4865,165000,Piso,2.0,1.0,72.0,2.0,0,9
1959,4,Centro,4865,330000,Apartamento,2.0,1.0,65.0,,0,9
1960,4,Centro,4865,799000,Casa o chalet,5.0,3.0,221.0,,1,9
1961,4,Centro,4865,1090000,Piso,3.0,3.0,248.0,1.0,0,9
1962,4,Centro,4865,122500,Piso,3.0,1.0,60.0,1.0,0,9
1963,4,Centro,4865,169900,Piso,3.0,1.0,64.0,4.0,0,9
1964,4,Centro,4865,1090000,Apartamento,2.0,2.0,112.0,,0,9
1965,4,Centro,4865,382000,Piso,4.0,2.0,117.0,,0,9
1966,4,Centro,4865,315000,Piso,3.0,1.0,80.0,1.0,0,9
1967,4,Centro,4865,430000,Piso,1.0,1.0,55.0,2.0,0,9
1968,4,Centro,4865,164000,Piso,1.0,1.0,38.0,,0,9
1969,4,Centro,4865,550000,Piso,3.0,2.0,103.0,6.0,1,9
1970,4,Centro,4865,168000,Piso,1.0,1.0,52.0,,0,9
1971,4,Centro,4865,2990000,Ático,3.0,3.0,358.0,,1,9
1972,4,Centro,4865,319000,Dúplex,2.0,1.0,84.0,,0,9
1973,4,Centro,4865,783000,Piso,3.0,2.0,154.0,,1,9
1974,4,Centro,4865,250000,Piso,1.0,1.0,59.0,2.0,0,9
1975,4,Centro,4865,129000,Piso,3.0,1.0,65.0,3.0,0,9
1976,4,Centro,4865,158100,Loft,1.0,2.0,74.0,1.0,1,9
1977,4,Centro,4865,198000,Piso,1.0,1.0,38.0,4.0,0,9
1978,4,Centro,4865,139000,Piso,2.0,1.0,70.0,1.0,0,9
1979,4,Centro,4865,100000,Piso,2.0,1.0,62.0,3.0,0,9
1980,4,Centro,4865,790000,Piso,3.0,2.0,157.0,,0,9
1981,4,Centro,4865,699000,Piso,,2.0,119.0,2.0,0,9
1982,4,Centro,4865,380000,Piso,2.0,2.0,76.0,,0,9
1983,4,Centro,4865,1425000,Piso,4.0,4.0,203.0,14.0,1,9
1984,4,Centro,4865,275000,Apartamento,1.0,1.0,46.0,2.0,1,9
1985,4,Centro,4865,112000,Piso,1.0,1.0,35.0,2.0,0,9
1986,4,Centro,4865,440000,Piso,2.0,1.0,139.0,1.0,0,9
1987,4,Centro,4865,799000,Piso,3.0,2.0,163.0,5.0,0,9
1988,4,Centro,4865,325000,Apartamento,1.0,1.0,56.0,3.0,0,9
1989,4,Centro,4865,760000,Piso,5.0,4.0,269.0,,1,9
1990,4,Centro,4865,825000,Piso,3.0,2.0,153.0,2.0,0,9
1991,4,Centro,4865,1000000,Piso,,1.0,292.0,,0,9
1992,4,Centro,4865,455000,Ático,3.0,2.0,200.0,5.0,1,9
1993,4,Centro,4865,299000,Piso,1.0,1.0,59.0,2.0,0,9
1994,4,Centro,4865,163500,Piso,3.0,2.0,69.0,,0,9
1995,4,Centro,4865,595000,Piso,3.0,2.0,127.0,2.0,0,9
1996,4,Centro,4865,1090000,Piso,3.0,3.0,248.0,1.0,0,9
1997,4,Centro,4865,430000,Piso,1.0,1.0,55.0,2.0,0,9
1998,4,Centro,4865,275000,Piso,3.0,1.0,100.0,,0,9
1999,4,Centro,4865,265000,Piso,4.0,1.0,134.0,,0,9
2000,4,Centro,4865,255000,Piso,2.0,1.0,65.0,2.0,0,9
2001,4,Centro,4865,235000,Estudio,,1.0,42.0,3.0,0,9
2002,4,Centro,4865,1250000,Dúplex,4.0,4.0,424.0,2.0,1,9
2003,4,Centro,4865,1300000,Piso,4.0,3.0,252.0,,0,9
2004,4,Centro,4865,185000,Loft,1.0,1.0,57.0,,0,9
2005,4,Centro,4865,350000,Apartamento,1.0,1.0,72.0,1.0,0,9
2006,4,Centro,4865,166500,Piso,3.0,1.0,83.0,,0,9
2007,4,Centro,4865,249000,Piso,2.0,,60.0,1.0,0,9
2008,4,Centro,4865,340000,Piso,1.0,1.0,73.0,13.0,0,9
2009,4,Centro,4865,349000,Piso,2.0,2.0,72.0,4.0,0,9
2010,4,Centro,4865,553000,Casa adosada,4.0,4.0,235.0,,1,9
2011,4,Centro,4865,235000,Estudio,,1.0,42.0,3.0,0,9
2012,4,Centro,4865,995000,Piso,2.0,2.0,148.0,,0,9
2013,4,Centro,4865,280000,Piso,4.0,2.0,92.0,,0,9
2014,4,Centro,4865,675000,Piso,3.0,2.0,127.0,5.0,0,9
2015,4,Centro,4865,329000,Piso,1.0,1.0,46.0,1.0,0,9
2016,4,Centro,4865,264900,Piso,3.0,2.0,125.0,2.0,0,9
2017,4,Centro,4865,135500,Piso,3.0,1.0,75.0,,0,9
2018,4,Centro,4865,650000,Piso,3.0,2.0,127.0,,0,9
2019,4,Centro,4865,275000,Piso,3.0,1.0,100.0,,0,9
2020,4,Centro,4865,143000,Planta baja,2.0,1.0,53.0,,1,9
2021,4,Centro,4865,1990000,Piso,4.0,4.0,303.0,6.0,1,9
2022,4,Centro,4865,275000,Piso,3.0,1.0,100.0,,0,9
2023,4,Centro,4865,265000,Piso,4.0,1.0,134.0,,0,9
2024,4,Centro,4865,505000,Piso,3.0,2.0,145.0,1.0,1,9
2025,4,Centro,4865,1095000,Piso,3.0,3.0,240.0,8.0,0,9
2026,4,Centro,4865,1125000,Ático,2.0,2.0,130.0,7.0,0,9
2027,4,Centro,4865,1490000,Piso,5.0,3.0,395.0,6.0,1,9
2028,4,Centro,4865,1975000,Piso,4.0,2.0,300.0,,0,9
2029,4,Centro,4865,149000,Loft,1.0,1.0,30.0,,0,9
2030,4,Centro,4865,185000,Piso,1.0,1.0,36.0,,0,9
2031,4,Centro,4865,250000,Piso,1.0,1.0,42.0,,0,9
2032,4,Centro,4865,718000,Piso,4.0,1.0,150.0,1.0,0,9
2033,4,Centro,4865,298900,Piso,1.0,1.0,72.0,5.0,0,9
2034,4,Centro,4865,1770000,Piso,3.0,3.0,320.0,,0,9
2035,4,Centro,4865,560000,Piso,2.0,2.0,103.0,,0,9
2036,4,Centro,4865,479000,Piso,3.0,2.0,139.0,,1,9
2037,4,Centro,4865,460000,Piso,2.0,2.0,107.0,7.0,0,9
2038,4,Centro,4865,575000,Piso,2.0,2.0,110.0,2.0,0,9
2039,4,Centro,4865,199000,Apartamento,1.0,1.0,30.0,2.0,0,9
2040,4,Centro,4865,179000,Apartamento,1.0,1.0,36.0,3.0,0,9
2041,4,Centro,4865,150000,Piso,1.0,1.0,78.0,,0,9
2042,4,Centro,4865,660000,Piso,2.0,2.0,121.0,1.0,0,9
2043,4,Centro,4865,1740000,Casa o chalet,5.0,5.0,476.0,,1,9
2044,4,Centro,4865,2990000,Piso,3.0,4.0,383.0,10.0,1,9
2045,4,Centro,4865,299000,Piso,1.0,1.0,59.0,2.0,0,9
2046,4,Centro,4865,519000,Piso,3.0,2.0,111.0,5.0,0,9
2047,4,Centro,4865,419000,Piso,4.0,2.0,114.0,,1,9
2048,4,Centro,4865,370000,Piso,4.0,2.0,154.0,,0,9
2049,4,Centro,4865,279000,Piso,4.0,2.0,102.0,3.0,1,9
2050,4,Centro,4865,305000,Piso,1.0,1.0,49.0,2.0,0,9
2051,4,Centro,4865,1300000,Piso,4.0,4.0,267.0,1.0,1,9
2052,4,Centro,4865,995000,Dúplex,1.0,2.0,147.0,1.0,0,9
2053,4,Centro,4865,160000,Piso,2.0,1.0,37.0,,0,9
2054,4,Centro,4865,312000,Piso,3.0,2.0,111.0,1.0,0,9
2055,4,Centro,4865,1090000,Piso,3.0,3.0,248.0,1.0,0,9
2056,4,Centro,4865,275000,Piso,3.0,1.0,100.0,,0,9
2057,4,Centro,4865,440000,Piso,2.0,1.0,139.0,1.0,0,9
2058,4,Centro,4865,595000,Piso,3.0,2.0,130.0,3.0,0,9
2059,4,Centro,4865,405000,Piso,3.0,3.0,103.0,1.0,0,9
2060,4,Centro,4865,1090000,Piso,3.0,3.0,248.0,1.0,0,9
2061,4,Centro,4865,380000,Piso,4.0,1.0,123.0,2.0,0,9
2062,4,Centro,4865,350000,Apartamento,1.0,1.0,72.0,1.0,0,9
2063,4,Centro,4865,350000,Apartamento,1.0,1.0,72.0,1.0,0,9
2064,4,Centro,4865,199000,Apartamento,1.0,1.0,30.0,2.0,0,9
2065,4,Centro,4865,465000,Piso,3.0,2.0,118.0,1.0,0,9
2066,4,Centro,4865,235000,Estudio,,1.0,42.0,3.0,0,9
2067,4,Centro,4865,168500,Piso,2.0,1.0,70.0,,0,9
2068,4,Centro,4865,1595000,Piso,4.0,3.0,228.0,,1,9
2069,4,Centro,4865,440000,Piso,2.0,1.0,139.0,1.0,0,9
2070,4,Centro,4865,570000,Piso,2.0,2.0,101.0,,0,9
2071,4,Centro,4865,109939,Piso,3.0,1.0,55.0,4.0,0,9
2072,4,Centro,4865,695000,Piso,2.0,2.0,112.0,3.0,0,9
2073,4,Centro,4865,139000,Piso,2.0,1.0,70.0,1.0,0,9
2074,4,Centro,4865,430000,Piso,1.0,1.0,55.0,2.0,0,9
2075,4,Centro,4865,485000,Piso,3.0,1.0,109.0,2.0,0,9
2076,4,Centro,4865,195000,Piso,2.0,1.0,83.0,2.0,0,9
2077,4,Centro,4865,795000,Piso,2.0,1.0,91.0,1.0,0,9
2078,4,Centro,4865,214000,Piso,2.0,1.0,70.0,,0,9
2079,4,Centro,4865,360000,Piso,1.0,1.0,68.0,3.0,0,9
2080,4,Centro,4865,350000,Apartamento,1.0,1.0,72.0,1.0,0,9
2081,4,Centro,4865,2800000,Piso,6.0,3.0,414.0,4.0,0,9
2082,4,Centro,4865,1090000,Piso,3.0,3.0,248.0,1.0,0,9
2083,4,Centro,4865,440000,Piso,2.0,1.0,139.0,1.0,0,9
2084,4,Centro,4865,256000,Piso,4.0,1.0,100.0,3.0,0,9
2085,4,Centro,4865,1300000,Piso,5.0,4.0,238.0,,1,9
2086,4,Centro,4865,275000,Piso,3.0,1.0,100.0,,0,9
2087,4,Centro,4865,760000,Piso,2.0,1.0,100.0,1.0,0,9
2088,4,Centro,4865,330000,Piso,3.0,1.0,75.0,,0,9
2089,4,Centro,4865,850000,Piso,3.0,3.0,162.0,,0,9
2090,4,Centro,4865,97999,Piso,2.0,1.0,50.0,1.0,0,9
2091,4,Centro,4865,880000,Piso,4.0,3.0,123.0,4.0,0,9
2092,4,Centro,4865,197000,Piso,3.0,1.0,71.0,,0,9
2093,4,Centro,4865,299000,Piso,1.0,1.0,59.0,2.0,0,9
2094,4,Centro,4865,1545000,Casa adosada,5.0,6.0,390.0,,1,9
2095,4,Centro,4865,235000,Estudio,,1.0,42.0,3.0,0,9
2096,4,Centro,4865,625000,Piso,3.0,2.0,124.0,2.0,1,9
2097,4,Centro,4865,265000,Piso,4.0,1.0,134.0,,0,9
2098,4,Centro,4865,349000,Piso,4.0,3.0,136.0,8.0,0,9
2099,4,Centro,4865,675000,Piso,3.0,2.0,90.0,4.0,0,9
2100,4,Centro,4865,400000,Piso,3.0,2.0,95.0,1.0,0,9
2101,4,Centro,4865,3800000,Casa o chalet,6.0,9.0,707.0,,1,9
2102,4,Centro,4865,1300000,Piso,4.0,3.0,252.0,,0,9
2103,4,Centro,4865,2100000,Piso,4.0,5.0,250.0,3.0,0,9
2104,4,Centro,4865,299000,Piso,1.0,1.0,59.0,2.0,0,9
2105,4,Centro,4865,440000,Piso,2.0,1.0,139.0,1.0,0,9
2106,4,Centro,4865,440000,Piso,2.0,1.0,139.0,1.0,0,9
2107,4,Centro,4865,440000,Piso,2.0,1.0,139.0,1.0,0,9
2108,4,Centro,4865,265000,Piso,4.0,1.0,134.0,,0,9
2109,4,Centro,4865,285000,Piso,4.0,3.0,100.0,2.0,0,9
2110,4,Centro,4865,589000,Piso,8.0,2.0,196.0,5.0,0,9
2111,4,Centro,4865,139000,Piso,2.0,1.0,70.0,1.0,0,9
2112,4,Centro,4865,275000,Piso,3.0,1.0,100.0,,0,9
2113,4,Centro,4865,545000,Piso,2.0,3.0,87.0,,0,9
2114,4,Centro,4865,825000,Piso,5.0,3.0,208.0,3.0,1,9
2115,4,Centro,4865,230000,Apartamento,1.0,1.0,43.0,1.0,0,9
2116,4,Centro,4865,790000,Piso,2.0,2.0,97.0,,0,9
2117,4,Centro,4865,295000,Piso,1.0,1.0,50.0,1.0,1,9
2118,4,Centro,4865,489000,Piso,2.0,2.0,100.0,1.0,0,9
2119,4,Centro,4865,275000,Piso,3.0,1.0,100.0,,0,9
2120,4,Centro,4865,170000,Apartamento,2.0,1.0,58.0,,0,9
2121,4,Centro,4865,94900,Piso,2.0,1.0,60.0,2.0,0,9
2122,4,Centro,4865,1490000,Piso,8.0,6.0,289.0,1.0,0,9
2123,4,Centro,4865,2500000,Piso,8.0,2.0,300.0,3.0,0,9
2124,4,Centro,4865,275000,Piso,3.0,1.0,100.0,,0,9
2125,4,Centro,4865,700000,Piso,3.0,2.0,145.0,1.0,1,9
2126,4,Centro,4865,1150000,Piso,2.0,1.0,90.0,,0,9
2127,4,Centro,4865,310000,Piso,2.0,1.0,63.0,,0,9
2128,4,Centro,4865,263470,Piso,1.0,1.0,38.0,2.0,0,9
2129,4,Centro,4865,277000,Piso,2.0,1.0,55.0,,0,9
2130,4,Centro,4865,3306430,Casa o chalet,6.0,7.0,1282.0,,0,9
2131,4,Centro,4865,600000,Piso,4.0,3.0,188.0,1.0,1,9
2132,4,Centro,4865,740000,Piso,5.0,2.0,177.0,3.0,0,9
2133,4,Centro,4865,129000,Piso,1.0,1.0,25.0,1.0,0,9
2134,4,Centro,4865,400000,Piso,5.0,1.0,119.0,,0,9
2135,4,Centro,4865,530000,Ático,1.0,1.0,51.0,6.0,0,9
2136,4,Centro,4865,425000,Piso,2.0,1.0,67.0,3.0,0,9
2137,4,Centro,4865,1090000,Piso,3.0,3.0,248.0,1.0,0,9
2138,4,Centro,4865,340000,Piso,3.0,2.0,128.0,5.0,0,9
2139,4,Centro,4865,445000,Piso,4.0,2.0,103.0,,0,9
2140,4,Centro,4865,625000,Piso,3.0,2.0,124.0,2.0,1,9
2141,4,Centro,4865,485000,Piso,1.0,1.0,176.0,,0,9
2142,4,Centro,4865,350000,Piso,1.0,1.0,69.0,2.0,0,9
2143,4,Centro,4865,730000,Piso,4.0,3.0,165.0,3.0,0,9
2144,4,Centro,4865,180000,Piso,2.0,1.0,45.0,,0,9
2145,4,Centro,4865,375000,Piso,3.0,2.0,67.0,1.0,0,9
2146,4,Centro,4865,899000,Casa o chalet,7.0,5.0,447.0,,1,9
2147,4,Centro,4865,685000,Piso,3.0,2.0,124.0,7.0,0,9
2148,4,Centro,4865,103000,Piso,3.0,1.0,67.0,4.0,0,9
2149,4,Centro,4865,110000,Apartamento,1.0,1.0,40.0,,0,9
2150,4,Centro,4865,625000,Piso,3.0,2.0,124.0,2.0,1,9
2151,4,Centro,4865,590000,Piso,3.0,2.0,140.0,1.0,0,9
2152,4,Centro,4865,139000,Piso,2.0,1.0,70.0,1.0,0,9
2153,4,Centro,4865,139000,Piso,2.0,1.0,70.0,1.0,0,9
2154,4,Centro,4865,694000,Piso,4.0,2.0,150.0,6.0,1,9
2155,4,Centro,4865,2850000,Piso,3.0,3.0,263.0,1.0,0,9
2156,4,Centro,4865,137000,Piso,1.0,1.0,68.0,,0,9
2157,4,Centro,4865,189000,Apartamento,1.0,1.0,44.0,2.0,0,9
2158,4,Centro,4865,690000,Piso,2.0,2.0,111.0,3.0,0,9
2159,4,Centro,4865,198000,Piso,2.0,1.0,68.0,,0,9
2160,4,Centro,4865,257900,Piso,1.0,1.0,59.0,,0,9
2161,4,Centro,4865,350000,Apartamento,1.0,1.0,72.0,1.0,0,9
2162,4,Centro,4865,1550000,Piso,5.0,3.0,233.0,6.0,0,9
2163,4,Centro,4865,680000,Piso,3.0,2.0,160.0,3.0,0,9
2164,4,Centro,4865,600000,Piso,2.0,2.0,135.0,,0,9
2165,4,Centro,4865,275000,Piso,3.0,1.0,100.0,,0,9
2166,4,Centro,4865,795000,Piso,2.0,2.0,125.0,4.0,0,9
2167,4,Centro,4865,485000,Piso,3.0,2.0,110.0,5.0,1,9
2168,4,Centro,4865,430000,Piso,1.0,1.0,55.0,2.0,0,9
2169,4,Centro,4865,440000,Piso,2.0,1.0,139.0,1.0,0,9
2170,4,Centro,4865,268000,Estudio,1.0,1.0,61.0,4.0,0,9
2171,4,Centro,4865,320000,Piso,3.0,2.0,62.0,1.0,0,9
2172,4,Centro,4865,1090000,Piso,3.0,3.0,248.0,1.0,0,9
2173,4,Centro,4865,582220,Piso,5.0,1.0,103.0,,0,9
2174,4,Centro,4865,95000,Piso,2.0,1.0,61.0,,0,9
2175,4,Centro,4865,440000,Piso,2.0,1.0,139.0,1.0,0,9
2176,4,Centro,4865,545000,Piso,3.0,2.0,133.0,1.0,0,9
2177,4,Centro,4865,881220,Piso,3.0,3.0,227.0,,1,9
2178,4,Centro,4865,275000,Piso,3.0,1.0,100.0,,0,9
2179,4,Centro,4865,365000,Piso,,1.0,70.0,,0,9
2180,4,Centro,4865,1090000,Piso,3.0,3.0,248.0,1.0,0,9
2181,4,Centro,4865,240000,Apartamento,1.0,1.0,46.0,,0,9
2182,4,Centro,4865,550000,Piso,1.0,1.0,84.0,2.0,0,9
2183,4,Centro,4865,1100000,Piso,,6.0,148.0,1.0,0,9
2184,4,Centro,4865,930000,Piso,3.0,2.0,152.0,1.0,0,9
2185,4,Centro,4865,235000,Estudio,,1.0,42.0,3.0,0,9
2186,4,Centro,4865,283000,Piso,1.0,1.0,53.0,,0,9
2187,4,Centro,4865,265000,Piso,4.0,1.0,134.0,,0,9
2188,4,Centro,4865,485000,Apartamento,1.0,1.0,77.0,3.0,0,9
2189,4,Centro,4865,1175000,Piso,5.0,3.0,231.0,2.0,0,9
2190,4,Centro,4865,547000,Piso,3.0,2.0,91.0,,0,9
2191,4,Centro,4865,130000,Piso,1.0,1.0,32.0,3.0,0,9
2192,4,Centro,4865,350000,Apartamento,1.0,1.0,72.0,1.0,0,9
2193,4,Centro,4865,300000,Piso,2.0,1.0,65.0,5.0,0,9
2194,4,Centro,4865,890000,Piso,2.0,2.0,103.0,,0,9
2195,4,Centro,4865,375000,Piso,4.0,2.0,134.0,1.0,0,9
2196,4,Centro,4865,1090000,Piso,3.0,3.0,248.0,1.0,0,9
2197,4,Centro,4865,269000,Piso,4.0,2.0,125.0,1.0,0,9
2198,4,Centro,4865,430000,Piso,1.0,1.0,55.0,2.0,0,9
2199,4,Centro,4865,315000,Apartamento,1.0,1.0,63.0,,0,9
2200,4,Centro,4865,387500,Piso,2.0,2.0,78.0,,1,9
2201,4,Centro,4865,825000,Ático,,4.0,336.0,,1,9
2202,4,Centro,4865,150000,Finca rústica,1.0,1.0,215.0,,1,9
2203,4,Centro,4865,139000,Loft,2.0,2.0,88.0,,0,9
2204,4,Centro,4865,175000,Ático,,,57.0,3.0,0,9
2205,4,Centro,4865,139000,Piso,2.0,1.0,70.0,1.0,0,9
2206,4,Centro,4865,1395000,Piso,4.0,4.0,238.0,5.0,1,9
2207,4,Centro,4865,450000,Loft,2.0,2.0,90.0,,1,9
2208,4,Centro,4865,210000,Piso,2.0,1.0,35.0,4.0,0,9
2209,4,Centro,4865,269000,Piso,1.0,1.0,51.0,3.0,0,9
2210,4,Centro,4865,125000,Piso,3.0,1.0,80.0,4.0,0,9
2211,4,Centro,4865,96000,Estudio,,1.0,18.0,2.0,0,9
2212,4,Centro,4865,3700000,Casa adosada,6.0,6.0,450.0,,1,9
2213,4,Centro,4865,275000,Piso,3.0,1.0,100.0,,0,9
2214,4,Centro,4865,825000,Piso,3.0,2.0,153.0,2.0,0,9
2215,4,Centro,4865,250000,Piso,2.0,1.0,48.0,1.0,0,9
2216,4,Centro,4865,360000,Piso,2.0,1.0,74.0,5.0,0,9
2217,4,Centro,4865,3950000,Piso,4.0,4.0,487.0,5.0,1,9
2218,4,Centro,4865,312000,Piso,3.0,2.0,91.0,,1,9
2219,4,Centro,4865,350000,Piso,3.0,2.0,92.0,3.0,1,9
2220,4,Centro,4865,178000,Piso,3.0,1.0,60.0,3.0,0,9
2221,4,Centro,4865,275000,Piso,3.0,1.0,100.0,,0,9
2222,4,Centro,4865,3200000,Casa o chalet,7.0,6.0,1000.0,,1,9
2223,4,Centro,4865,499000,Piso,2.0,2.0,120.0,,1,9
2224,4,Centro,4865,265000,Piso,4.0,1.0,134.0,,0,9
2225,4,Centro,4865,179900,Piso,1.0,1.0,54.0,1.0,1,9
2226,4,Centro,4865,339900,Piso,2.0,2.0,77.0,2.0,0,9
2227,4,Centro,4865,1349000,Piso,6.0,2.0,260.0,,0,9
2228,4,Centro,4865,449000,Piso,4.0,2.0,120.0,1.0,0,9
2229,4,Centro,4865,65000,Piso,1.0,1.0,39.0,,0,9
2230,4,Centro,4865,399900,Piso,2.0,1.0,95.0,2.0,1,9
2231,4,Centro,4865,1090000,Piso,3.0,3.0,248.0,1.0,0,9
2232,4,Centro,4865,299000,Piso,1.0,1.0,59.0,2.0,0,9
2233,4,Centro,4865,249000,Piso,2.0,2.0,76.0,,1,9
2234,4,Centro,4865,350000,Apartamento,1.0,1.0,72.0,1.0,0,9
2235,4,Centro,4865,269000,Piso,1.0,1.0,51.0,3.0,0,9
2236,4,Centro,4865,410960,Piso,2.0,1.0,86.0,1.0,0,9
2237,4,Centro,4865,840000,Piso,2.0,3.0,94.0,4.0,0,9
2238,4,Centro,4865,580000,Piso,3.0,1.0,113.0,2.0,0,9
2239,4,Centro,4865,349000,Piso,2.0,2.0,72.0,4.0,0,9
2240,4,Centro,4865,429000,Piso,3.0,1.0,110.0,,0,9
2241,4,Centro,4865,103400,Piso,3.0,1.0,47.0,6.0,0,9
2242,4,Centro,4865,418000,Piso,1.0,1.0,73.0,,0,9
2243,4,Centro,4865,2200000,Casa o chalet,5.0,5.0,554.0,,0,9
2244,4,Centro,4865,160000,Piso,4.0,1.0,95.0,1.0,0,9
2245,4,Centro,4865,348273,Ático,4.0,2.0,181.0,7.0,1,9
2246,4,Centro,4865,265000,Piso,4.0,1.0,134.0,,0,9
2247,4,Centro,4865,535000,Piso,3.0,2.0,112.0,1.0,0,9
2248,4,Centro,4865,149000,Piso,2.0,1.0,43.0,2.0,0,9
2249,4,Centro,4865,265000,Piso,1.0,1.0,56.0,1.0,1,9
2250,4,Centro,4865,320000,Piso,2.0,2.0,85.0,1.0,0,9
2251,4,Centro,4865,466500,Piso,2.0,2.0,103.0,2.0,1,9
2252,4,Centro,4865,169500,Piso,1.0,1.0,45.0,1.0,0,9
2253,4,Centro,4865,139000,Piso,2.0,1.0,70.0,1.0,0,9
2254,4,Centro,4865,919000,Piso,5.0,2.0,184.0,3.0,0,9
2255,4,Centro,4865,119900,Piso,3.0,1.0,78.0,3.0,0,9
2256,4,Centro,4865,780000,Piso,5.0,3.0,131.0,,0,9
2257,4,Centro,4865,265000,Piso,4.0,1.0,134.0,,0,9
2258,4,Centro,4865,139000,Piso,2.0,1.0,70.0,1.0,0,9
2259,4,Centro,4865,348000,Piso,,1.0,85.0,,0,9
2260,4,Centro,4865,315000,Piso,4.0,2.0,127.0,,0,9
2261,4,Centro,4865,450000,Piso,2.0,2.0,110.0,2.0,1,9
2262,4,Centro,4865,254000,Piso,2.0,2.0,75.0,2.0,1,9
2263,4,Centro,4865,315000,Piso,3.0,1.0,65.0,7.0,0,9
2264,4,Centro,4865,2800000,Dúplex,6.0,4.0,581.0,8.0,1,9
2265,4,Centro,4865,139000,Estudio,,1.0,27.0,,0,9
2266,4,Centro,4865,190000,Piso,,1.0,28.0,5.0,0,9
2267,4,Centro,4865,399000,Piso,3.0,2.0,95.0,1.0,0,9
2268,4,Centro,4865,457000,Piso,4.0,2.0,123.0,10.0,0,9
2269,4,Centro,4865,890000,Piso,4.0,3.0,190.0,,0,9
2270,4,Centro,4865,126000,Piso,2.0,1.0,50.0,,0,9
2271,4,Centro,4865,919900,Ático,2.0,3.0,123.0,9.0,1,9
2272,4,Centro,4865,130000,Piso,3.0,1.0,60.0,2.0,0,9
2273,4,Centro,4865,180000,Apartamento,,1.0,35.0,,1,9
2274,4,Centro,4865,490000,Piso,3.0,3.0,148.0,2.0,0,9
2275,4,Centro,4865,1170000,Piso,3.0,4.0,230.0,4.0,0,9
2276,4,Centro,4865,480000,Loft,2.0,2.0,69.0,,0,9
2277,4,Centro,4865,195000,Piso,3.0,1.0,100.0,,0,9
2278,4,Centro,4865,2900000,Ático,4.0,4.0,347.0,7.0,0,9
2279,4,Centro,4865,120500,Piso,2.0,1.0,43.0,1.0,0,9
2280,4,Centro,4865,350000,Piso,4.0,2.0,112.0,2.0,1,9
2281,4,Centro,4865,99000,Piso,2.0,1.0,33.0,2.0,0,9
2282,4,Centro,4865,935000,Piso,3.0,2.0,145.0,4.0,0,9
2283,4,Centro,4865,490000,Piso,3.0,2.0,123.0,2.0,1,9
2284,4,Centro,4865,299000,Piso,1.0,1.0,59.0,2.0,0,9
2285,4,Centro,4865,2400000,Piso,3.0,3.0,330.0,4.0,0,9
2286,4,Centro,4865,190000,Piso,1.0,1.0,52.0,4.0,0,9
2287,4,Centro,4865,620000,Piso,3.0,2.0,113.0,2.0,0,9
2288,4,Centro,4865,116000,Apartamento,,1.0,25.0,2.0,0,9
2289,4,Centro,4865,1204300,Piso,3.0,4.0,170.0,2.0,1,9
2290,4,Centro,4865,560000,Piso,4.0,1.0,150.0,,0,9
2291,4,Centro,4865,150000,Piso,1.0,1.0,78.0,,0,9
2292,4,Centro,4865,596000,Piso,3.0,2.0,83.0,,1,9
2293,4,Centro,4865,440000,Piso,2.0,1.0,139.0,1.0,0,9
2294,4,Centro,4865,440000,Piso,2.0,1.0,139.0,1.0,0,9
2295,4,Centro,4865,430000,Piso,2.0,2.0,102.0,,0,9
2296,4,Centro,4865,350000,Apartamento,1.0,1.0,72.0,1.0,0,9
2297,4,Centro,4865,310000,Casa o chalet,1.0,1.0,50.0,,0,9
2298,4,Centro,4865,269000,Piso,1.0,1.0,71.0,2.0,0,9
2299,4,Centro,4865,495000,Piso,3.0,2.0,127.0,3.0,0,9
2300,4,Centro,4865,126000,Piso,3.0,1.0,77.0,3.0,0,9
2301,4,Centro,4865,199000,Apartamento,1.0,1.0,30.0,2.0,0,9
2302,4,Centro,4865,349000,Piso,2.0,2.0,72.0,4.0,0,9
2303,4,Centro,4865,790000,Piso,5.0,3.0,243.0,1.0,1,9
2304,4,Centro,4865,475000,Piso,3.0,2.0,146.0,2.0,0,9
2305,4,Centro,4865,299000,Piso,1.0,1.0,59.0,2.0,0,9
2306,4,Centro,4865,1500000,Casa adosada,4.0,5.0,433.0,,1,9
2307,4,Centro,4865,1290000,Piso,3.0,3.0,142.0,1.0,0,9
2308,4,Centro,4865,350000,Piso,2.0,1.0,69.0,,0,9
2309,4,Centro,4865,1200000,Piso,,4.0,266.0,,1,9
2310,4,Centro,4865,170000,Loft,1.0,1.0,50.0,,0,9
2311,4,Centro,4865,430000,Piso,1.0,1.0,55.0,2.0,0,9
2312,4,Centro,4865,265000,Piso,4.0,1.0,134.0,,0,9
2313,4,Centro,4865,235000,Estudio,,1.0,42.0,3.0,0,9
2314,4,Centro,4865,295000,Piso,1.0,1.0,38.0,1.0,1,9
2315,4,Centro,4865,430000,Piso,1.0,1.0,55.0,2.0,0,9
2316,4,Centro,4865,140000,Piso,3.0,1.0,76.0,,0,9
2317,4,Centro,4865,114000,Piso,,,35.0,1.0,0,9
2318,4,Centro,4865,3350000,Piso,4.0,5.0,300.0,2.0,0,9
2319,4,Centro,4865,565000,Piso,3.0,2.0,122.0,,1,9
2320,4,Centro,4865,1300000,Piso,4.0,3.0,252.0,,0,9
2321,4,Centro,4865,398000,Piso,2.0,2.0,132.0,,0,9
2322,4,Centro,4865,485000,Piso,1.0,1.0,78.0,3.0,0,9
2323,4,Centro,4865,270000,Piso,2.0,2.0,134.0,1.0,1,9
2324,4,Centro,4865,330000,Piso,3.0,2.0,119.0,5.0,1,9
2325,4,Centro,4865,350000,Apartamento,1.0,1.0,72.0,1.0,0,9
2326,4,Centro,4865,434500,Piso,4.0,2.0,87.0,6.0,0,9
2327,4,Centro,4865,690000,Piso,3.0,2.0,129.0,1.0,0,9
2328,4,Centro,4865,350000,Piso,2.0,1.0,71.0,5.0,0,9
2329,4,Centro,4865,109500,Piso,3.0,1.0,55.0,2.0,0,9
2330,4,Centro,4865,990000,Dúplex,3.0,3.0,190.0,,1,9
2331,4,Centro,4865,265000,Piso,4.0,1.0,134.0,,0,9
2332,4,Centro,4865,134900,Piso,3.0,1.0,60.0,6.0,0,9
2333,4,Centro,4865,825000,Piso,,2.0,167.0,2.0,0,9
2334,4,Centro,4865,140275,Piso,3.0,1.0,67.0,2.0,0,9
2335,4,Centro,4865,59000,Planta baja,1.0,1.0,29.0,,0,9
2336,4,Centro,4865,350000,Apartamento,1.0,1.0,72.0,1.0,0,9
2337,4,Centro,4865,1150000,Ático,3.0,2.0,155.0,7.0,0,9
2338,4,Centro,4865,279900,Piso,2.0,2.0,87.0,2.0,1,9
2339,4,Centro,4865,160000,Piso,3.0,1.0,60.0,,0,9
2340,4,Centro,4865,199000,Apartamento,1.0,1.0,30.0,2.0,0,9
2341,4,Centro,4865,1295000,Piso,6.0,4.0,214.0,,0,9
2342,4,Centro,4865,235000,Estudio,,1.0,42.0,3.0,0,9
2343,4,Centro,4865,479000,Piso,2.0,1.0,89.0,,0,9
2344,4,Centro,4865,265000,Piso,4.0,1.0,134.0,,0,9
2345,4,Centro,4865,1300000,Piso,4.0,3.0,252.0,,0,9
2346,4,Centro,4865,120000,Piso,2.0,1.0,50.0,2.0,0,9
2347,4,Centro,4865,197000,Piso,1.0,1.0,53.0,3.0,0,9
2348,4,Centro,4865,375000,Piso,3.0,1.0,86.0,1.0,0,9
2349,4,Centro,4865,960000,Piso,5.0,2.0,173.0,1.0,0,9
2350,4,Centro,4865,329000,Piso,2.0,1.0,69.0,,0,9
2351,4,Centro,4865,220500,Piso,1.0,1.0,45.0,1.0,0,9
2352,4,Centro,4865,860000,Piso,2.0,2.0,128.0,1.0,0,9
2353,4,Centro,4865,560000,Piso,3.0,2.0,108.0,1.0,0,9
2354,4,Centro,4865,1950000,Piso,5.0,6.0,315.0,2.0,0,9
2355,4,Centro,4865,99900,Piso,2.0,1.0,50.0,3.0,0,9
2356,4,Centro,4865,399000,Piso,2.0,2.0,101.0,2.0,0,9
2357,4,Centro,4865,350000,Apartamento,1.0,1.0,72.0,1.0,0,9
2358,4,Centro,4865,395000,Apartamento,1.0,1.0,69.0,,0,9
2359,4,Centro,4865,265000,Piso,4.0,1.0,134.0,,0,9
2360,4,Centro,4865,210000,Apartamento,,1.0,35.0,,0,9
2361,4,Centro,4865,116000,Piso,3.0,1.0,72.0,1.0,0,9
2362,4,Centro,4865,1395000,Piso,3.0,3.0,157.0,4.0,0,9
2363,4,Centro,4865,1195000,Apartamento,3.0,3.0,140.0,,0,9
2364,4,Centro,4865,190000,Piso,2.0,1.0,70.0,,0,9
2365,4,Centro,4865,113000,Estudio,,1.0,25.0,1.0,0,9
2366,4,Centro,4865,235000,Estudio,,1.0,42.0,3.0,0,9
2367,4,Centro,4865,970000,Piso,3.0,3.0,172.0,1.0,0,9
2368,4,Centro,4865,529000,Piso,4.0,3.0,222.0,2.0,1,9
2369,4,Centro,4865,625000,Piso,3.0,2.0,124.0,2.0,1,9
2370,4,Centro,4865,538000,Piso,3.0,2.0,147.0,1.0,1,9
2371,4,Centro,4865,219000,Piso,2.0,1.0,82.0,,0,9
2372,4,Centro,4865,375000,Piso,3.0,1.0,96.0,2.0,0,9
2373,4,Centro,4865,850000,Piso,3.0,2.0,160.0,1.0,0,9
2374,4,Centro,4865,695000,Dúplex,2.0,1.0,68.0,1.0,0,9
2375,4,Centro,4865,150000,Piso,1.0,1.0,78.0,,0,9
2376,4,Centro,4865,440000,Piso,2.0,1.0,139.0,1.0,0,9
2377,4,Centro,4865,550000,Piso,2.0,2.0,113.0,5.0,0,9
2378,4,Centro,4865,1090000,Piso,3.0,3.0,248.0,1.0,0,9
2379,4,Centro,4865,420000,Piso,3.0,1.0,102.0,3.0,0,9
2380,4,Centro,4865,145000,Piso,2.0,1.0,65.0,,0,9
2381,4,Centro,4865,3200000,Piso,5.0,5.0,372.0,6.0,1,9
2382,4,Centro,4865,418000,Piso,2.0,1.0,91.0,,0,9
2383,4,Centro,4865,100000,Piso,2.0,1.0,44.0,2.0,0,9
2384,4,Centro,4865,83000,Ático,,1.0,22.0,4.0,0,9
2385,4,Centro,4865,350000,Apartamento,1.0,1.0,72.0,1.0,0,9
2386,4,Centro,4865,155000,Piso,1.0,1.0,75.0,,0,9
2387,4,Centro,4865,625000,Piso,2.0,1.0,135.0,1.0,0,9
2388,4,Centro,4865,235000,Estudio,,1.0,42.0,3.0,0,9
2389,4,Centro,4865,795000,Casa o chalet,4.0,3.0,291.0,,0,9
2390,4,Centro,4865,445600,Piso,2.0,2.0,70.0,2.0,1,9
2391,4,Centro,4865,265000,Piso,4.0,1.0,134.0,,0,9
2392,4,Centro,4865,1375000,Piso,,4.0,217.0,,0,9
2393,4,Centro,4865,430000,Piso,1.0,1.0,55.0,2.0,0,9
2394,4,Centro,4865,1320000,Piso,6.0,4.0,295.0,1.0,1,9
2395,4,Centro,4865,2660000,Piso,4.0,,789.0,1.0,0,9
2396,4,Centro,4865,369000,Piso,3.0,2.0,84.0,2.0,0,9
2397,4,Centro,4865,119000,Piso,2.0,1.0,59.0,3.0,0,9
2398,4,Centro,4865,130000,Piso,3.0,2.0,95.0,,0,9
2399,4,Centro,4865,718000,Piso,4.0,1.0,150.0,1.0,0,9
2400,4,Centro,4865,679300,Piso,2.0,2.0,71.0,3.0,0,9
2401,4,Centro,4865,349000,Piso,2.0,2.0,72.0,4.0,0,9
2402,4,Centro,4865,265000,Piso,4.0,1.0,134.0,,0,9
2403,4,Centro,4865,1700000,Piso,6.0,5.0,562.0,1.0,1,9
2404,4,Centro,4865,895000,Piso,3.0,2.0,143.0,2.0,0,9
2405,4,Centro,4865,485000,Piso,3.0,2.0,101.0,3.0,0,9
2406,4,Centro,4865,465000,Piso,3.0,2.0,118.0,1.0,0,9
2407,4,Centro,4865,680000,Piso,3.0,4.0,170.0,3.0,0,9
2408,4,Centro,4865,375000,Piso,3.0,1.0,96.0,2.0,0,9
2409,4,Centro,4865,1995000,Piso,5.0,6.0,315.0,2.0,0,9
2410,4,Centro,4865,1950000,Piso,4.0,4.0,252.0,,1,9
2411,4,Centro,4865,159000,Apartamento,1.0,1.0,34.0,,0,9
2412,4,Centro,4865,1995000,Piso,8.0,4.0,376.0,12.0,0,9
2413,4,Centro,4865,530000,Piso,2.0,2.0,90.0,,0,9
2414,4,Centro,4865,1090000,Piso,3.0,3.0,248.0,1.0,0,9
2415,4,Centro,4865,244000,Piso,3.0,2.0,103.0,5.0,0,9
2416,4,Centro,4865,450000,Piso,4.0,2.0,168.0,1.0,0,9
2417,4,Centro,4865,265000,Piso,4.0,1.0,134.0,,0,9
2418,4,Centro,4865,520000,Piso,1.0,1.0,91.0,4.0,0,9
2419,4,Centro,4865,235000,Estudio,,1.0,42.0,3.0,0,9
2420,4,Centro,4865,199000,Piso,1.0,1.0,35.0,,0,9
2421,4,Centro,4865,430000,Piso,1.0,1.0,55.0,2.0,0,9
2422,4,Centro,4865,1090000,Piso,3.0,3.0,248.0,1.0,0,9
2423,4,Centro,4865,430000,Piso,3.0,2.0,123.0,,0,9
2424,4,Centro,4865,649000,Piso,2.0,1.0,135.0,2.0,0,9
2425,4,Centro,4865,525000,Piso,2.0,2.0,83.0,3.0,0,9
2426,4,Centro,4865,265000,Piso,4.0,1.0,134.0,,0,9
2427,4,Centro,4865,148500,Piso,3.0,1.0,84.0,,0,9
2428,4,Centro,4865,1090000,Piso,3.0,3.0,248.0,1.0,0,9
2429,4,Centro,4865,1200000,Piso,3.0,2.0,169.0,1.0,0,9
2430,4,Centro,4865,1350000,Piso,2.0,2.0,148.0,1.0,0,9
2431,4,Centro,4865,515000,Piso,2.0,1.0,85.0,1.0,0,9
2432,4,Centro,4865,150000,Apartamento,1.0,1.0,57.0,2.0,1,9
2433,4,Centro,4865,350000,Apartamento,1.0,1.0,72.0,1.0,0,9
2434,4,Centro,4865,440000,Piso,2.0,1.0,139.0,1.0,0,9
2435,4,Centro,4865,1680000,Piso,3.0,4.0,267.0,3.0,0,9
2436,4,Centro,4865,456000,Piso,2.0,1.0,91.0,4.0,0,9
2437,4,Centro,4865,1900000,Piso,3.0,3.0,222.0,2.0,0,9
2438,4,Centro,4865,265000,Piso,4.0,1.0,134.0,,0,9
2439,4,Centro,4865,163000,Piso,4.0,2.0,120.0,5.0,0,9
2440,4,Centro,4865,146000,Piso,3.0,1.0,63.0,,0,9
2441,4,Centro,4865,440000,Piso,2.0,1.0,139.0,1.0,0,9
2442,4,Centro,4865,620000,Piso,4.0,2.0,192.0,1.0,0,9
2443,4,Centro,4865,299000,Piso,1.0,1.0,59.0,2.0,0,9
2444,4,Centro,4865,135000,Piso,,1.0,47.0,2.0,1,9
2445,4,Centro,4865,239000,Dúplex,3.0,2.0,114.0,3.0,0,9
2446,4,Centro,4865,220000,Apartamento,1.0,1.0,41.0,4.0,0,9
2447,4,Centro,4865,1150000,Casa o chalet,5.0,3.0,310.0,,1,9
2448,4,Centro,4865,845000,Piso,4.0,3.0,225.0,10.0,0,9
2449,4,Centro,4865,1300000,Piso,4.0,3.0,252.0,,0,9
2450,4,Centro,4865,850000,Piso,2.0,2.0,180.0,2.0,0,9
2451,4,Centro,4865,290000,Piso,2.0,1.0,31.0,5.0,0,9
2452,4,Centro,4865,699000,Piso,3.0,2.0,102.0,4.0,0,9
2453,4,Centro,4865,525000,Piso,2.0,2.0,86.0,4.0,0,9
2454,4,Centro,4865,219500,Piso,2.0,1.0,68.0,1.0,0,9
2455,4,Centro,4865,103000,Piso,3.0,1.0,67.0,2.0,0,9
2456,4,Centro,4865,625000,Piso,3.0,2.0,124.0,2.0,1,9
2457,4,Centro,4865,320000,Piso,3.0,2.0,62.0,1.0,0,9
2458,4,Centro,4865,2500000,Ático,4.0,5.0,269.0,,0,9
2459,4,Centro,4865,1975000,Casa o chalet,4.0,4.0,600.0,,0,9
2460,4,Centro,4865,950000,Piso,2.0,2.0,151.0,,0,9
2461,4,Centro,4865,460000,Piso,1.0,1.0,74.0,5.0,0,9
2462,4,Centro,4865,450000,Piso,1.0,1.0,54.0,1.0,0,9
2463,4,Centro,4865,2400000,Piso,4.0,3.0,283.0,,1,9
2464,4,Centro,4865,379000,Piso,3.0,1.0,86.0,3.0,0,9
2465,4,Centro,4865,1950000,Piso,3.0,4.0,209.0,4.0,0,9
2466,4,Centro,4865,350000,Piso,2.0,2.0,96.0,1.0,1,9
2467,4,Centro,4865,2300000,Dúplex,3.0,4.0,264.0,6.0,1,9
2468,4,Centro,4865,169000,Apartamento,1.0,1.0,53.0,,0,9
2469,4,Centro,4865,895000,Piso,3.0,3.0,227.0,,1,9
2470,4,Centro,4865,430000,Piso,1.0,1.0,55.0,2.0,0,9
2471,4,Centro,4865,375000,Piso,2.0,2.0,79.0,,0,9
2472,4,Centro,4865,550000,Piso,2.0,2.0,94.0,1.0,1,9
2473,4,Centro,4865,1090000,Piso,3.0,3.0,248.0,1.0,0,9
2474,4,Centro,4865,1350000,Piso,5.0,4.0,236.0,1.0,1,9
2475,4,Centro,4865,75000,Apartamento,1.0,1.0,22.0,,0,9
2476,4,Centro,4865,295000,Piso,2.0,1.0,60.0,,0,9
2477,4,Centro,4865,125000,Piso,2.0,1.0,71.0,,0,9
2478,4,Centro,4865,290000,Piso,1.0,1.0,65.0,3.0,0,9
2479,4,Centro,4865,1200000,Piso,3.0,2.0,148.0,,1,9
2480,4,Centro,4865,420000,Piso,3.0,1.0,110.0,1.0,0,9
2481,4,Centro,4865,199000,Apartamento,1.0,1.0,30.0,2.0,0,9
2482,4,Centro,4865,275000,Piso,3.0,1.0,100.0,,0,9
2483,4,Centro,4865,150000,Piso,1.0,1.0,78.0,,0,9
2484,4,Centro,4865,279000,Piso,3.0,1.0,85.0,2.0,0,9
2485,4,Centro,4865,320000,Piso,3.0,2.0,62.0,1.0,0,9
2486,4,Centro,4865,750000,Piso,2.0,2.0,151.0,2.0,0,9
2487,4,Centro,4865,150000,Piso,1.0,1.0,25.0,6.0,0,9
2488,4,Centro,4865,1090000,Piso,2.0,3.0,187.0,1.0,0,9
2489,4,Centro,4865,207000,Piso,1.0,1.0,81.0,4.0,1,9
2490,4,Centro,4865,762000,Piso,3.0,2.0,126.0,,0,9
2491,4,Centro,4865,205000,Piso,1.0,1.0,45.0,2.0,0,9
2492,4,Centro,4865,620000,Piso,4.0,2.0,151.0,3.0,0,9
2493,4,Centro,4865,1090000,Piso,3.0,3.0,248.0,1.0,0,9
2494,4,Centro,4865,126000,Piso,3.0,1.0,77.0,3.0,0,9
2495,4,Centro,4865,320000,Piso,3.0,2.0,62.0,1.0,0,9
2496,4,Centro,4865,190000,Apartamento,1.0,1.0,35.0,2.0,0,9
2497,4,Centro,4865,1090000,Piso,3.0,3.0,248.0,1.0,0,9
2498,4,Centro,4865,580000,Piso,3.0,2.0,135.0,1.0,0,9
2499,4,Centro,4865,140275,Piso,3.0,1.0,67.0,7.0,0,9
2500,4,Centro,4865,275000,Piso,3.0,1.0,100.0,,0,9
2501,4,Centro,4865,95000,Piso,2.0,1.0,59.0,3.0,0,9
2502,4,Centro,4865,185000,Estudio,,1.0,35.0,2.0,0,9
2503,4,Centro,4865,340000,Piso,1.0,1.0,68.0,,0,9
2504,4,Centro,4865,485000,Piso,2.0,2.0,133.0,1.0,0,9
2505,4,Centro,4865,890000,Casa o chalet,3.0,2.0,208.0,,1,9
2506,4,Centro,4865,425000,Piso,2.0,1.0,88.0,3.0,0,9
2507,4,Centro,4865,135000,Piso,1.0,1.0,32.0,4.0,0,9
2508,4,Centro,4865,150000,Piso,1.0,1.0,78.0,,0,9
2509,4,Centro,4865,549990,Piso,3.0,2.0,107.0,,0,9
2510,4,Centro,4865,1150000,Piso,5.0,2.0,197.0,4.0,0,9
2511,4,Centro,4865,450000,Piso,2.0,1.0,90.0,5.0,0,9
2512,4,Centro,4865,385000,Piso,4.0,2.0,111.0,6.0,1,9
2513,4,Centro,4865,179600,Planta baja,3.0,1.0,83.0,,0,9
2514,4,Centro,4865,81200,Piso,2.0,1.0,61.0,,0,9
2515,4,Centro,4865,199000,Apartamento,1.0,1.0,30.0,2.0,0,9
2516,4,Centro,4865,101500,Piso,3.0,1.0,66.0,,0,9
2517,4,Centro,4865,365000,Piso,2.0,1.0,54.0,2.0,0,9
2518,4,Centro,4865,1300000,Piso,4.0,3.0,252.0,,0,9
2519,4,Centro,4865,130000,Piso,2.0,1.0,33.0,,0,9
2520,4,Centro,4865,340000,Piso,2.0,2.0,96.0,,0,9
2521,4,Centro,4865,160000,Piso,2.0,1.0,34.0,,0,9
2522,4,Centro,4865,2000000,Ático,4.0,3.0,274.0,9.0,1,9
2523,4,Centro,4865,988000,Piso,4.0,2.0,170.0,4.0,0,9
2524,4,Centro,4865,1600000,Piso,6.0,3.0,269.0,,0,9
2525,4,Centro,4865,1050000,Ático,3.0,2.0,183.0,,1,9
2526,4,Centro,4865,220500,Piso,,,45.0,,0,9
2527,4,Centro,4865,299000,Piso,2.0,1.0,73.0,1.0,0,9
2528,4,Centro,4865,450000,Ático,2.0,2.0,95.0,5.0,1,9
2529,4,Centro,4865,2100000,Apartamento,3.0,4.0,255.0,,0,9
2530,4,Centro,4865,300000,Piso,2.0,1.0,47.0,2.0,0,9
2531,4,Centro,4865,1340000,Casa o chalet,4.0,4.0,184.0,,0,9
2532,4,Centro,4865,139000,Piso,2.0,1.0,70.0,1.0,0,9
2533,4,Centro,4865,870000,Piso,3.0,,167.0,,0,9
2534,4,Centro,4865,265900,Piso,2.0,1.0,51.0,2.0,0,9
2535,4,Centro,4865,3595000,Piso,4.0,4.0,306.0,,0,9
2536,4,Centro,4865,525000,Piso,3.0,2.0,122.0,1.0,0,9
2537,4,Centro,4865,139000,Piso,2.0,1.0,70.0,1.0,0,9
2538,4,Centro,4865,275000,Piso,3.0,1.0,100.0,,0,9
2539,4,Centro,4865,120000,Apartamento,1.0,1.0,46.0,,0,9
2540,4,Centro,4865,970000,Piso,2.0,3.0,133.0,4.0,0,9
2541,4,Centro,4865,845000,Apartamento,2.0,2.0,125.0,,0,9
2542,4,Centro,4865,165000,Piso,3.0,1.0,65.0,3.0,0,9
2543,4,Centro,4865,235000,Estudio,,1.0,42.0,3.0,0,9
2544,4,Centro,4865,660000,Piso,4.0,2.0,129.0,,0,9
2545,4,Centro,4865,349000,Piso,4.0,2.0,125.0,5.0,0,9
2546,4,Centro,4865,570000,Piso,2.0,2.0,101.0,,0,9
2547,4,Centro,4865,450000,Piso,3.0,2.0,120.0,1.0,1,9
2548,4,Centro,4865,399000,Piso,3.0,2.0,92.0,2.0,0,9
2549,4,Centro,4865,750000,Piso,3.0,3.0,110.0,,0,9
2550,4,Centro,4865,310000,Piso,1.0,1.0,74.0,,1,9
2551,4,Centro,4865,625000,Piso,3.0,2.0,124.0,2.0,1,9
2552,4,Centro,4865,718000,Piso,4.0,1.0,150.0,1.0,0,9
2553,4,Centro,4865,86500,Piso,3.0,2.0,130.0,,0,9
2554,4,Centro,4865,128000,Piso,2.0,1.0,54.0,2.0,0,9
2555,4,Centro,4865,230300,Piso,2.0,1.0,68.0,1.0,0,9
2556,4,Centro,4865,159000,Loft,1.0,1.0,43.0,,0,9
2557,4,Centro,4865,1300000,Piso,4.0,3.0,252.0,,0,9
2558,4,Centro,4865,995000,Piso,4.0,3.0,249.0,,1,9
2559,4,Centro,4865,340000,Piso,1.0,2.0,96.0,3.0,0,9
2560,4,Centro,4865,275000,Piso,3.0,1.0,100.0,,0,9
2561,4,Centro,4865,94000,Piso,3.0,1.0,52.0,4.0,0,9
2562,4,Centro,4865,590000,Ático,3.0,2.0,140.0,5.0,0,9
2563,4,Centro,4865,267000,Piso,2.0,1.0,41.0,2.0,0,9
2564,4,Centro,4865,299000,Piso,1.0,1.0,59.0,2.0,0,9
2565,4,Centro,4865,95000,Piso,2.0,1.0,61.0,,0,9
2566,4,Centro,4865,440000,Piso,2.0,1.0,139.0,1.0,0,9
2567,4,Centro,4865,615000,Ático,5.0,2.0,107.0,7.0,0,9
2568,4,Centro,4865,238000,Piso,2.0,1.0,40.0,4.0,0,9
2569,4,Centro,4865,399000,Piso,3.0,2.0,200.0,6.0,0,9
2570,4,Centro,4865,575000,Piso,3.0,1.0,129.0,,0,9
2571,4,Centro,4865,440000,Piso,2.0,1.0,139.0,1.0,0,9
2572,4,Centro,4865,1299000,Piso,3.0,3.0,180.0,,1,9
2573,4,Centro,4865,229000,Piso,1.0,1.0,53.0,,0,9
2574,4,Centro,4865,235000,Piso,1.0,1.0,31.0,1.0,0,9
2575,4,Centro,4865,350000,Apartamento,1.0,1.0,72.0,1.0,0,9
2576,4,Centro,4865,299000,Piso,1.0,1.0,59.0,2.0,0,9
2577,4,Centro,4865,265000,Piso,3.0,1.0,84.0,,0,9
2578,4,Centro,4865,349000,Piso,2.0,2.0,72.0,4.0,0,9
2579,4,Centro,4865,395000,Piso,1.0,1.0,68.0,5.0,1,9
2580,4,Centro,4865,350900,Piso,1.0,1.0,67.0,,0,9
2581,4,Centro,4865,340000,Piso,3.0,1.0,80.0,6.0,0,9
2582,4,Centro,4865,560000,Piso,2.0,2.0,103.0,,0,9
2583,4,Centro,4865,350000,Apartamento,1.0,1.0,72.0,1.0,0,9
2584,4,Centro,4865,165000,Piso,2.0,1.0,50.0,,0,9
2585,4,Centro,4865,1200000,Casa adosada,7.0,5.0,343.0,,0,9
2586,4,Centro,4865,265000,Piso,4.0,1.0,134.0,,0,9
2587,4,Centro,4865,850000,Piso,2.0,2.0,145.0,,1,9
2588,4,Centro,4865,420000,Casa o chalet,4.0,2.0,141.0,,0,9
2589,4,Centro,4865,2386700,Casa o chalet,7.0,6.0,1245.0,,1,9
2590,4,Centro,4865,169500,Apartamento,1.0,1.0,32.0,3.0,0,9
2591,4,Centro,4865,425000,Loft,1.0,1.0,60.0,4.0,0,9
2592,4,Centro,4865,530000,Piso,2.0,2.0,90.0,,0,9
2593,4,Centro,4865,497000,Piso,2.0,2.0,83.0,2.0,0,9
2594,4,Centro,4865,1090000,Piso,3.0,3.0,248.0,1.0,0,9
2595,4,Centro,4865,149000,Piso,1.0,1.0,57.0,1.0,0,9
2596,4,Centro,4865,157000,Piso,2.0,1.0,45.0,2.0,0,9
2597,4,Centro,4865,2450000,Piso,4.0,3.0,251.0,3.0,1,9
2598,4,Centro,4865,238000,Piso,3.0,1.0,69.0,2.0,0,9
2599,4,Centro,4865,290000,Piso,1.0,1.0,52.0,3.0,0,9
2600,4,Centro,4865,155000,Planta baja,1.0,1.0,35.0,,0,9
2601,4,Centro,4865,217000,Piso,1.0,1.0,32.0,2.0,0,9
2602,4,Centro,4865,1200000,Casa o chalet,5.0,5.0,239.0,,1,9
2603,4,Centro,4865,335000,Piso,4.0,1.0,100.0,2.0,0,9
2604,4,Centro,4865,1390000,Piso,2.0,3.0,152.0,9.0,1,9
2605,4,Centro,4865,550000,Piso,2.0,1.0,79.0,2.0,0,9
2606,4,Centro,4865,625000,Piso,3.0,2.0,124.0,2.0,1,9
2607,4,Centro,4865,225000,Piso,1.0,1.0,41.0,4.0,0,9
2608,4,Centro,4865,199000,Apartamento,1.0,1.0,30.0,2.0,0,9
2609,4,Centro,4865,169000,Loft,2.0,2.0,85.0,1.0,1,9
2610,4,Centro,4865,435000,Apartamento,2.0,1.0,58.0,1.0,0,9
2611,4,Centro,4865,265000,Piso,4.0,1.0,134.0,,0,9
2612,4,Centro,4865,265000,Piso,4.0,1.0,134.0,,0,9
2613,4,Centro,4865,275000,Piso,3.0,1.0,100.0,,0,9
2614,4,Centro,4865,280000,Piso,2.0,1.0,68.0,,0,9
2615,4,Centro,4865,275000,Piso,3.0,1.0,100.0,,0,9
2616,4,Centro,4865,190683,Apartamento,2.0,2.0,82.0,6.0,0,9
2617,4,Centro,4865,138020,Piso,3.0,1.0,79.0,4.0,0,9
2618,4,Centro,4865,180000,Apartamento,1.0,1.0,54.0,,0,9
2619,4,Centro,4865,199000,Apartamento,1.0,1.0,45.0,,0,9
2620,4,Centro,4865,718000,Piso,4.0,1.0,150.0,1.0,0,9
2621,4,Centro,4865,189900,Piso,3.0,1.0,75.0,,0,9
2622,4,Centro,4865,265000,Piso,4.0,1.0,134.0,,0,9
2623,4,Centro,4865,147500,Ático,1.0,1.0,55.0,3.0,0,9
2624,4,Centro,4865,1300000,Piso,4.0,3.0,252.0,,0,9
2625,4,Centro,4865,680000,Piso,3.0,2.0,150.0,2.0,0,9
2626,4,Centro,4865,1500000,Piso,3.0,4.0,380.0,1.0,0,9
2627,4,Centro,4865,370500,Piso,3.0,2.0,147.0,1.0,0,9
2628,4,Centro,4865,999000,Piso,5.0,5.0,184.0,1.0,0,9
2629,4,Centro,4865,2500000,Piso,3.0,3.0,264.0,5.0,0,9
2630,4,Centro,4865,3990000,Piso,5.0,6.0,438.0,2.0,0,9
2631,4,Centro,4865,179000,Piso,2.0,1.0,57.0,,0,9
2632,4,Centro,4865,1500000,Casa o chalet,5.0,4.0,320.0,,1,9
2633,4,Centro,4865,139000,Piso,2.0,1.0,70.0,1.0,0,9
2634,4,Centro,4865,180000,Piso,2.0,1.0,45.0,3.0,0,9
2635,4,Centro,4865,350000,Piso,2.0,1.0,70.0,3.0,0,9
2636,4,Centro,4865,820000,Piso,2.0,1.0,146.0,,0,9
2637,4,Centro,4865,450000,Piso,2.0,1.0,79.0,,0,9
2638,4,Centro,4865,435000,Piso,2.0,2.0,52.0,1.0,0,9
2639,4,Centro,4865,225000,Ático,2.0,2.0,95.0,,1,9
2640,4,Centro,4865,390000,Piso,,1.0,92.0,,0,9
2641,4,Centro,4865,399000,Piso,5.0,2.0,140.0,4.0,0,9
2642,4,Centro,4865,625000,Piso,3.0,2.0,124.0,2.0,1,9
2643,4,Centro,4865,364900,Piso,2.0,1.0,95.0,1.0,0,9
2644,4,Centro,4865,139000,Piso,2.0,1.0,70.0,1.0,0,9
2645,4,Centro,4865,129000,Piso,2.0,1.0,55.0,1.0,0,9
2646,4,Centro,4865,430000,Piso,1.0,1.0,55.0,2.0,0,9
2647,4,Centro,4865,380000,Piso,2.0,1.0,78.0,1.0,0,9
2648,4,Centro,4865,305000,Piso,2.0,2.0,88.0,1.0,0,9
2649,4,Centro,4865,142000,Piso,2.0,1.0,65.0,1.0,0,9
2650,4,Centro,4865,1160000,Piso,4.0,3.0,216.0,,0,9
2651,4,Centro,4865,385000,Piso,4.0,2.0,100.0,1.0,0,9
2652,4,Centro,4865,215000,Apartamento,1.0,1.0,45.0,,0,9
2653,4,Centro,4865,150000,Piso,1.0,1.0,78.0,,0,9
2654,4,Centro,4865,235000,Estudio,,1.0,42.0,3.0,0,9
2655,4,Centro,4865,265000,Piso,4.0,1.0,134.0,,0,9
2656,4,Centro,4865,1095000,Piso,3.0,2.0,146.0,3.0,1,9
2657,4,Centro,4865,430000,Piso,1.0,1.0,55.0,2.0,0,9
2658,4,Centro,4865,235000,Estudio,,1.0,42.0,3.0,0,9
2659,4,Centro,4865,430000,Piso,1.0,1.0,55.0,2.0,0,9
2660,4,Centro,4865,1250000,Casa o chalet,5.0,5.0,400.0,,1,9
2661,4,Centro,4865,1300000,Piso,4.0,3.0,252.0,,0,9
2662,4,Centro,4865,214500,Piso,3.0,1.0,81.0,,0,9
2663,4,Centro,4865,195000,Piso,1.0,1.0,31.0,1.0,0,9
2664,4,Centro,4865,275000,Piso,3.0,1.0,100.0,,0,9
2665,4,Centro,4865,580000,Piso,2.0,2.0,87.0,1.0,0,9
2666,4,Centro,4865,139000,Piso,2.0,1.0,70.0,1.0,0,9
2667,4,Centro,4865,580000,Piso,5.0,2.0,133.0,3.0,0,9
2668,4,Centro,4865,1090000,Piso,3.0,3.0,248.0,1.0,0,9
2669,4,Centro,4865,849000,Casa adosada,6.0,3.0,180.0,,0,9
2670,4,Centro,4865,399000,Piso,1.0,1.0,62.0,4.0,0,9
2671,4,Centro,4865,310000,Estudio,1.0,1.0,59.0,5.0,0,9
2672,4,Centro,4865,865000,Piso,2.0,2.0,138.0,,0,9
2673,4,Centro,4865,1360000,Dúplex,2.0,2.0,196.0,,1,9
2674,4,Centro,4865,560000,Piso,2.0,2.0,103.0,,0,9
2675,4,Centro,4865,149900,Piso,2.0,1.0,69.0,4.0,0,9
2676,4,Centro,4865,154000,Piso,3.0,1.0,37.0,1.0,0,9
2677,4,Centro,4865,210000,Piso,1.0,1.0,51.0,1.0,0,9
2678,4,Centro,4865,220000,Piso,3.0,1.0,69.0,5.0,0,9
2679,4,Centro,4865,360000,Piso,2.0,1.0,90.0,2.0,0,9
2680,4,Centro,4865,938000,Piso,2.0,2.0,117.0,,0,9
2681,4,Centro,4865,139900,Piso,2.0,1.0,56.0,,0,9
2682,4,Centro,4865,495000,Piso,1.0,1.0,86.0,4.0,1,9
2683,4,Centro,4865,140275,Piso,3.0,1.0,66.0,,0,9
2684,4,Centro,4865,1100000,Piso,6.0,6.0,148.0,1.0,0,9
2685,4,Centro,4865,180000,Piso,1.0,1.0,51.0,3.0,0,9
2686,4,Centro,4865,298000,Piso,3.0,1.0,81.0,3.0,0,9
2687,4,Centro,4865,240000,Apartamento,1.0,1.0,42.0,4.0,0,9
2688,4,Centro,4865,960000,Piso,5.0,3.0,200.0,3.0,0,9
2689,4,Centro,4865,450000,Piso,5.0,2.0,170.0,1.0,0,9
2690,4,Centro,4865,499900,Piso,2.0,2.0,78.0,7.0,0,9
2691,4,Centro,4865,275000,Piso,2.0,1.0,70.0,1.0,0,9
2692,4,Centro,4865,1290000,Piso,3.0,2.0,144.0,,0,9
2693,4,Centro,4865,218500,Piso,1.0,1.0,63.0,5.0,0,9
2694,4,Centro,4865,76000,Piso,2.0,1.0,48.0,2.0,0,9
2695,4,Centro,4865,730000,Piso,1.0,1.0,86.0,5.0,0,9
2696,4,Centro,4865,440000,Piso,2.0,1.0,139.0,1.0,0,9
2697,4,Centro,4865,275000,Piso,3.0,1.0,100.0,,0,9
2698,4,Centro,4865,139000,Piso,1.0,1.0,51.0,3.0,0,9
2699,4,Centro,4865,510000,Piso,1.0,1.0,130.0,,0,9
2700,4,Centro,4865,260000,Piso,2.0,1.0,60.0,2.0,0,9
2701,4,Centro,4865,319000,Ático,1.0,1.0,88.0,4.0,0,9
2702,4,Centro,4865,102000,Piso,1.0,1.0,40.0,,0,9
2703,4,Centro,4865,235000,Piso,3.0,2.0,101.0,,0,9
2704,4,Centro,4865,355000,Ático,1.0,1.0,49.0,,0,9
2705,4,Centro,4865,170000,Piso,1.0,1.0,50.0,1.0,0,9
2706,4,Centro,4865,275000,Piso,2.0,1.0,50.0,4.0,0,9
2707,4,Centro,4865,700000,Piso,2.0,1.0,71.0,6.0,1,9
2708,4,Centro,4865,2230000,Piso,5.0,5.0,449.0,2.0,1,9
2709,4,Centro,4865,620000,Ático,2.0,1.0,81.0,7.0,1,9
2710,4,Centro,4865,139000,Piso,2.0,1.0,70.0,1.0,0,9
2711,4,Centro,4865,718000,Piso,4.0,1.0,150.0,1.0,0,9
2712,4,Centro,4865,599000,Piso,3.0,1.0,140.0,4.0,0,9
2713,4,Centro,4865,182000,Piso,4.0,1.0,80.0,2.0,0,9
2714,4,Centro,4865,300000,Piso,3.0,1.0,85.0,2.0,0,9
2715,4,Centro,4865,128500,Piso,3.0,1.0,79.0,,0,9
2716,4,Centro,4865,590000,Piso,4.0,1.0,135.0,4.0,0,9
2717,4,Centro,4865,440000,Piso,2.0,1.0,139.0,1.0,0,9
2718,4,Centro,4865,1090000,Piso,3.0,3.0,248.0,1.0,0,9
2719,4,Centro,4865,550000,Piso,4.0,3.0,125.0,4.0,0,9
2720,4,Centro,4865,265000,Piso,4.0,1.0,134.0,,0,9
2721,4,Centro,4865,235000,Estudio,,1.0,42.0,3.0,0,9
2722,4,Centro,4865,440000,Piso,2.0,1.0,139.0,1.0,0,9
2723,4,Centro,4865,260000,Dúplex,2.0,1.0,90.0,,0,9
2724,4,Centro,4865,275000,Piso,3.0,1.0,100.0,,0,9
2725,4,Centro,4865,350000,Apartamento,1.0,1.0,76.0,3.0,0,9
2726,4,Centro,4865,420000,Piso,3.0,1.0,99.0,1.0,0,9
2727,4,Centro,4865,995000,Casa o chalet,5.0,4.0,223.0,,1,9
2728,4,Centro,4865,2390000,Piso,5.0,3.0,282.0,11.0,1,9
2729,4,Centro,4865,349000,Piso,1.0,1.0,69.0,2.0,1,9
2730,4,Centro,4865,1290000,Apartamento,3.0,3.0,142.0,,0,9
2731,4,Centro,4865,1300000,Piso,4.0,3.0,252.0,,0,9
2732,4,Centro,4865,925000,Piso,4.0,4.0,204.0,1.0,0,9
2733,4,Centro,4865,559000,Piso,3.0,3.0,118.0,,0,9
2734,4,Centro,4865,440000,Piso,2.0,1.0,139.0,1.0,0,9
2735,4,Centro,4865,692000,Piso,2.0,2.0,157.0,4.0,0,9
2736,4,Centro,4865,265000,Piso,4.0,1.0,134.0,,0,9
2737,4,Centro,4865,129000,Piso,2.0,1.0,64.0,,0,9
2738,4,Centro,4865,535000,Piso,2.0,2.0,245.0,,0,9
2739,4,Centro,4865,215000,Piso,3.0,1.0,75.0,1.0,0,9
2740,4,Centro,4865,785000,Casa o chalet,5.0,4.0,260.0,,1,9
2741,4,Centro,4865,275000,Piso,3.0,1.0,100.0,,0,9
2742,4,Centro,4865,280000,Piso,1.0,1.0,55.0,2.0,0,9
2743,4,Centro,4865,260000,Piso,3.0,2.0,79.0,1.0,0,9
2744,4,Centro,4865,515000,Piso,4.0,1.0,141.0,1.0,0,9
2745,4,Centro,4865,625000,Piso,3.0,2.0,124.0,2.0,1,9
2746,4,Centro,4865,1140000,Piso,6.0,3.0,208.0,,0,9
2747,4,Centro,4865,990000,Piso,4.0,3.0,215.0,1.0,0,9
2748,4,Centro,4865,530000,Piso,,,138.0,4.0,0,9
2749,4,Centro,4865,120000,Piso,3.0,1.0,90.0,,0,9
2750,4,Centro,4865,297000,Piso,2.0,1.0,71.0,2.0,0,9
2751,4,Centro,4865,150000,Piso,1.0,1.0,78.0,,0,9
2752,4,Centro,4865,280000,Piso,3.0,2.0,110.0,,0,9
2753,4,Centro,4865,870000,Piso,3.0,3.0,125.0,4.0,0,9
2754,4,Centro,4865,269000,Piso,4.0,2.0,110.0,1.0,0,9
2755,4,Centro,4865,1090000,Piso,3.0,3.0,248.0,1.0,0,9
2756,4,Centro,4865,440000,Piso,2.0,1.0,139.0,1.0,0,9
2757,4,Centro,4865,299000,Piso,1.0,1.0,59.0,2.0,0,9
2758,4,Centro,4865,440000,Piso,2.0,1.0,139.0,1.0,0,9
2759,4,Centro,4865,490000,Piso,1.0,1.0,80.0,2.0,0,9
2760,4,Centro,4865,1000000,Piso,2.0,2.0,292.0,,0,9
2761,4,Centro,4865,440000,Piso,2.0,1.0,139.0,1.0,0,9
2762,4,Centro,4865,299000,Piso,1.0,1.0,59.0,2.0,0,9
2763,4,Centro,4865,350000,Apartamento,1.0,1.0,72.0,1.0,0,9
2764,4,Centro,4865,275000,Piso,3.0,1.0,100.0,,0,9
2765,4,Centro,4865,299000,Piso,1.0,1.0,42.0,1.0,0,9
2766,4,Centro,4865,440000,Piso,2.0,1.0,139.0,1.0,0,9
2767,4,Centro,4865,1100000,Piso,6.0,6.0,129.0,1.0,0,9
2768,4,Centro,4865,440000,Piso,2.0,1.0,139.0,1.0,0,9
2769,4,Centro,4865,335000,Piso,1.0,1.0,59.0,1.0,0,9
2770,4,Centro,4865,1190000,Piso,3.0,3.0,309.0,1.0,1,9
2771,4,Centro,4865,390000,Piso,1.0,1.0,45.0,2.0,0,9
2772,4,Centro,4865,109000,Piso,3.0,1.0,60.0,4.0,0,9
2773,4,Centro,4865,1090000,Piso,3.0,3.0,248.0,1.0,0,9
2774,4,Centro,4865,230000,Piso,2.0,1.0,88.0,4.0,0,9
2775,4,Centro,4865,1090000,Piso,3.0,3.0,248.0,1.0,0,9
2776,4,Centro,4865,625000,Piso,3.0,2.0,124.0,2.0,1,9
2777,4,Centro,4865,1090000,Piso,3.0,3.0,248.0,1.0,0,9
2778,4,Centro,4865,718000,Piso,4.0,1.0,150.0,1.0,0,9
2779,4,Centro,4865,2000000,Piso,4.0,4.0,393.0,2.0,1,9
2780,4,Centro,4865,150000,Piso,1.0,1.0,78.0,,0,9
2781,4,Centro,4865,320000,Piso,3.0,2.0,62.0,1.0,0,9
2782,4,Centro,4865,155900,Piso,3.0,1.0,63.0,,0,9
2783,4,Centro,4865,270000,Piso,2.0,2.0,87.0,,0,9
2784,4,Centro,4865,625000,Piso,3.0,2.0,124.0,2.0,1,9
2785,4,Centro,4865,1090000,Piso,3.0,3.0,248.0,1.0,0,9
2786,4,Centro,4865,1090000,Piso,3.0,3.0,248.0,1.0,0,9
2787,4,Centro,4865,275000,Piso,3.0,1.0,100.0,,0,9
2788,4,Centro,4865,265000,Apartamento,1.0,1.0,42.0,2.0,0,9
2789,4,Centro,4865,128000,Piso,2.0,1.0,55.0,2.0,0,9
2790,4,Centro,4865,860000,Piso,6.0,4.0,291.0,,1,9
2791,4,Centro,4865,555000,Piso,3.0,2.0,128.0,2.0,0,9
2792,4,Centro,4865,432000,Piso,3.0,2.0,141.0,,0,9
2793,4,Centro,4865,395000,Piso,1.0,1.0,55.0,2.0,0,9
2794,4,Centro,4865,430000,Piso,1.0,1.0,55.0,2.0,0,9
2795,4,Centro,4865,1900000,Piso,3.0,3.0,208.0,2.0,0,9
2796,4,Centro,4865,419000,Piso,4.0,2.0,106.0,2.0,0,9
2797,4,Centro,4865,350000,Apartamento,1.0,1.0,72.0,1.0,0,9
2798,4,Centro,4865,770000,Piso,2.0,3.0,94.0,4.0,0,9
2799,4,Centro,4865,265900,Piso,2.0,1.0,51.0,2.0,0,9
2800,4,Centro,4865,129000,Piso,1.0,1.0,58.0,,0,9
2801,4,Centro,4865,718000,Piso,4.0,1.0,150.0,1.0,0,9
2802,4,Centro,4865,779000,Piso,4.0,3.0,182.0,4.0,1,9
2803,4,Centro,4865,1700000,Piso,4.0,3.0,275.0,2.0,0,9
2804,4,Centro,4865,200000,Casa adosada,3.0,2.0,96.0,,0,9
2805,4,Centro,4865,399000,Piso,4.0,2.0,99.0,3.0,0,9
2806,4,Centro,4865,690000,Piso,5.0,2.0,138.0,4.0,0,9
2807,4,Centro,4865,430000,Piso,2.0,1.0,68.0,4.0,0,9
2808,4,Centro,4865,440000,Piso,2.0,1.0,139.0,1.0,0,9
2809,4,Centro,4865,170000,Dúplex,2.0,2.0,106.0,,0,9
2810,4,Centro,4865,299000,Piso,1.0,1.0,59.0,2.0,0,9
2811,4,Centro,4865,199990,Planta baja,4.0,2.0,114.0,,0,9
2812,4,Centro,4865,240000,Piso,2.0,1.0,70.0,1.0,1,9
2813,4,Centro,4865,420000,Piso,4.0,2.0,112.0,,0,9
2814,4,Centro,4865,265000,Piso,4.0,1.0,134.0,,0,9
2815,4,Centro,4865,199000,Apartamento,1.0,1.0,30.0,2.0,0,9
2816,4,Centro,4865,199000,Piso,2.0,1.0,54.0,1.0,0,9
2817,4,Centro,4865,355000,Piso,4.0,1.0,102.0,2.0,0,9
2818,4,Centro,4865,141500,Piso,2.0,1.0,62.0,,0,9
2819,4,Centro,4865,430000,Piso,2.0,2.0,87.0,,1,9
2820,4,Centro,4865,740000,Piso,5.0,2.0,168.0,2.0,0,9
2821,4,Centro,4865,400000,Piso,1.0,1.0,86.0,3.0,0,9
2822,4,Centro,4865,769000,Piso,2.0,3.0,135.0,3.0,0,9
2823,4,Centro,4865,999000,Piso,4.0,2.0,158.0,6.0,0,9
2824,4,Centro,4865,830000,Ático,2.0,2.0,93.0,4.0,0,9
2825,4,Centro,4865,825000,Piso,3.0,2.0,153.0,2.0,0,9
2826,4,Centro,4865,350000,Piso,,,79.0,,0,9
2827,4,Centro,4865,1090000,Piso,3.0,3.0,248.0,1.0,0,9
2828,4,Centro,4865,3750000,Dúplex,6.0,6.0,530.0,,1,9
2829,4,Centro,4865,675000,Piso,3.0,3.0,90.0,4.0,0,9
2830,4,Centro,4865,995000,Piso,7.0,1.0,185.0,,0,9
2831,4,Centro,4865,779000,Piso,2.0,2.0,166.0,5.0,0,9
2832,4,Centro,4865,139000,Piso,2.0,1.0,70.0,1.0,0,9
2833,4,Centro,4865,718000,Piso,4.0,1.0,150.0,1.0,0,9
2834,4,Centro,4865,85000,Piso,1.0,1.0,51.0,,0,9
2835,4,Centro,4865,265000,Piso,4.0,1.0,134.0,,0,9
2836,4,Centro,4865,253000,Piso,3.0,2.0,76.0,,0,9
2837,4,Centro,4865,719000,Piso,2.0,3.0,135.0,3.0,0,9
2838,4,Centro,4865,267000,Piso,3.0,2.0,267000.0,4.0,0,9
2839,4,Centro,4865,275000,Piso,3.0,1.0,100.0,,0,9
2840,4,Centro,4865,320000,Piso,3.0,2.0,62.0,1.0,0,9
2841,4,Centro,4865,2291900,Piso,8.0,2.0,231.0,6.0,0,9
2842,4,Centro,4865,203000,Piso,2.0,1.0,55.0,,0,9
2843,4,Centro,4865,1100000,Piso,7.0,6.0,129.0,,0,9
2844,4,Centro,4865,169900,Piso,1.0,1.0,56.0,1.0,0,9
2845,4,Centro,4865,275000,Piso,3.0,1.0,100.0,,0,9
2846,4,Centro,4865,750000,Piso,2.0,2.0,109.0,3.0,0,9
2847,4,Centro,4865,445000,Dúplex,2.0,2.0,117.0,,0,9
2848,4,Centro,4865,249000,Piso,2.0,1.0,63.0,2.0,0,9
2849,4,Centro,4865,111111,Casa adosada,9.0,2.0,230.0,,0,9
2850,4,Centro,4865,630000,Dúplex,4.0,2.0,160.0,4.0,0,9
2851,4,Centro,4865,299000,Piso,1.0,1.0,59.0,2.0,0,9
2852,4,Centro,4865,150000,Piso,1.0,1.0,78.0,,0,9
2853,4,Centro,4865,1090000,Piso,3.0,3.0,248.0,1.0,0,9
2854,4,Centro,4865,499000,Piso,3.0,2.0,127.0,,1,9
2855,4,Centro,4865,460000,Piso,,1.0,80.0,2.0,0,9
2856,4,Centro,4865,279000,Piso,1.0,1.0,42.0,1.0,0,9
2857,4,Centro,4865,490000,Piso,4.0,2.0,137.0,,0,9
2858,4,Centro,4865,595000,Piso,4.0,2.0,125.0,1.0,1,9
2859,4,Centro,4865,299000,Piso,1.0,1.0,59.0,2.0,0,9
2860,4,Centro,4865,150000,Piso,1.0,1.0,78.0,,0,9
2861,4,Centro,4865,349000,Piso,2.0,2.0,72.0,4.0,0,9
2862,4,Centro,4865,820000,Piso,2.0,2.0,115.0,3.0,0,9
2863,4,Centro,4865,798000,Piso,2.0,2.0,118.0,5.0,0,9
2864,3,Chamartín,4999,320000,Piso,3.0,2.0,62.0,1.0,0,8
2865,3,Chamartín,4999,665000,Piso,4.0,2.0,156.0,5.0,0,8
2866,3,Chamartín,4999,1355000,Ático,5.0,4.0,314.0,,1,8
2867,3,Chamartín,4999,439000,Piso,3.0,2.0,105.0,,0,8
2868,3,Chamartín,4999,130000,Piso,2.0,1.0,50.0,,0,8
2869,3,Chamartín,4999,865000,Piso,5.0,2.0,141.0,5.0,0,8
2870,3,Chamartín,4999,125000,Piso,2.0,1.0,55.0,,0,8
2871,3,Chamartín,4999,295000,Piso,2.0,1.0,44.0,3.0,0,8
2872,3,Chamartín,4999,209000,Piso,3.0,1.0,83.0,,0,8
2873,3,Chamartín,4999,449000,Apartamento,1.0,1.0,68.0,5.0,0,8
2874,3,Chamartín,4999,150000,Piso,3.0,1.0,65.0,1.0,0,8
2875,3,Chamartín,4999,139000,Piso,2.0,1.0,61.0,,0,8
2876,3,Chamartín,4999,1500000,Piso,2.0,1.0,187.0,,0,8
2877,3,Chamartín,4999,150000,Piso,3.0,1.0,65.0,1.0,0,8
2878,3,Chamartín,4999,245000,Piso,2.0,2.0,58.0,,0,8
2879,3,Chamartín,4999,230000,Piso,2.0,1.0,68.0,6.0,0,8
2880,3,Chamartín,4999,470000,Piso,3.0,1.0,83.0,,1,8
2881,3,Chamartín,4999,1172000,Piso,3.0,2.0,189.0,,0,8
2882,3,Chamartín,4999,158470,Piso,1.0,1.0,50.0,,1,8
2883,3,Chamartín,4999,2300000,Piso,4.0,4.0,271.0,3.0,1,8
2884,3,Chamartín,4999,250000,Piso,1.0,1.0,64.0,,0,8
2885,3,Chamartín,4999,1050000,Piso,5.0,2.0,210.0,3.0,1,8
2886,3,Chamartín,4999,79000,Piso,3.0,1.0,67.0,,0,8
2887,3,Chamartín,4999,190000,Piso,1.0,1.0,38.0,,0,8
2888,3,Chamartín,4999,490000,Piso,3.0,2.0,118.0,1.0,1,8
2889,3,Chamartín,4999,158470,Piso,1.0,1.0,50.0,,1,8
2890,3,Chamartín,4999,145000,Piso,1.0,1.0,48.0,3.0,1,8
2891,3,Chamartín,4999,158470,Piso,1.0,1.0,50.0,,1,8
2892,3,Chamartín,4999,380000,Piso,4.0,1.0,103.0,1.0,0,8
2893,3,Chamartín,4999,2500000,Piso,3.0,4.0,238.0,2.0,0,8
2894,3,Chamartín,4999,158470,Piso,1.0,1.0,50.0,,1,8
2895,3,Chamartín,4999,4950000,Casa o chalet,6.0,6.0,714.0,,1,8
2896,3,Chamartín,4999,1100000,Piso,3.0,2.0,265.0,,0,8
2897,3,Chamartín,4999,99000,Piso,2.0,1.0,55.0,,0,8
2898,3,Chamartín,4999,537000,Piso,2.0,1.0,93.0,4.0,1,8
2899,3,Chamartín,4999,3300000,Casa adosada,6.0,4.0,402.0,,1,8
2900,3,Chamartín,4999,530000,Piso,4.0,2.0,116.0,2.0,0,8
2901,3,Chamartín,4999,449000,Apartamento,1.0,1.0,68.0,5.0,0,8
2902,3,Chamartín,4999,150000,Piso,3.0,1.0,65.0,1.0,0,8
2903,3,Chamartín,4999,1195000,Piso,4.0,4.0,207.0,3.0,1,8
2904,3,Chamartín,4999,885000,Casa adosada,4.0,4.0,271.0,,1,8
2905,3,Chamartín,4999,630000,Piso,3.0,2.0,150.0,,1,8
2906,3,Chamartín,4999,1840000,Piso,3.0,4.0,260.0,4.0,1,8
2907,3,Chamartín,4999,249500,Piso,2.0,1.0,61.0,3.0,0,8
2908,3,Chamartín,4999,158470,Piso,1.0,1.0,50.0,,1,8
2909,3,Chamartín,4999,198000,Piso,2.0,1.0,,3.0,0,8
2910,3,Chamartín,4999,158470,Piso,1.0,1.0,50.0,,1,8
2911,3,Chamartín,4999,515000,Piso,3.0,2.0,130.0,1.0,1,8
2912,3,Chamartín,4999,334000,Piso,3.0,2.0,107.0,3.0,1,8
2913,3,Chamartín,4999,980000,Piso,4.0,3.0,212.0,1.0,1,8
2914,3,Chamartín,4999,191000,Piso,2.0,1.0,75.0,,0,8
2915,3,Chamartín,4999,632400,Piso,4.0,3.0,171.0,3.0,0,8
2916,3,Chamartín,4999,1190000,Piso,4.0,4.0,177.0,2.0,1,8
2917,3,Chamartín,4999,225000,Estudio,,1.0,,5.0,0,8
2918,3,Chamartín,4999,525000,Piso,3.0,2.0,153.0,1.0,0,8
2919,3,Chamartín,4999,355000,Piso,2.0,2.0,46.0,,0,8
2920,3,Chamartín,4999,125000,Piso,3.0,2.0,73.0,,0,8
2921,3,Chamartín,4999,125000,Piso,2.0,1.0,70.0,3.0,0,8
2922,3,Chamartín,4999,194000,Piso,2.0,1.0,41.0,,0,8
2923,3,Chamartín,4999,449000,Piso,1.0,1.0,68.0,5.0,0,8
2924,3,Chamartín,4999,935000,Piso,3.0,2.0,145.0,4.0,0,8
2925,3,Chamartín,4999,155000,Piso,1.0,1.0,45.0,4.0,1,8
2926,3,Chamartín,4999,128399,Piso,3.0,1.0,84.0,10.0,0,8
2927,3,Chamartín,4999,79000,Piso,2.0,1.0,52.0,,0,8
2928,3,Chamartín,4999,1200000,Ático,3.0,4.0,210.0,7.0,1,8
2929,3,Chamartín,4999,150000,Piso,3.0,1.0,65.0,1.0,0,8
2930,3,Chamartín,4999,632400,Piso,4.0,3.0,171.0,3.0,0,8
2931,3,Chamartín,4999,419500,Piso,2.0,2.0,58.0,,0,8
2932,3,Chamartín,4999,340000,Piso,1.0,1.0,69.0,1.0,1,8
2933,3,Chamartín,4999,469000,Loft,3.0,2.0,120.0,,0,8
2934,3,Chamartín,4999,198000,Piso,2.0,1.0,,3.0,0,8
2935,3,Chamartín,4999,1950000,Piso,4.0,4.0,240.0,4.0,1,8
2936,3,Chamartín,4999,498000,Piso,1.0,1.0,75.0,7.0,0,8
2937,3,Chamartín,4999,495000,Piso,3.0,2.0,106.0,,0,8
2938,3,Chamartín,4999,479000,Piso,3.0,2.0,119.0,1.0,0,8
2939,3,Chamartín,4999,132500,Piso,2.0,1.0,50.0,,0,8
2940,3,Chamartín,4999,370000,Piso,2.0,1.0,81.0,5.0,0,8
2941,3,Chamartín,4999,379000,Piso,3.0,2.0,72.0,,0,8
2942,3,Chamartín,4999,495000,Piso,3.0,2.0,106.0,,0,8
2943,3,Chamartín,4999,161000,Piso,2.0,1.0,65.0,,0,8
2944,3,Chamartín,4999,449000,Apartamento,1.0,1.0,68.0,5.0,0,8
2945,3,Chamartín,4999,495000,Piso,3.0,2.0,106.0,,0,8
2946,3,Chamartín,4999,90000,Piso,1.0,1.0,54.0,,0,8
2947,3,Chamartín,4999,310000,Piso,1.0,1.0,67.0,8.0,0,8
2948,3,Chamartín,4999,1540000,Dúplex,3.0,3.0,255.0,3.0,1,8
2949,3,Chamartín,4999,449000,Apartamento,1.0,1.0,68.0,5.0,0,8
2950,3,Chamartín,4999,430000,Piso,7.0,2.0,123.0,,0,8
2951,3,Chamartín,4999,369500,Piso,2.0,1.0,82.0,,0,8
2952,3,Chamartín,4999,425000,Apartamento,1.0,1.0,52.0,4.0,0,8
2953,3,Chamartín,4999,82800,Piso,1.0,1.0,27.0,,0,8
2954,3,Chamartín,4999,198000,Piso,2.0,1.0,,3.0,0,8
2955,3,Chamartín,4999,3995000,Casa o chalet,6.0,6.0,647.0,,1,8
2956,3,Chamartín,4999,390000,Piso,2.0,2.0,82.0,3.0,1,8
2957,3,Chamartín,4999,978000,Piso,6.0,3.0,216.0,2.0,0,8
2958,3,Chamartín,4999,795000,Piso,3.0,2.0,165.0,4.0,1,8
2959,3,Chamartín,4999,279900,Piso,1.0,1.0,53.0,,0,8
2960,3,Chamartín,4999,800000,Piso,4.0,3.0,180.0,1.0,1,8
2961,3,Chamartín,4999,385000,Piso,3.0,1.0,88.0,3.0,0,8
2962,3,Chamartín,4999,449000,Piso,1.0,1.0,68.0,5.0,0,8
2963,3,Chamartín,4999,682000,Piso,7.0,3.0,5392.0,1.0,1,8
2964,3,Chamartín,4999,1850000,Piso,6.0,4.0,296.0,4.0,1,8
2965,3,Chamartín,4999,495000,Piso,3.0,2.0,106.0,,0,8
2966,3,Chamartín,4999,890000,Piso,4.0,3.0,249.0,,1,8
2967,3,Chamartín,4999,220000,Piso,3.0,1.0,87.0,1.0,0,8
2968,3,Chamartín,4999,1195000,Piso,3.0,4.0,207.0,3.0,1,8
2969,3,Chamartín,4999,1395000,Piso,3.0,3.0,170.0,,0,8
2970,3,Chamartín,4999,158470,Piso,1.0,1.0,50.0,,1,8
2971,3,Chamartín,4999,150000,Piso,3.0,1.0,65.0,1.0,0,8
2972,3,Chamartín,4999,850000,Piso,3.0,2.0,150.0,2.0,0,8
2973,3,Chamartín,4999,435000,Piso,2.0,1.0,82.0,3.0,0,8
2974,3,Chamartín,4999,1200000,Piso,4.0,3.0,190.0,4.0,0,8
2975,3,Chamartín,4999,1500000,Ático,5.0,3.0,333.0,,1,8
2976,3,Chamartín,4999,875000,Piso,3.0,3.0,183.0,7.0,0,8
2977,3,Chamartín,4999,550000,Piso,3.0,2.0,90.0,5.0,0,8
2978,3,Chamartín,4999,680000,Piso,4.0,2.0,251.0,,1,8
2979,3,Chamartín,4999,158470,Piso,1.0,1.0,50.0,,1,8
2980,3,Chamartín,4999,470000,Piso,3.0,2.0,120.0,1.0,0,8
2981,3,Chamartín,4999,145000,Piso,3.0,1.0,73.0,1.0,0,8
2982,3,Chamartín,4999,340000,Piso,2.0,1.0,46.0,,0,8
2983,3,Chamartín,4999,632400,Piso,4.0,3.0,171.0,3.0,0,8
2984,3,Chamartín,4999,420000,Piso,,2.0,144.0,1.0,1,8
2985,3,Chamartín,4999,1200000,Piso,4.0,3.0,215.0,6.0,0,8
2986,3,Chamartín,4999,460000,Loft,3.0,2.0,119.0,,0,8
2987,3,Chamartín,4999,198000,Piso,2.0,1.0,,3.0,0,8
2988,3,Chamartín,4999,1595000,Ático,4.0,3.0,298.0,3.0,1,8
2989,3,Chamartín,4999,450000,Piso,4.0,1.0,123.0,5.0,0,8
2990,3,Chamartín,4999,632400,Piso,4.0,3.0,171.0,3.0,0,8
2991,3,Chamartín,4999,601000,Piso,4.0,3.0,187.0,1.0,1,8
2992,3,Chamartín,4999,665000,Piso,4.0,2.0,155.0,5.0,0,8
2993,3,Chamartín,4999,573000,Piso,3.0,2.0,108.0,1.0,1,8
2994,3,Chamartín,4999,2700000,Piso,5.0,4.0,366.0,1.0,1,8
2995,3,Chamartín,4999,698000,Piso,5.0,3.0,282.0,3.0,1,8
2996,3,Chamartín,4999,338000,Piso,2.0,1.0,94.0,3.0,0,8
2997,3,Chamartín,4999,342000,Dúplex,2.0,2.0,89.0,,0,8
2998,3,Chamartín,4999,155000,Piso,1.0,1.0,41.0,1.0,0,8
2999,3,Chamartín,4999,230000,Piso,3.0,1.0,73.0,,0,8
3000,3,Chamartín,4999,198000,Piso,3.0,1.0,78.0,2.0,0,8
3001,3,Chamartín,4999,590000,Piso,3.0,2.0,122.0,5.0,0,8
3002,3,Chamartín,4999,2990000,Piso,5.0,6.0,576.0,,1,8
3003,3,Chamartín,4999,660000,Piso,4.0,2.0,165.0,1.0,0,8
3004,3,Chamartín,4999,338000,Piso,2.0,1.0,94.0,3.0,0,8
3005,3,Chamartín,4999,410000,Piso,1.0,1.0,56.0,7.0,0,8
3006,3,Chamartín,4999,198000,Piso,2.0,1.0,,3.0,0,8
3007,3,Chamartín,4999,157500,Piso,3.0,1.0,55.0,6.0,0,8
3008,3,Chamartín,4999,495000,Piso,3.0,2.0,106.0,,0,8
3009,3,Chamartín,4999,2995000,Piso,5.0,5.0,560.0,,1,8
3010,3,Chamartín,4999,449000,Piso,1.0,1.0,68.0,5.0,0,8
3011,3,Chamartín,4999,325000,Estudio,1.0,1.0,52.0,3.0,0,8
3012,3,Chamartín,4999,150000,Piso,3.0,1.0,65.0,1.0,0,8
3013,3,Chamartín,4999,338000,Piso,2.0,1.0,94.0,3.0,0,8
3014,3,Chamartín,4999,2100000,Piso,5.0,3.0,226.0,3.0,1,8
3015,3,Chamartín,4999,498000,Piso,1.0,1.0,75.0,7.0,0,8
3016,3,Chamartín,4999,1250000,Piso,3.0,4.0,207.0,3.0,1,8
3017,3,Chamartín,4999,640000,Piso,4.0,2.0,149.0,8.0,0,8
3018,3,Chamartín,4999,450000,Piso,2.0,1.0,72.0,8.0,0,8
3019,3,Chamartín,4999,325000,Piso,3.0,2.0,100.0,4.0,1,8
3020,3,Chamartín,4999,79000,Piso,2.0,1.0,52.0,,0,8
3021,3,Chamartín,4999,2300000,Piso,4.0,4.0,271.0,3.0,1,8
3022,3,Chamartín,4999,975000,Ático,3.0,4.0,232.0,,1,8
3023,3,Chamartín,4999,140000,Piso,3.0,1.0,60.0,,0,8
3024,3,Chamartín,4999,150000,Piso,3.0,1.0,65.0,1.0,0,8
3025,3,Chamartín,4999,198000,Piso,2.0,1.0,,3.0,0,8
3026,3,Chamartín,4999,955000,Piso,3.0,2.0,145.0,4.0,0,8
3027,3,Chamartín,4999,158470,Piso,1.0,1.0,50.0,,1,8
3028,3,Chamartín,4999,3700000,Casa adosada,6.0,6.0,450.0,,1,8
3029,3,Chamartín,4999,387000,Piso,2.0,2.0,83.0,2.0,0,8
3030,3,Chamartín,4999,158470,Piso,1.0,1.0,50.0,,1,8
3031,3,Chamartín,4999,775000,Piso,5.0,3.0,182.0,2.0,0,8
3032,3,Chamartín,4999,150000,Piso,3.0,1.0,65.0,1.0,0,8
3033,3,Chamartín,4999,2700000,Piso,5.0,3.0,366.0,,1,8
3034,3,Chamartín,4999,169000,Piso,1.0,1.0,66.0,,1,8
3035,3,Chamartín,4999,790000,Piso,3.0,2.0,169.0,11.0,0,8
3036,3,Chamartín,4999,140000,Piso,1.0,1.0,40.0,,0,8
3037,3,Chamartín,4999,498000,Piso,1.0,1.0,75.0,7.0,0,8
3038,3,Chamartín,4999,150000,Piso,3.0,1.0,65.0,1.0,0,8
3039,3,Chamartín,4999,79900,Piso,1.0,1.0,32.0,,0,8
3040,3,Chamartín,4999,535000,Ático,2.0,2.0,126.0,,0,8
3041,3,Chamartín,4999,220000,Piso,2.0,1.0,52.0,,0,8
3042,3,Chamartín,4999,435000,Piso,2.0,2.0,90.0,2.0,0,8
3043,3,Chamartín,4999,495000,Piso,3.0,2.0,106.0,,0,8
3044,3,Chamartín,4999,520000,Piso,4.0,2.0,110.0,4.0,0,8
3045,3,Chamartín,4999,980000,Piso,4.0,2.0,168.0,1.0,0,8
3046,3,Chamartín,4999,495000,Piso,3.0,2.0,106.0,,0,8
3047,3,Chamartín,4999,910000,Piso,4.0,2.0,175.0,,1,8
3048,3,Chamartín,4999,2500000,Casa adosada,5.0,4.0,369.0,,1,8
3049,3,Chamartín,4999,2200000,Casa o chalet,5.0,6.0,430.0,,1,8
3050,3,Chamartín,4999,112500,Piso,3.0,1.0,67.0,,0,8
3051,3,Chamartín,4999,1345000,Piso,3.0,3.0,335.0,,1,8
3052,3,Chamartín,4999,250000,Piso,1.0,1.0,78.0,1.0,0,8
3053,3,Chamartín,4999,158470,Piso,1.0,1.0,50.0,,1,8
3054,3,Chamartín,4999,375000,Piso,3.0,1.0,80.0,2.0,1,8
3055,3,Chamartín,4999,2100000,Piso,5.0,5.0,453.0,,1,8
3056,3,Chamartín,4999,164000,Piso,3.0,1.0,56.0,2.0,0,8
3057,3,Chamartín,4999,640000,Piso,4.0,3.0,171.0,4.0,1,8
3058,3,Chamartín,4999,158470,Piso,1.0,1.0,50.0,,1,8
3059,3,Chamartín,4999,449000,Piso,1.0,1.0,68.0,5.0,0,8
3060,3,Chamartín,4999,1120000,Piso,3.0,2.0,135.0,5.0,0,8
3061,3,Chamartín,4999,499000,Piso,3.0,2.0,102.0,1.0,0,8
3062,3,Chamartín,4999,1653600,Casa adosada,,5.0,348.0,,1,8
3063,3,Chamartín,4999,980000,Piso,6.0,3.0,216.0,2.0,1,8
3064,3,Chamartín,4999,495000,Piso,3.0,2.0,106.0,,0,8
3065,3,Chamartín,4999,750000,Piso,1.0,1.0,96.0,1.0,0,8
3066,3,Chamartín,4999,139000,Piso,3.0,1.0,77.0,,0,8
3067,3,Chamartín,4999,750000,Piso,3.0,2.0,142.0,1.0,0,8
3068,3,Chamartín,4999,240000,Dúplex,3.0,2.0,120.0,4.0,0,8
3069,3,Chamartín,4999,495000,Piso,3.0,2.0,106.0,,0,8
3070,3,Chamartín,4999,598000,Piso,4.0,2.0,158.0,2.0,0,8
3071,3,Chamartín,4999,790000,Piso,2.0,2.0,95.0,2.0,0,8
3072,3,Chamartín,4999,973200,Dúplex,2.0,2.0,132.0,9.0,1,8
3073,3,Chamartín,4999,335000,Piso,1.0,1.0,50.0,3.0,0,8
3074,3,Chamartín,4999,699000,Piso,2.0,2.0,110.0,2.0,0,8
3075,3,Chamartín,4999,338000,Piso,2.0,1.0,94.0,3.0,0,8
3076,3,Chamartín,4999,338000,Piso,2.0,1.0,94.0,3.0,0,8
3077,3,Chamartín,4999,3000000,Casa o chalet,9.0,9.0,1931.0,,1,8
3078,3,Chamartín,4999,449000,Piso,1.0,1.0,68.0,5.0,0,8
3079,3,Chamartín,4999,269900,Piso,2.0,1.0,79.0,,0,8
3080,3,Chamartín,4999,158470,Piso,1.0,1.0,50.0,,1,8
3081,3,Chamartín,4999,108000,Piso,3.0,1.0,65.0,,0,8
3082,3,Chamartín,4999,92000,Piso,3.0,1.0,71.0,,0,8
3083,3,Chamartín,4999,150000,Piso,3.0,1.0,65.0,1.0,0,8
3084,3,Chamartín,4999,1100000,Piso,4.0,2.0,206.0,1.0,1,8
3085,3,Chamartín,4999,379000,Piso,2.0,2.0,87.0,3.0,1,8
3086,3,Chamartín,4999,92000,Piso,2.0,1.0,54.0,,0,8
3087,3,Chamartín,4999,2700000,Piso,3.0,4.0,395.0,6.0,0,8
3088,3,Chamartín,4999,750000,Casa adosada,3.0,3.0,245.0,,0,8
3089,3,Chamartín,4999,649000,Piso,3.0,2.0,124.0,,0,8
3090,3,Chamartín,4999,165000,Piso,2.0,1.0,75.0,1.0,0,8
3091,3,Chamartín,4999,610000,Piso,3.0,2.0,100.0,1.0,0,8
3092,3,Chamartín,4999,798000,Piso,3.0,2.0,125.0,3.0,0,8
3093,3,Chamartín,4999,275000,Piso,2.0,1.0,64.0,3.0,0,8
3094,3,Chamartín,4999,185000,Piso,1.0,1.0,37.0,,0,8
3095,3,Chamartín,4999,270000,Piso,3.0,1.0,148.0,,0,8
3096,3,Chamartín,4999,199000,Estudio,,1.0,55.0,,0,8
3097,3,Chamartín,4999,320000,Piso,3.0,2.0,85.0,4.0,0,8
3098,3,Chamartín,4999,1195000,Piso,3.0,4.0,207.0,3.0,1,8
3099,3,Chamartín,4999,110000,Piso,2.0,1.0,68.0,,0,8
3100,3,Chamartín,4999,395000,Piso,3.0,1.0,103.0,,0,8
3101,3,Chamartín,4999,4350000,Piso,5.0,6.0,404.0,,0,8
3102,3,Chamartín,4999,350000,Piso,,1.0,47.0,,0,8
3103,3,Chamartín,4999,120000,Piso,3.0,1.0,62.0,,0,8
3104,3,Chamartín,4999,680000,Piso,4.0,3.0,157.0,4.0,0,8
3105,3,Chamartín,4999,895000,Ático,2.0,2.0,140.0,9.0,0,8
3106,3,Chamartín,4999,1100000,Piso,2.0,2.0,179.0,,0,8
3107,3,Chamartín,4999,169900,Piso,1.0,1.0,58.0,4.0,0,8
3108,3,Chamartín,4999,135000,Estudio,,1.0,28.0,6.0,0,8
3109,3,Chamartín,4999,1300000,Casa adosada,7.0,3.0,307.0,,1,8
3110,3,Chamartín,4999,150000,Piso,3.0,1.0,65.0,1.0,0,8
3111,3,Chamartín,4999,480000,Piso,3.0,2.0,97.0,4.0,1,8
3112,3,Chamartín,4999,295000,Piso,3.0,1.0,88.0,2.0,0,8
3113,3,Chamartín,4999,158470,Piso,1.0,1.0,50.0,,1,8
3114,3,Chamartín,4999,480000,Piso,1.0,1.0,85.0,5.0,1,8
3115,3,Chamartín,4999,498000,Piso,1.0,1.0,75.0,7.0,0,8
3116,3,Chamartín,4999,350000,Piso,1.0,1.0,69.0,,0,8
3117,3,Chamartín,4999,1300000,Piso,4.0,3.0,190.0,2.0,1,8
3118,3,Chamartín,4999,105700,Casa adosada,,1.0,73.0,,0,8
3119,3,Chamartín,4999,1374000,Piso,3.0,2.0,230.0,,0,8
3120,3,Chamartín,4999,928000,Ático,5.0,3.0,178.0,10.0,1,8
3121,3,Chamartín,4999,495000,Piso,3.0,2.0,106.0,,0,8
3122,3,Chamartín,4999,1800000,Piso,4.0,3.0,250.0,5.0,1,8
3123,3,Chamartín,4999,215000,Piso,3.0,1.0,80.0,1.0,0,8
3124,3,Chamartín,4999,449000,Piso,1.0,1.0,68.0,5.0,0,8
3125,3,Chamartín,4999,199900,Piso,2.0,1.0,91.0,,0,8
3126,3,Chamartín,4999,158470,Piso,1.0,1.0,50.0,,1,8
3127,3,Chamartín,4999,158470,Piso,1.0,1.0,50.0,,1,8
3128,3,Chamartín,4999,1195000,Piso,3.0,4.0,207.0,3.0,1,8
3129,3,Chamartín,4999,850000,Ático,4.0,2.0,195.0,7.0,0,8
3130,3,Chamartín,4999,895000,Piso,3.0,4.0,193.0,,1,8
3131,3,Chamartín,4999,890000,Casa adosada,3.0,2.0,208.0,,1,8
3132,3,Chamartín,4999,252000,Ático,3.0,2.0,82.0,,1,8
3133,3,Chamartín,4999,1150000,Piso,4.0,2.0,140.0,3.0,0,8
3134,3,Chamartín,4999,240000,Piso,3.0,1.0,86.0,,0,8
3135,3,Chamartín,4999,860000,Piso,5.0,4.0,199.0,10.0,0,8
3136,3,Chamartín,4999,878000,Ático,3.0,2.0,213.0,,0,8
3137,3,Chamartín,4999,245000,Dúplex,3.0,2.0,133.0,7.0,0,8
3138,3,Chamartín,4999,1000000,Casa o chalet,6.0,2.0,204.0,,1,8
3139,3,Chamartín,4999,449000,Piso,1.0,1.0,68.0,5.0,0,8
3140,3,Chamartín,4999,1900000,Piso,4.0,2.0,450.0,2.0,1,8
3141,3,Chamartín,4999,99000,Piso,1.0,1.0,35.0,,0,8
3142,3,Chamartín,4999,240000,Piso,3.0,1.0,67.0,2.0,0,8
3143,3,Chamartín,4999,498000,Piso,1.0,1.0,75.0,7.0,0,8
3144,3,Chamartín,4999,699000,Piso,4.0,3.0,175.0,1.0,0,8
3145,3,Chamartín,4999,666214,Piso,3.0,2.0,151.0,,1,8
3146,3,Chamartín,4999,2300000,Piso,3.0,4.0,246.0,3.0,0,8
3147,3,Chamartín,4999,449000,Piso,1.0,1.0,68.0,5.0,0,8
3148,3,Chamartín,4999,559000,Piso,4.0,2.0,152.0,2.0,1,8
3149,3,Chamartín,4999,169000,Piso,1.0,1.0,55.0,3.0,1,8
3150,3,Chamartín,4999,220000,Piso,1.0,1.0,57.0,4.0,0,8
3151,3,Chamartín,4999,409000,Piso,2.0,1.0,75.0,,1,8
3152,3,Chamartín,4999,990000,Ático,2.0,1.0,140.0,9.0,0,8
3153,3,Chamartín,4999,669000,Piso,4.0,3.0,165.0,5.0,0,8
3154,3,Chamartín,4999,495000,Piso,3.0,2.0,106.0,,0,8
3155,3,Chamartín,4999,365000,Piso,4.0,2.0,125.0,,0,8
3156,3,Chamartín,4999,1490000,Piso,3.0,3.0,174.0,,0,8
3157,3,Chamartín,4999,199000,Piso,1.0,1.0,54.0,3.0,1,8
3158,3,Chamartín,4999,372000,Piso,3.0,2.0,119.0,,0,8
3159,3,Chamartín,4999,158470,Piso,1.0,1.0,50.0,,1,8
3160,3,Chamartín,4999,3450000,Ático,3.0,3.0,411.0,,1,8
3161,3,Chamartín,4999,325000,Piso,1.0,1.0,59.0,3.0,0,8
3162,3,Chamartín,4999,122000,Piso,3.0,2.0,96.0,3.0,0,8
3163,3,Chamartín,4999,749000,Piso,4.0,2.0,171.0,3.0,1,8
3164,3,Chamartín,4999,8700000,Casa o chalet,6.0,5.0,850.0,,1,8
3165,3,Chamartín,4999,338000,Piso,2.0,1.0,94.0,3.0,0,8
3166,3,Chamartín,4999,815000,Ático,2.0,1.0,96.0,6.0,1,8
3167,3,Chamartín,4999,138000,Piso,3.0,1.0,72.0,,0,8
3168,3,Chamartín,4999,850000,Piso,,4.0,217.0,1.0,1,8
3169,3,Chamartín,4999,275000,Piso,2.0,2.0,79.0,2.0,0,8
3170,3,Chamartín,4999,449000,Apartamento,1.0,1.0,68.0,5.0,0,8
3171,3,Chamartín,4999,525000,Piso,2.0,2.0,70.0,1.0,0,8
3172,3,Chamartín,4999,990000,Ático,4.0,3.0,282.0,,1,8
3173,3,Chamartín,4999,1595000,Casa adosada,6.0,5.0,400.0,,1,8
3174,3,Chamartín,4999,2980000,Casa adosada,9.0,5.0,370.0,,0,8
3175,3,Chamartín,4999,980000,Ático,3.0,2.0,219.0,8.0,1,8
3176,3,Chamartín,4999,369000,Piso,1.0,2.0,60.0,3.0,0,8
3177,3,Chamartín,4999,137000,Piso,3.0,1.0,79.0,1.0,0,8
3178,3,Chamartín,4999,155000,Piso,1.0,1.0,25.0,,0,8
3179,3,Chamartín,4999,1370000,Casa adosada,5.0,4.0,202.0,,1,8
3180,3,Chamartín,4999,749000,Piso,3.0,3.0,175.0,1.0,1,8
3181,3,Chamartín,4999,3700000,Casa o chalet,5.0,6.0,550.0,,1,8
3182,3,Chamartín,4999,1500000,Piso,5.0,5.0,316.0,2.0,1,8
3183,3,Chamartín,4999,185000,Piso,,1.0,29.0,2.0,0,8
3184,3,Chamartín,4999,338000,Piso,2.0,1.0,94.0,3.0,0,8
3185,3,Chamartín,4999,525000,Dúplex,3.0,2.0,134.0,,0,8
3186,3,Chamartín,4999,150000,Piso,3.0,1.0,65.0,1.0,0,8
3187,3,Chamartín,4999,375000,Piso,5.0,2.0,121.0,,0,8
3188,3,Chamartín,4999,449000,Apartamento,1.0,1.0,68.0,5.0,0,8
3189,3,Chamartín,4999,460000,Piso,4.0,2.0,133.0,3.0,0,8
3190,3,Chamartín,4999,195000,Piso,2.0,1.0,90.0,,0,8
3191,3,Chamartín,4999,395000,Piso,2.0,2.0,124.0,,0,8
3192,3,Chamartín,4999,1600000,Casa o chalet,6.0,4.0,326.0,,1,8
3193,3,Chamartín,4999,220000,Piso,2.0,1.0,38.0,,0,8
3194,3,Chamartín,4999,830000,Piso,4.0,3.0,244.0,,1,8
3195,3,Chamartín,4999,2500000,Casa o chalet,5.0,7.0,823.0,,0,8
3196,3,Chamartín,4999,106000,Piso,4.0,1.0,101.0,3.0,0,8
3197,3,Chamartín,4999,449000,Apartamento,1.0,1.0,68.0,5.0,0,8
3198,3,Chamartín,4999,128000,Estudio,,1.0,36.0,1.0,0,8
3199,3,Chamartín,4999,449000,Apartamento,1.0,1.0,68.0,5.0,0,8
3200,3,Chamartín,4999,198000,Piso,2.0,1.0,,3.0,0,8
3201,3,Chamartín,4999,900000,Piso,5.0,4.0,258.0,4.0,1,8
3202,3,Chamartín,4999,170000,Piso,2.0,1.0,61.0,5.0,1,8
3203,3,Chamartín,4999,107000,Piso,2.0,1.0,56.0,2.0,0,8
3204,3,Chamartín,4999,597000,Piso,2.0,2.0,87.0,,0,8
3205,3,Chamartín,4999,359000,Piso,4.0,2.0,130.0,5.0,1,8
3206,3,Chamartín,4999,315000,Piso,2.0,1.0,53.0,,0,8
3207,3,Chamartín,4999,329900,Piso,2.0,1.0,70.0,,1,8
3208,3,Chamartín,4999,1750000,Piso,3.0,3.0,379.0,1.0,0,8
3209,3,Chamartín,4999,320000,Piso,3.0,1.0,69.0,6.0,0,8
3210,3,Chamartín,4999,1485000,Piso,3.0,3.0,165.0,7.0,0,8
3211,3,Chamartín,4999,229900,Piso,2.0,2.0,118.0,5.0,1,8
3212,3,Chamartín,4999,790000,Piso,3.0,2.0,161.0,,1,8
3213,3,Chamartín,4999,515000,Piso,3.0,2.0,150.0,1.0,0,8
3214,3,Chamartín,4999,1850000,Piso,4.0,4.0,332.0,2.0,0,8
3215,3,Chamartín,4999,295000,Piso,3.0,1.0,88.0,2.0,0,8
3216,3,Chamartín,4999,160000,Piso,1.0,1.0,38.0,,0,8
3217,3,Chamartín,4999,749000,Piso,5.0,2.0,186.0,5.0,0,8
3218,3,Chamartín,4999,560000,Piso,4.0,3.0,194.0,1.0,0,8
3219,3,Chamartín,4999,695000,Piso,2.0,2.0,112.0,3.0,0,8
3220,3,Chamartín,4999,170000,Piso,2.0,1.0,40.0,2.0,0,8
3221,3,Chamartín,4999,129000,Piso,2.0,1.0,61.0,1.0,0,8
3222,3,Chamartín,4999,1150000,Ático,5.0,4.0,255.0,7.0,1,8
3223,3,Chamartín,4999,495000,Piso,3.0,2.0,106.0,,0,8
3224,3,Chamartín,4999,95000,Piso,3.0,1.0,61.0,,0,8
3225,3,Chamartín,4999,172500,Piso,1.0,1.0,50.0,,0,8
3226,3,Chamartín,4999,159000,Piso,3.0,1.0,71.0,2.0,0,8
3227,3,Chamartín,4999,1370000,Piso,5.0,5.0,220.0,9.0,0,8
3228,3,Chamartín,4999,158470,Piso,1.0,1.0,50.0,,1,8
3229,3,Chamartín,4999,449000,Apartamento,1.0,1.0,68.0,5.0,0,8
3230,3,Chamartín,4999,2700000,Casa adosada,3.0,4.0,431.0,,1,8
3231,3,Chamartín,4999,149000,Piso,3.0,1.0,58.0,4.0,1,8
3232,3,Chamartín,4999,199000,Estudio,,1.0,55.0,,0,8
3233,3,Chamartín,4999,150000,Piso,3.0,1.0,65.0,1.0,0,8
3234,3,Chamartín,4999,632400,Piso,4.0,3.0,171.0,3.0,0,8
3235,3,Chamartín,4999,239500,Dúplex,1.0,1.0,67.0,,1,8
3236,3,Chamartín,4999,450000,Piso,2.0,2.0,116.0,3.0,0,8
3237,3,Chamartín,4999,632400,Piso,4.0,3.0,171.0,3.0,0,8
3238,3,Chamartín,4999,1875000,Casa o chalet,5.0,5.0,372.0,,0,8
3239,3,Chamartín,4999,1545000,Piso,4.0,4.0,222.0,,0,8
3240,3,Chamartín,4999,149000,Piso,3.0,1.0,79.0,3.0,0,8
3241,3,Chamartín,4999,325000,Piso,2.0,2.0,75.0,1.0,0,8
3242,3,Chamartín,4999,780000,Piso,4.0,4.0,186.0,,1,8
3243,3,Chamartín,4999,3700000,Casa o chalet,5.0,6.0,550.0,,1,8
3244,3,Chamartín,4999,1700000,Piso,9.0,2.0,275.0,2.0,0,8
3245,3,Chamartín,4999,975000,Piso,3.0,2.0,165.0,,0,8
3246,3,Chamartín,4999,90000,Piso,2.0,1.0,59.0,,0,8
3247,3,Chamartín,4999,1300000,Piso,4.0,4.0,267.0,1.0,1,8
3248,3,Chamartín,4999,298000,Piso,1.0,1.0,46.0,4.0,0,8
3249,3,Chamartín,4999,130000,Piso,3.0,1.0,33.0,,0,8
3250,3,Chamartín,4999,598000,Piso,3.0,2.0,130.0,2.0,1,8
3251,3,Chamartín,4999,210000,Piso,2.0,1.0,60.0,,0,8
3252,3,Chamartín,4999,1625000,Piso,5.0,5.0,280.0,4.0,1,8
3253,3,Chamartín,4999,250000,Piso,2.0,2.0,59.0,1.0,0,8
3254,3,Chamartín,4999,690000,Piso,2.0,2.0,124.0,1.0,0,8
3255,3,Chamartín,4999,545000,Piso,3.0,2.0,133.0,1.0,0,8
3256,3,Chamartín,4999,980000,Piso,4.0,4.0,205.0,1.0,1,8
3257,3,Chamartín,4999,360000,Piso,2.0,1.0,64.0,1.0,1,8
3258,3,Chamartín,4999,459000,Piso,2.0,2.0,119.0,,1,8
3259,3,Chamartín,4999,350000,Piso,2.0,1.0,53.0,5.0,0,8
3260,3,Chamartín,4999,1090000,Piso,3.0,2.0,112.0,,0,8
3261,3,Chamartín,4999,325000,Piso,2.0,1.0,64.0,7.0,0,8
3262,3,Chamartín,4999,1550000,Piso,4.0,4.0,189.0,8.0,0,8
3263,3,Chamartín,4999,498000,Piso,4.0,2.0,110.0,4.0,0,8
3264,3,Chamartín,4999,449000,Piso,1.0,1.0,68.0,5.0,0,8
3265,3,Chamartín,4999,495000,Piso,3.0,2.0,106.0,,0,8
3266,3,Chamartín,4999,449000,Apartamento,1.0,1.0,68.0,5.0,0,8
3267,3,Chamartín,4999,114999,Piso,2.0,1.0,65.0,,0,8
3268,3,Chamartín,4999,150000,Piso,3.0,1.0,65.0,1.0,0,8
3269,3,Chamartín,4999,185000,Piso,3.0,2.0,112.0,,0,8
3270,3,Chamartín,4999,338000,Piso,2.0,1.0,94.0,3.0,0,8
3271,3,Chamartín,4999,155000,Piso,1.0,1.0,35.0,,0,8
3272,3,Chamartín,4999,550000,Casa adosada,4.0,2.0,144.0,,0,8
3273,3,Chamartín,4999,715000,Piso,5.0,5.0,144.0,1.0,0,8
3274,3,Chamartín,4999,1250000,Dúplex,4.0,3.0,253.0,6.0,0,8
3275,3,Chamartín,4999,1200000,Piso,,,226.0,1.0,0,8
3276,3,Chamartín,4999,158470,Piso,1.0,1.0,50.0,,1,8
3277,3,Chamartín,4999,720000,Piso,3.0,3.0,131.0,,0,8
3278,3,Chamartín,4999,495000,Piso,3.0,2.0,106.0,,0,8
3279,3,Chamartín,4999,218000,Piso,3.0,2.0,100.0,,1,8
3280,3,Chamartín,4999,989000,Ático,2.0,2.0,111.0,,1,8
3281,3,Chamartín,4999,399000,Piso,3.0,2.0,90.0,2.0,0,8
3282,3,Chamartín,4999,495000,Piso,3.0,2.0,106.0,,0,8
3283,3,Chamartín,4999,270000,Piso,2.0,1.0,39.0,,0,8
3284,3,Chamartín,4999,632400,Piso,4.0,3.0,171.0,3.0,0,8
3285,3,Chamartín,4999,435000,Piso,2.0,2.0,90.0,2.0,0,8
3286,3,Chamartín,4999,420000,Piso,1.0,1.0,86.0,2.0,0,8
3287,3,Chamartín,4999,179999,Piso,2.0,1.0,51.0,1.0,0,8
3288,3,Chamartín,4999,435000,Piso,2.0,2.0,90.0,,1,8
3289,3,Chamartín,4999,139000,Piso,1.0,1.0,45.0,,0,8
3290,3,Chamartín,4999,159000,Piso,3.0,1.0,70.0,5.0,1,8
3291,3,Chamartín,4999,198000,Piso,2.0,1.0,,3.0,0,8
3292,3,Chamartín,4999,460000,Piso,4.0,2.0,133.0,3.0,0,8
3293,3,Chamartín,4999,3890000,Casa o chalet,6.0,4.0,446.0,,0,8
3294,3,Chamartín,4999,460000,Ático,1.0,1.0,102.0,,1,8
3295,3,Chamartín,4999,1000000,Casa adosada,4.0,4.0,162.0,,0,8
3296,3,Chamartín,4999,449000,Apartamento,1.0,1.0,68.0,5.0,0,8
3297,3,Chamartín,4999,1600000,Piso,4.0,3.0,298.0,13.0,0,8
3298,3,Chamartín,4999,799000,Piso,2.0,2.0,112.0,,0,8
3299,3,Chamartín,4999,498000,Piso,1.0,1.0,75.0,7.0,0,8
3300,3,Chamartín,4999,499000,Piso,3.0,2.0,115.0,1.0,1,8
3301,3,Chamartín,4999,449000,Piso,1.0,1.0,68.0,5.0,0,8
3302,3,Chamartín,4999,147000,Piso,2.0,1.0,54.0,2.0,1,8
3303,3,Chamartín,4999,195500,Piso,2.0,1.0,49.0,,0,8
3304,3,Chamartín,4999,449000,Piso,1.0,1.0,68.0,5.0,0,8
3305,3,Chamartín,4999,750000,Piso,4.0,2.0,135.0,3.0,0,8
3306,3,Chamartín,4999,335500,Piso,4.0,3.0,147.0,10.0,1,8
3307,3,Chamartín,4999,380000,Piso,2.0,1.0,84.0,,1,8
3308,3,Chamartín,4999,930000,Piso,3.0,2.0,256.0,3.0,0,8
3309,3,Chamartín,4999,79000,Piso,3.0,1.0,56.0,,0,8
3310,3,Chamartín,4999,158470,Piso,1.0,1.0,50.0,,1,8
3311,3,Chamartín,4999,544000,Piso,6.0,3.0,200.0,,0,8
3312,3,Chamartín,4999,650000,Piso,4.0,3.0,150.0,6.0,1,8
3313,3,Chamartín,4999,4350000,Piso,5.0,5.0,400.0,,0,8
3314,3,Chamartín,4999,632400,Piso,4.0,3.0,171.0,3.0,0,8
3315,3,Chamartín,4999,449000,Apartamento,1.0,1.0,68.0,5.0,0,8
3316,3,Chamartín,4999,2275000,Casa o chalet,5.0,5.0,360.0,,1,8
3317,3,Chamartín,4999,198000,Piso,2.0,1.0,,3.0,0,8
3318,3,Chamartín,4999,1975000,Casa o chalet,4.0,4.0,540.0,,1,8
3319,3,Chamartín,4999,442000,Casa o chalet,3.0,2.0,139.0,,0,8
3320,3,Chamartín,4999,640000,Piso,3.0,2.0,133.0,4.0,1,8
3321,3,Chamartín,4999,198000,Piso,2.0,1.0,,3.0,0,8
3322,3,Chamartín,4999,395000,Piso,3.0,2.0,110.0,,0,8
3323,3,Chamartín,4999,158470,Piso,1.0,1.0,50.0,,1,8
3324,3,Chamartín,4999,260000,Ático,1.0,1.0,50.0,4.0,0,8
3325,3,Chamartín,4999,849000,Piso,2.0,2.0,170.0,2.0,0,8
3326,3,Chamartín,4999,1600000,Piso,5.0,3.0,314.0,2.0,0,8
3327,3,Chamartín,4999,470000,Piso,3.0,1.0,83.0,,0,8
3328,3,Chamartín,4999,1050000,Ático,3.0,3.0,163.0,,1,8
3329,3,Chamartín,4999,8700000,Casa o chalet,4.0,7.0,881.0,,1,8
3330,3,Chamartín,4999,200000,Loft,1.0,1.0,48.0,,0,8
3331,3,Chamartín,4999,1850000,Casa o chalet,6.0,7.0,510.0,,1,8
3332,3,Chamartín,4999,670000,Piso,2.0,2.0,82.0,5.0,0,8
3333,3,Chamartín,4999,158470,Piso,1.0,1.0,50.0,,1,8
3334,3,Chamartín,4999,150000,Piso,3.0,1.0,65.0,1.0,0,8
3335,3,Chamartín,4999,385000,Piso,2.0,1.0,108.0,2.0,0,8
3336,3,Chamartín,4999,449000,Apartamento,1.0,1.0,68.0,5.0,0,8
3337,3,Chamartín,4999,1178000,Piso,3.0,2.0,201.0,12.0,0,8
3338,3,Chamartín,4999,2200000,Casa o chalet,5.0,5.0,256.0,,1,8
3339,3,Chamartín,4999,2750000,Piso,5.0,5.0,421.0,5.0,1,8
3340,3,Chamartín,4999,885000,Piso,4.0,3.0,220.0,4.0,1,8
3341,3,Chamartín,4999,380000,Piso,2.0,2.0,77.0,5.0,0,8
3342,3,Chamartín,4999,850000,Piso,2.0,2.0,109.0,,0,8
3343,3,Chamartín,4999,363000,Loft,1.0,2.0,77.0,,1,8
3344,3,Chamartín,4999,98000,Piso,1.0,1.0,66.0,,0,8
3345,3,Chamartín,4999,2600000,Piso,4.0,3.0,365.0,1.0,0,8
3346,3,Chamartín,4999,173000,Piso,1.0,1.0,52.0,2.0,0,8
3347,3,Chamartín,4999,150000,Piso,3.0,1.0,65.0,1.0,0,8
3348,3,Chamartín,4999,1250000,Piso,2.0,3.0,231.0,4.0,0,8
3349,3,Chamartín,4999,649000,Ático,5.0,5.0,231.0,9.0,1,8
3350,3,Chamartín,4999,399000,Piso,2.0,2.0,94.0,,0,8
3351,3,Chamartín,4999,449000,Piso,1.0,1.0,68.0,5.0,0,8
3352,3,Chamartín,4999,620000,Piso,3.0,2.0,128.0,11.0,0,8
3353,3,Chamartín,4999,325000,Piso,2.0,1.0,47.0,,0,8
3354,3,Chamartín,4999,1875000,Casa o chalet,5.0,5.0,385.0,,0,8
3355,3,Chamartín,4999,99000,Piso,2.0,1.0,80.0,3.0,0,8
3356,3,Chamartín,4999,158470,Piso,1.0,1.0,50.0,,1,8
3357,3,Chamartín,4999,158470,Piso,1.0,1.0,50.0,,1,8
3358,3,Chamartín,4999,495000,Piso,3.0,2.0,106.0,,0,8
3359,3,Chamartín,4999,545000,Piso,4.0,3.0,164.0,2.0,1,8
3360,3,Chamartín,4999,1225000,Piso,4.0,3.0,200.0,,1,8
3361,3,Chamartín,4999,410000,Piso,1.0,1.0,98.0,,0,8
3362,3,Chamartín,4999,490000,Piso,3.0,3.0,134.0,,0,8
3363,3,Chamartín,4999,449000,Apartamento,1.0,1.0,68.0,5.0,0,8
3364,3,Chamartín,4999,150000,Piso,3.0,1.0,65.0,1.0,0,8
3365,3,Chamartín,4999,158470,Piso,1.0,1.0,50.0,,1,8
3366,3,Chamartín,4999,207260,Piso,1.0,1.0,49.0,1.0,0,8
3367,3,Chamartín,4999,375000,Piso,3.0,1.0,80.0,2.0,1,8
3368,3,Chamartín,4999,632400,Piso,4.0,3.0,171.0,3.0,0,8
3369,3,Chamartín,4999,550000,Piso,3.0,2.0,95.0,1.0,0,8
3370,3,Chamartín,4999,1050000,Piso,5.0,3.0,200.0,7.0,1,8
3371,3,Chamartín,4999,390000,Piso,1.0,1.0,93.0,1.0,1,8
3372,3,Chamartín,4999,338000,Piso,2.0,1.0,94.0,3.0,0,8
3373,3,Chamartín,4999,750000,Piso,1.0,1.0,96.0,1.0,0,8
3374,3,Chamartín,4999,1300000,Casa adosada,7.0,3.0,307.0,,1,8
3375,3,Chamartín,4999,1400000,Piso,4.0,3.0,245.0,2.0,1,8
3376,3,Chamartín,4999,990000,Ático,2.0,1.0,129.0,9.0,0,8
3377,3,Chamartín,4999,1150000,Dúplex,4.0,4.0,187.0,3.0,1,8
3378,3,Chamartín,4999,470000,Piso,2.0,1.0,90.0,1.0,0,8
3379,3,Chamartín,4999,2700000,Ático,4.0,5.0,437.0,7.0,1,8
3380,3,Chamartín,4999,175000,Piso,2.0,2.0,62.0,,0,8
3381,3,Chamartín,4999,470000,Piso,1.0,2.0,110.0,9.0,1,8
3382,3,Chamartín,4999,220000,Piso,1.0,1.0,120.0,,0,8
3383,3,Chamartín,4999,2900000,Ático,5.0,3.0,468.0,,1,8
3384,3,Chamartín,4999,150000,Piso,3.0,1.0,65.0,1.0,0,8
3385,3,Chamartín,4999,525000,Piso,1.0,1.0,78.0,3.0,0,8
3386,3,Chamartín,4999,354000,Apartamento,1.0,1.0,81.0,4.0,1,8
3387,3,Chamartín,4999,632400,Piso,4.0,3.0,171.0,3.0,0,8
3388,3,Chamartín,4999,495000,Piso,3.0,2.0,106.0,,0,8
3389,3,Chamartín,4999,940000,Piso,4.0,3.0,220.0,3.0,1,8
3390,3,Chamartín,4999,185000,Piso,1.0,1.0,35.0,2.0,0,8
3391,3,Chamartín,4999,1500000,Piso,10.0,2.0,247.0,2.0,0,8
3392,3,Chamartín,4999,449000,Apartamento,1.0,1.0,68.0,5.0,0,8
3393,3,Chamartín,4999,95000,Piso,3.0,1.0,57.0,,0,8
3394,3,Chamartín,4999,93000,Piso,3.0,1.0,58.0,4.0,0,8
3395,3,Chamartín,4999,449000,Apartamento,1.0,1.0,68.0,5.0,0,8
3396,3,Chamartín,4999,2350000,Dúplex,4.0,4.0,539.0,,1,8
3397,3,Chamartín,4999,165000,Piso,4.0,2.0,99.0,3.0,0,8
3398,3,Chamartín,4999,770000,Piso,4.0,3.0,139.0,13.0,1,8
3399,3,Chamartín,4999,1100000,Piso,3.0,2.0,222.0,6.0,0,8
3400,3,Chamartín,4999,1590000,Dúplex,3.0,3.0,244.0,4.0,1,8
3401,3,Chamartín,4999,1600000,Piso,2.0,2.0,180.0,2.0,0,8
3402,3,Chamartín,4999,469000,Piso,3.0,2.0,120.0,,0,8
3403,3,Chamartín,4999,1580000,Piso,5.0,3.0,280.0,,1,8
3404,3,Chamartín,4999,1800000,Ático,4.0,3.0,247.0,,1,8
3405,3,Chamartín,4999,78000,Piso,1.0,1.0,44.0,,0,8
3406,3,Chamartín,4999,346290,Piso,3.0,1.0,62.0,,0,8
3407,3,Chamartín,4999,699000,Piso,4.0,2.0,173.0,,0,8
3408,3,Chamartín,4999,680000,Piso,4.0,2.0,175.0,3.0,1,8
3409,3,Chamartín,4999,158470,Piso,1.0,1.0,50.0,,1,8
3410,3,Chamartín,4999,210000,Piso,1.0,1.0,54.0,,0,8
3411,3,Chamartín,4999,1200000,Piso,6.0,3.0,200.0,4.0,1,8
3412,3,Chamartín,4999,172500,Piso,2.0,1.0,64.0,1.0,0,8
3413,3,Chamartín,4999,130000,Piso,3.0,2.0,78.0,3.0,0,8
3414,3,Chamartín,4999,1525000,Piso,5.0,3.0,310.0,1.0,1,8
3415,3,Chamartín,4999,632400,Piso,4.0,3.0,171.0,3.0,0,8
3416,3,Chamartín,4999,1390000,Casa o chalet,5.0,5.0,240.0,,0,8
3417,3,Chamartín,4999,449000,Apartamento,1.0,1.0,68.0,5.0,0,8
3418,3,Chamartín,4999,2190000,Piso,4.0,5.0,316.0,,0,8
3419,3,Chamartín,4999,499000,Piso,3.0,2.0,115.0,5.0,1,8
3420,3,Chamartín,4999,1150000,Piso,2.0,2.0,127.0,5.0,0,8
3421,3,Chamartín,4999,780000,Piso,5.0,3.0,232.0,,1,8
3422,3,Chamartín,4999,420000,Piso,3.0,2.0,140.0,1.0,0,8
3423,3,Chamartín,4999,425000,Piso,1.0,1.0,45.0,4.0,0,8
3424,2,Chamberí,5283,1175000,Piso,3.0,3.0,170.0,,0,6
3425,2,Chamberí,5283,990000,Piso,2.0,2.0,149.0,3.0,1,6
3426,2,Chamberí,5283,185000,Estudio,,1.0,33.0,2.0,0,6
3427,2,Chamberí,5283,990000,Casa adosada,6.0,5.0,513.0,,1,6
3428,2,Chamberí,5283,320000,Piso,2.0,1.0,60.0,5.0,0,6
3429,2,Chamberí,5283,210000,Apartamento,,1.0,34.0,,0,6
3430,2,Chamberí,5283,1485000,Piso,3.0,4.0,215.0,5.0,0,6
3431,2,Chamberí,5283,100000,Apartamento,1.0,1.0,54.0,,0,6
3432,2,Chamberí,5283,140000,Piso,3.0,1.0,75.0,,0,6
3433,2,Chamberí,5283,1268200,Dúplex,7.0,5.0,461.0,2.0,0,6
3434,2,Chamberí,5283,129999,Piso,2.0,1.0,50.0,,0,6
3435,2,Chamberí,5283,810000,Ático,2.0,2.0,128.0,,1,6
3436,2,Chamberí,5283,999000,Piso,4.0,2.0,214.0,2.0,0,6
3437,2,Chamberí,5283,375000,Piso,1.0,1.0,70.0,,0,6
3438,2,Chamberí,5283,135000,Estudio,,1.0,32.0,,0,6
3439,2,Chamberí,5283,595000,Piso,3.0,2.0,130.0,2.0,0,6
3440,2,Chamberí,5283,164000,Loft,1.0,2.0,83.0,,1,6
3441,2,Chamberí,5283,650000,Piso,3.0,2.0,92.0,1.0,0,6
3442,2,Chamberí,5283,890000,Piso,4.0,3.0,185.0,2.0,0,6
3443,2,Chamberí,5283,196500,Piso,2.0,1.0,73.0,,0,6
3444,2,Chamberí,5283,415000,Piso,2.0,2.0,75.0,2.0,0,6
3445,2,Chamberí,5283,798000,Piso,4.0,2.0,197.0,3.0,1,6
3446,2,Chamberí,5283,177000,Piso,,1.0,39.0,5.0,0,6
3447,2,Chamberí,5283,269000,Piso,2.0,2.0,82.0,1.0,1,6
3448,2,Chamberí,5283,1175000,Piso,3.0,3.0,170.0,,0,6
3449,2,Chamberí,5283,280000,Piso,,1.0,45.0,,0,6
3450,2,Chamberí,5283,180000,Piso,2.0,1.0,45.0,,0,6
3451,2,Chamberí,5283,275000,Piso,3.0,1.0,81.0,,0,6
3452,2,Chamberí,5283,585500,Piso,3.0,1.0,158.0,5.0,0,6
3453,2,Chamberí,5283,1600000,Piso,5.0,4.0,264.0,4.0,0,6
3454,2,Chamberí,5283,140000,Piso,3.0,1.0,75.0,,0,6
3455,2,Chamberí,5283,470000,Ático,4.0,2.0,121.0,8.0,0,6
3456,2,Chamberí,5283,480000,Piso,3.0,2.0,113.0,4.0,1,6
3457,2,Chamberí,5283,258000,Piso,2.0,2.0,74.0,,0,6
3458,2,Chamberí,5283,196500,Piso,2.0,1.0,73.0,,0,6
3459,2,Chamberí,5283,1395000,Piso,4.0,3.0,214.0,,1,6
3460,2,Chamberí,5283,410000,Piso,3.0,2.0,112.0,1.0,0,6
3461,2,Chamberí,5283,310000,Ático,3.0,1.0,105.0,3.0,1,6
3462,2,Chamberí,5283,2500000,Piso,7.0,9.0,432.0,,1,6
3463,2,Chamberí,5283,218000,Piso,2.0,1.0,68.0,1.0,0,6
3464,2,Chamberí,5283,265400,Piso,2.0,1.0,49.0,1.0,0,6
3465,2,Chamberí,5283,230000,Piso,2.0,1.0,70.0,,0,6
3466,2,Chamberí,5283,249000,Piso,2.0,1.0,50.0,,0,6
3467,2,Chamberí,5283,310000,Piso,2.0,1.0,60.0,4.0,0,6
3468,2,Chamberí,5283,535000,Piso,4.0,3.0,137.0,1.0,0,6
3469,2,Chamberí,5283,178000,Apartamento,1.0,1.0,28.0,,0,6
3470,2,Chamberí,5283,275000,Piso,1.0,1.0,65.0,,0,6
3471,2,Chamberí,5283,74000,Piso,2.0,1.0,45.0,,0,6
3472,2,Chamberí,5283,220000,Apartamento,1.0,1.0,45.0,,0,6
3473,2,Chamberí,5283,775000,Piso,4.0,4.0,171.0,4.0,1,6
3474,2,Chamberí,5283,495000,Piso,3.0,2.0,106.0,,0,6
3475,2,Chamberí,5283,249036,Piso,3.0,2.0,90.0,,1,6
3476,2,Chamberí,5283,133000,Piso,3.0,1.0,61.0,,0,6
3477,2,Chamberí,5283,375000,Piso,1.0,1.0,70.0,,0,6
3478,2,Chamberí,5283,1217200,Piso,,2.0,166.0,4.0,0,6
3479,2,Chamberí,5283,1500000,Piso,4.0,3.0,292.0,5.0,0,6
3480,2,Chamberí,5283,1810000,Casa o chalet,5.0,4.0,293.0,,0,6
3481,2,Chamberí,5283,730000,Piso,3.0,2.0,79.0,,0,6
3482,2,Chamberí,5283,375000,Piso,1.0,1.0,70.0,,0,6
3483,2,Chamberí,5283,895000,Piso,3.0,3.0,150.0,3.0,0,6
3484,2,Chamberí,5283,465000,Piso,2.0,2.0,98.0,6.0,0,6
3485,2,Chamberí,5283,159400,Piso,1.0,1.0,48.0,,0,6
3486,2,Chamberí,5283,169000,Apartamento,1.0,1.0,43.0,3.0,0,6
3487,2,Chamberí,5283,95000,Piso,2.0,1.0,50.0,3.0,0,6
3488,2,Chamberí,5283,172000,Piso,4.0,2.0,86.0,4.0,0,6
3489,2,Chamberí,5283,633100,Piso,2.0,2.0,100.0,2.0,0,6
3490,2,Chamberí,5283,470000,Piso,3.0,2.0,88.0,,0,6
3491,2,Chamberí,5283,138000,Estudio,,1.0,35.0,3.0,0,6
3492,2,Chamberí,5283,230000,Piso,2.0,1.0,70.0,,0,6
3493,2,Chamberí,5283,1274000,Piso,2.0,3.0,215.0,1.0,0,6
3494,2,Chamberí,5283,825000,Piso,2.0,2.0,113.0,3.0,0,6
3495,2,Chamberí,5283,830000,Piso,3.0,3.0,189.0,,0,6
3496,2,Chamberí,5283,745000,Piso,4.0,3.0,168.0,5.0,0,6
3497,2,Chamberí,5283,375000,Piso,1.0,1.0,70.0,,0,6
3498,2,Chamberí,5283,973200,Piso,,2.0,132.0,4.0,0,6
3499,2,Chamberí,5283,426000,Dúplex,2.0,2.0,79.0,,0,6
3500,2,Chamberí,5283,1200000,Ático,3.0,3.0,183.0,,0,6
3501,2,Chamberí,5283,1185000,Piso,4.0,3.0,189.0,1.0,1,6
3502,2,Chamberí,5283,998000,Ático,3.0,3.0,232.0,12.0,1,6
3503,2,Chamberí,5283,435000,Piso,3.0,2.0,95.0,,0,6
3504,2,Chamberí,5283,199850,Piso,2.0,1.0,53.0,3.0,0,6
3505,2,Chamberí,5283,1495000,Piso,3.0,4.0,182.0,6.0,1,6
3506,2,Chamberí,5283,1975000,Piso,3.0,3.0,222.0,5.0,0,6
3507,2,Chamberí,5283,196500,Piso,2.0,1.0,73.0,,0,6
3508,2,Chamberí,5283,189000,Piso,1.0,1.0,33.0,2.0,0,6
3509,2,Chamberí,5283,1029700,Piso,2.0,2.0,139.0,9.0,0,6
3510,2,Chamberí,5283,479000,Piso,3.0,2.0,139.0,,1,6
3511,2,Chamberí,5283,140000,Piso,3.0,1.0,75.0,,0,6
3512,2,Chamberí,5283,282900,Piso,1.0,1.0,44.0,,0,6
3513,2,Chamberí,5283,230000,Piso,2.0,1.0,70.0,,0,6
3514,2,Chamberí,5283,119000,Piso,,,55.0,2.0,0,6
3515,2,Chamberí,5283,4600000,Piso,4.0,4.0,321.0,2.0,1,6
3516,2,Chamberí,5283,178000,Piso,3.0,1.0,60.0,3.0,0,6
3517,2,Chamberí,5283,785000,Piso,,3.0,177.0,3.0,1,6
3518,2,Chamberí,5283,248000,Piso,2.0,1.0,74.0,7.0,0,6
3519,2,Chamberí,5283,124000,Piso,2.0,1.0,43.0,,0,6
3520,2,Chamberí,5283,236000,Piso,1.0,1.0,41.0,2.0,0,6
3521,2,Chamberí,5283,765000,Piso,4.0,3.0,158.0,5.0,0,6
3522,2,Chamberí,5283,142500,Piso,2.0,1.0,62.0,,0,6
3523,2,Chamberí,5283,177000,Piso,,1.0,39.0,5.0,0,6
3524,2,Chamberí,5283,1970000,Piso,5.0,3.0,270.0,2.0,0,6
3525,2,Chamberí,5283,210000,Piso,3.0,2.0,109.0,,1,6
3526,2,Chamberí,5283,375000,Piso,1.0,1.0,70.0,,0,6
3527,2,Chamberí,5283,560000,Ático,,1.0,95.0,3.0,1,6
3528,2,Chamberí,5283,1580000,Casa adosada,6.0,6.0,366.0,,1,6
3529,2,Chamberí,5283,155000,Estudio,,1.0,33.0,1.0,0,6
3530,2,Chamberí,5283,949000,Piso,2.0,2.0,89.0,8.0,0,6
3531,2,Chamberí,5283,673500,Piso,2.0,2.0,116.0,1.0,0,6
3532,2,Chamberí,5283,2250000,Casa o chalet,7.0,6.0,986.0,,1,6
3533,2,Chamberí,5283,3295000,Casa o chalet,6.0,7.0,980.0,,0,6
3534,2,Chamberí,5283,375000,Piso,1.0,1.0,70.0,,0,6
3535,2,Chamberí,5283,199000,Piso,2.0,1.0,65.0,,0,6
3536,2,Chamberí,5283,895000,Piso,2.0,2.0,112.0,,0,6
3537,2,Chamberí,5283,135000,Piso,3.0,1.0,80.0,3.0,0,6
3538,2,Chamberí,5283,300000,Piso,1.0,1.0,97.0,3.0,0,6
3539,2,Chamberí,5283,237142,Piso,2.0,1.0,69.0,2.0,0,6
3540,2,Chamberí,5283,690000,Ático,1.0,1.0,58.0,7.0,0,6
3541,2,Chamberí,5283,499999,Piso,3.0,1.0,137.0,7.0,1,6
3542,2,Chamberí,5283,495000,Ático,2.0,1.0,71.0,6.0,0,6
3543,2,Chamberí,5283,360000,Piso,3.0,1.0,89.0,1.0,0,6
3544,2,Chamberí,5283,530000,Piso,2.0,1.0,95.0,1.0,0,6
3545,2,Chamberí,5283,549000,Piso,2.0,2.0,112.0,,0,6
3546,2,Chamberí,5283,95000,Piso,1.0,1.0,49.0,1.0,1,6
3547,2,Chamberí,5283,375000,Piso,1.0,1.0,70.0,,0,6
3548,2,Chamberí,5283,165750,Piso,1.0,1.0,37.0,,0,6
3549,2,Chamberí,5283,266000,Piso,1.0,1.0,93.0,,0,6
3550,2,Chamberí,5283,140000,Piso,3.0,1.0,75.0,,0,6
3551,2,Chamberí,5283,470000,Piso,4.0,1.0,89.0,5.0,0,6
3552,2,Chamberí,5283,1200000,Piso,3.0,2.0,263.0,,0,6
3553,2,Chamberí,5283,430000,Piso,2.0,1.0,80.0,,0,6
3554,2,Chamberí,5283,320000,Piso,4.0,1.0,89.0,2.0,0,6
3555,2,Chamberí,5283,195000,Piso,2.0,1.0,69.0,1.0,0,6
3556,2,Chamberí,5283,875000,Piso,2.0,2.0,162.0,,1,6
3557,2,Chamberí,5283,2350000,Piso,3.0,4.0,209.0,3.0,0,6
3558,2,Chamberí,5283,2300000,Piso,3.0,4.0,247.0,1.0,0,6
3559,2,Chamberí,5283,185000,Piso,3.0,1.0,72.0,4.0,0,6
3560,2,Chamberí,5283,2145000,Piso,4.0,5.0,343.0,,1,6
3561,2,Chamberí,5283,1900000,Piso,5.0,5.0,314.0,2.0,0,6
3562,2,Chamberí,5283,230000,Piso,2.0,1.0,70.0,,0,6
3563,2,Chamberí,5283,630000,Piso,3.0,2.0,160.0,2.0,1,6
3564,2,Chamberí,5283,775000,Piso,4.0,4.0,171.0,4.0,1,6
3565,2,Chamberí,5283,113193,Piso,3.0,1.0,70.0,4.0,0,6
3566,2,Chamberí,5283,775000,Piso,4.0,4.0,171.0,4.0,1,6
3567,2,Chamberí,5283,219000,Piso,2.0,1.0,46.0,2.0,0,6
3568,2,Chamberí,5283,520000,Piso,2.0,2.0,98.0,,0,6
3569,2,Chamberí,5283,570000,Apartamento,1.0,2.0,120.0,5.0,0,6
3570,2,Chamberí,5283,775000,Piso,4.0,4.0,171.0,4.0,1,6
3571,2,Chamberí,5283,140000,Piso,3.0,1.0,75.0,,0,6
3572,2,Chamberí,5283,1330000,Piso,4.0,3.0,222.0,1.0,1,6
3573,2,Chamberí,5283,720000,Piso,4.0,3.0,169.0,,1,6
3574,2,Chamberí,5283,1585000,Piso,3.0,4.0,177.0,5.0,1,6
3575,2,Chamberí,5283,830000,Piso,3.0,3.0,189.0,,0,6
3576,2,Chamberí,5283,540000,Piso,3.0,2.0,130.0,6.0,1,6
3577,2,Chamberí,5283,740000,Piso,5.0,2.0,168.0,2.0,0,6
3578,2,Chamberí,5283,845000,Piso,2.0,2.0,133.0,,0,6
3579,2,Chamberí,5283,775000,Piso,4.0,4.0,171.0,4.0,1,6
3580,2,Chamberí,5283,265000,Piso,2.0,1.0,71.0,,1,6
3581,2,Chamberí,5283,275000,Planta baja,1.0,1.0,64.0,,0,6
3582,2,Chamberí,5283,433000,Piso,3.0,2.0,85.0,3.0,0,6
3583,2,Chamberí,5283,210000,Piso,2.0,2.0,98.0,8.0,0,6
3584,2,Chamberí,5283,319000,Dúplex,2.0,1.0,84.0,,0,6
3585,2,Chamberí,5283,140000,Piso,3.0,1.0,75.0,,0,6
3586,2,Chamberí,5283,2055000,Apartamento,3.0,4.0,331.0,,0,6
3587,2,Chamberí,5283,195000,Piso,2.0,1.0,46.0,,0,6
3588,2,Chamberí,5283,595000,Piso,3.0,,106.0,,0,6
3589,2,Chamberí,5283,177000,Piso,,1.0,39.0,5.0,0,6
3590,2,Chamberí,5283,375000,Piso,1.0,1.0,70.0,,0,6
3591,2,Chamberí,5283,1575000,Casa adosada,6.0,4.0,268.0,,1,6
3592,2,Chamberí,5283,345000,Piso,3.0,1.0,90.0,,1,6
3593,2,Chamberí,5283,4100000,Piso,13.0,5.0,319.0,,0,6
3594,2,Chamberí,5283,225000,Piso,1.0,1.0,95.0,,0,6
3595,2,Chamberí,5283,198000,Piso,3.0,1.0,82.0,1.0,0,6
3596,2,Chamberí,5283,790000,Piso,4.0,3.0,179.0,,0,6
3597,2,Chamberí,5283,2250000,Piso,4.0,3.0,401.0,4.0,0,6
3598,2,Chamberí,5283,895000,Piso,3.0,2.0,143.0,2.0,0,6
3599,2,Chamberí,5283,349000,Piso,1.0,1.0,56.0,1.0,0,6
3600,2,Chamberí,5283,177000,Piso,,1.0,39.0,5.0,0,6
3601,2,Chamberí,5283,695000,Piso,3.0,2.0,185.0,1.0,0,6
3602,2,Chamberí,5283,889000,Casa o chalet,7.0,5.0,447.0,,1,6
3603,2,Chamberí,5283,935000,Piso,3.0,3.0,196.0,,0,6
3604,2,Chamberí,5283,2300000,Piso,,5.0,330.0,,1,6
3605,2,Chamberí,5283,860000,Piso,4.0,3.0,185.0,6.0,0,6
3606,2,Chamberí,5283,990000,Piso,4.0,2.0,205.0,3.0,0,6
3607,2,Chamberí,5283,143000,Piso,3.0,1.0,66.0,,0,6
3608,2,Chamberí,5283,460000,Piso,3.0,1.0,85.0,,0,6
3609,2,Chamberí,5283,450000,Piso,1.0,1.0,54.0,1.0,0,6
3610,2,Chamberí,5283,89000,Piso,2.0,1.0,55.0,,0,6
3611,2,Chamberí,5283,765000,Piso,4.0,2.0,181.0,1.0,0,6
3612,2,Chamberí,5283,749000,Piso,4.0,2.0,182.0,1.0,1,6
3613,2,Chamberí,5283,1050000,Piso,4.0,2.0,181.0,7.0,0,6
3614,2,Chamberí,5283,143000,Piso,1.0,1.0,47.0,2.0,0,6
3615,2,Chamberí,5283,1900000,Casa o chalet,4.0,3.0,231.0,,0,6
3616,2,Chamberí,5283,375000,Piso,1.0,1.0,70.0,,0,6
3617,2,Chamberí,5283,177000,Piso,,1.0,39.0,5.0,0,6
3618,2,Chamberí,5283,134000,Piso,2.0,1.0,45.0,,0,6
3619,2,Chamberí,5283,495000,Piso,3.0,2.0,106.0,,0,6
3620,2,Chamberí,5283,495000,Piso,3.0,2.0,106.0,,0,6
3621,2,Chamberí,5283,229000,Piso,1.0,1.0,40.0,1.0,0,6
3622,2,Chamberí,5283,177000,Piso,,1.0,39.0,5.0,0,6
3623,2,Chamberí,5283,890000,Piso,4.0,3.0,185.0,2.0,0,6
3624,2,Chamberí,5283,990800,Piso,2.0,2.0,132.0,9.0,0,6
3625,2,Chamberí,5283,165000,Piso,1.0,1.0,40.0,,0,6
3626,2,Chamberí,5283,160000,Piso,3.0,1.0,95.0,1.0,0,6
3627,2,Chamberí,5283,595000,Piso,3.0,2.0,130.0,2.0,0,6
3628,2,Chamberí,5283,1290000,Piso,6.0,2.0,187.0,,0,6
3629,2,Chamberí,5283,890000,Piso,4.0,3.0,185.0,2.0,0,6
3630,2,Chamberí,5283,116000,Piso,1.0,1.0,40.0,,0,6
3631,2,Chamberí,5283,299990,Loft,1.0,1.0,83.0,,0,6
3632,2,Chamberí,5283,140000,Piso,3.0,1.0,75.0,,0,6
3633,2,Chamberí,5283,177000,Piso,,1.0,39.0,5.0,0,6
3634,2,Chamberí,5283,190000,Piso,1.0,2.0,29.0,2.0,0,6
3635,2,Chamberí,5283,775000,Piso,4.0,4.0,171.0,4.0,1,6
3636,2,Chamberí,5283,177000,Piso,,1.0,39.0,5.0,0,6
3637,2,Chamberí,5283,375000,Piso,1.0,1.0,70.0,,0,6
3638,2,Chamberí,5283,775000,Piso,4.0,4.0,171.0,4.0,1,6
3639,2,Chamberí,5283,360000,Piso,1.0,1.0,50.0,,0,6
3640,2,Chamberí,5283,1599000,Piso,3.0,4.0,210.0,2.0,0,6
3641,2,Chamberí,5283,230000,Piso,2.0,1.0,70.0,,0,6
3642,2,Chamberí,5283,350000,Piso,2.0,1.0,70.0,2.0,0,6
3643,2,Chamberí,5283,1950000,Piso,5.0,5.0,315.0,2.0,0,6
3644,2,Chamberí,5283,149900,Piso,2.0,1.0,69.0,1.0,0,6
3645,2,Chamberí,5283,250500,Piso,1.0,1.0,75.0,,0,6
3646,2,Chamberí,5283,449000,Piso,2.0,1.0,80.0,2.0,0,6
3647,2,Chamberí,5283,319000,Dúplex,2.0,1.0,84.0,,0,6
3648,2,Chamberí,5283,196500,Piso,2.0,1.0,73.0,,0,6
3649,2,Chamberí,5283,140000,Piso,3.0,1.0,75.0,,0,6
3650,2,Chamberí,5283,180000,Piso,1.0,1.0,40.0,2.0,0,6
3651,2,Chamberí,5283,177000,Piso,,1.0,39.0,5.0,0,6
3652,2,Chamberí,5283,177000,Piso,3.0,1.0,85.0,3.0,0,6
3653,2,Chamberí,5283,579100,Piso,2.0,2.0,93.0,3.0,1,6
3654,2,Chamberí,5283,230000,Piso,2.0,1.0,70.0,,0,6
3655,2,Chamberí,5283,177000,Piso,,1.0,39.0,5.0,0,6
3656,2,Chamberí,5283,1285000,Piso,3.0,2.0,152.0,4.0,0,6
3657,2,Chamberí,5283,230000,Piso,2.0,1.0,70.0,,0,6
3658,2,Chamberí,5283,595000,Piso,3.0,2.0,121.0,,0,6
3659,2,Chamberí,5283,895000,Casa adosada,4.0,5.0,338.0,,1,6
3660,2,Chamberí,5283,314700,Piso,3.0,2.0,91.0,,1,6
3661,2,Chamberí,5283,440000,Piso,5.0,2.0,139.0,,0,6
3662,2,Chamberí,5283,820000,Casa adosada,4.0,4.0,249.0,,1,6
3663,2,Chamberí,5283,2300000,Ático,5.0,4.0,357.0,3.0,1,6
3664,2,Chamberí,5283,250000,Loft,,1.0,58.0,,0,6
3665,2,Chamberí,5283,230000,Piso,2.0,1.0,70.0,,0,6
3666,2,Chamberí,5283,324900,Piso,2.0,1.0,70.0,,0,6
3667,2,Chamberí,5283,799000,Ático,2.0,2.0,100.0,7.0,0,6
3668,2,Chamberí,5283,177000,Piso,,1.0,39.0,5.0,0,6
3669,2,Chamberí,5283,175000,Piso,3.0,1.0,66.0,,1,6
3670,2,Chamberí,5283,340000,Piso,2.0,1.0,79.0,5.0,0,6
3671,2,Chamberí,5283,140000,Piso,3.0,1.0,75.0,,0,6
3672,2,Chamberí,5283,375000,Piso,1.0,1.0,70.0,,0,6
3673,2,Chamberí,5283,1490000,Piso,4.0,3.0,210.0,3.0,0,6
3674,2,Chamberí,5283,495000,Piso,3.0,2.0,106.0,,0,6
3675,2,Chamberí,5283,220000,Piso,2.0,1.0,40.0,1.0,0,6
3676,2,Chamberí,5283,1044750,Piso,2.0,2.0,139.0,9.0,0,6
3677,2,Chamberí,5283,1023000,Piso,4.0,3.0,171.0,,0,6
3678,2,Chamberí,5283,189900,Piso,3.0,2.0,75.0,3.0,0,6
3679,2,Chamberí,5283,420000,Piso,5.0,2.0,142.0,3.0,0,6
3680,2,Chamberí,5283,369000,Piso,3.0,2.0,111.0,3.0,0,6
3681,2,Chamberí,5283,1830000,Casa adosada,5.0,6.0,442.0,,1,6
3682,2,Chamberí,5283,1490000,Piso,4.0,3.0,210.0,3.0,0,6
3683,2,Chamberí,5283,133000,Piso,2.0,1.0,56.0,2.0,0,6
3684,2,Chamberí,5283,1680150,Piso,3.0,2.0,165.0,9.0,0,6
3685,2,Chamberí,5283,399000,Piso,3.0,2.0,121.0,1.0,0,6
3686,2,Chamberí,5283,400000,Apartamento,1.0,1.0,52.0,,0,6
3687,2,Chamberí,5283,399000,Piso,1.0,1.0,97.0,2.0,1,6
3688,2,Chamberí,5283,60900,Piso,3.0,2.0,92.0,6.0,0,6
3689,2,Chamberí,5283,800000,Piso,,3.0,194.0,,1,6
3690,2,Chamberí,5283,135000,Piso,3.0,1.0,56.0,3.0,0,6
3691,2,Chamberí,5283,239000,Piso,2.0,1.0,62.0,,0,6
3692,2,Chamberí,5283,177000,Piso,,1.0,39.0,5.0,0,6
3693,2,Chamberí,5283,1950000,Piso,5.0,5.0,315.0,2.0,0,6
3694,2,Chamberí,5283,78000,Piso,,,70.0,1.0,0,6
3695,2,Chamberí,5283,125000,Piso,3.0,1.0,85.0,,0,6
3696,2,Chamberí,5283,1450000,Piso,3.0,3.0,175.0,,1,6
3697,2,Chamberí,5283,1550000,Piso,4.0,3.0,200.0,2.0,0,6
3698,2,Chamberí,5283,349000,Piso,2.0,2.0,93.0,,1,6
3699,2,Chamberí,5283,620000,Piso,3.0,2.0,137.0,,1,6
3700,2,Chamberí,5283,1485000,Piso,3.0,3.0,178.0,,1,6
3701,2,Chamberí,5283,2360000,Piso,19.0,5.0,458.0,2.0,0,6
3702,2,Chamberí,5283,610000,Piso,2.0,2.0,120.0,,0,6
3703,2,Chamberí,5283,1239580,Piso,3.0,2.0,166.0,9.0,0,6
3704,2,Chamberí,5283,470000,Piso,3.0,2.0,119.0,,0,6
3705,2,Chamberí,5283,465000,Dúplex,2.0,2.0,105.0,,0,6
3706,2,Chamberí,5283,625000,Piso,3.0,3.0,127.0,,1,6
3707,2,Chamberí,5283,790000,Piso,3.0,2.0,146.0,2.0,0,6
3708,2,Chamberí,5283,223600,Piso,2.0,1.0,72.0,2.0,0,6
3709,2,Chamberí,5283,2200000,Piso,4.0,4.0,301.0,2.0,0,6
3710,2,Chamberí,5283,775000,Piso,4.0,4.0,171.0,4.0,1,6
3711,2,Chamberí,5283,177000,Piso,,1.0,39.0,5.0,0,6
3712,2,Chamberí,5283,495000,Piso,3.0,2.0,106.0,,0,6
3713,2,Chamberí,5283,375000,Piso,1.0,1.0,70.0,,0,6
3714,2,Chamberí,5283,530000,Piso,2.0,1.0,110.0,1.0,0,6
3715,2,Chamberí,5283,695000,Piso,2.0,2.0,114.0,3.0,0,6
3716,2,Chamberí,5283,1300000,Dúplex,10.0,3.0,379.0,,0,6
3717,2,Chamberí,5283,890000,Piso,4.0,3.0,185.0,2.0,0,6
3718,2,Chamberí,5283,175000,Piso,2.0,1.0,62.0,,1,6
3719,2,Chamberí,5283,198000,Piso,1.0,1.0,38.0,4.0,0,6
3720,2,Chamberí,5283,225000,Piso,2.0,1.0,38.0,,0,6
3721,2,Chamberí,5283,750000,Piso,5.0,2.0,200.0,4.0,0,6
3722,2,Chamberí,5283,199999,Piso,1.0,1.0,41.0,2.0,0,6
3723,2,Chamberí,5283,375000,Piso,1.0,1.0,70.0,,0,6
3724,2,Chamberí,5283,375000,Piso,1.0,1.0,70.0,,0,6
3725,2,Chamberí,5283,1800000,Piso,4.0,5.0,332.0,1.0,0,6
3726,2,Chamberí,5283,320000,Piso,2.0,2.0,70.0,3.0,0,6
3727,2,Chamberí,5283,582220,Piso,5.0,1.0,103.0,,0,6
3728,2,Chamberí,5283,580000,Piso,2.0,2.0,120.0,,0,6
3729,2,Chamberí,5283,390000,Piso,1.0,1.0,39.0,5.0,0,6
3730,2,Chamberí,5283,495000,Piso,3.0,2.0,106.0,,0,6
3731,2,Chamberí,5283,161000,Piso,2.0,1.0,79.0,6.0,0,6
3732,2,Chamberí,5283,140000,Piso,3.0,1.0,66.0,1.0,0,6
3733,2,Chamberí,5283,1995000,Piso,5.0,6.0,315.0,2.0,0,6
3734,2,Chamberí,5283,760000,Piso,3.0,2.0,175.0,2.0,0,6
3735,2,Chamberí,5283,683800,Piso,2.0,2.0,93.0,6.0,1,6
3736,2,Chamberí,5283,580000,Piso,2.0,2.0,82.0,1.0,0,6
3737,2,Chamberí,5283,1180000,Piso,4.0,3.0,178.0,2.0,0,6
3738,2,Chamberí,5283,696700,Piso,2.0,2.0,93.0,6.0,0,6
3739,2,Chamberí,5283,116500,Piso,3.0,1.0,57.0,4.0,0,6
3740,2,Chamberí,5283,195000,Piso,4.0,1.0,83.0,1.0,0,6
3741,2,Chamberí,5283,415000,Piso,3.0,2.0,115.0,3.0,1,6
3742,2,Chamberí,5283,1390000,Piso,4.0,3.0,140.0,,0,6
3743,2,Chamberí,5283,1060000,Piso,4.0,2.0,297.0,2.0,1,6
3744,2,Chamberí,5283,499500,Piso,1.0,1.0,126.0,3.0,0,6
3745,2,Chamberí,5283,255000,Piso,3.0,1.0,49.0,2.0,0,6
3746,2,Chamberí,5283,8700000,Casa o chalet,5.0,4.0,881.0,,1,6
3747,2,Chamberí,5283,775000,Piso,4.0,4.0,171.0,4.0,1,6
3748,2,Chamberí,5283,149500,Piso,2.0,1.0,45.0,2.0,0,6
3749,2,Chamberí,5283,250000,Piso,1.0,1.0,40.0,2.0,0,6
3750,2,Chamberí,5283,279000,Piso,2.0,1.0,50.0,6.0,0,6
3751,2,Chamberí,5283,122500,Piso,2.0,1.0,51.0,1.0,0,6
3752,2,Chamberí,5283,990000,Piso,4.0,2.0,205.0,3.0,0,6
3753,2,Chamberí,5283,830000,Piso,3.0,3.0,189.0,,0,6
3754,2,Chamberí,5283,410000,Piso,2.0,2.0,120.0,,0,6
3755,2,Chamberí,5283,1599000,Piso,3.0,3.0,210.0,2.0,0,6
3756,2,Chamberí,5283,375000,Piso,1.0,1.0,70.0,,0,6
3757,2,Chamberí,5283,7525000,Dúplex,4.0,7.0,624.0,4.0,1,6
3758,2,Chamberí,5283,1026100,Dúplex,2.0,2.0,,9.0,1,6
3759,2,Chamberí,5283,270000,Loft,1.0,2.0,122.0,,1,6
3760,2,Chamberí,5283,875000,Ático,2.0,2.0,120.0,7.0,1,6
3761,2,Chamberí,5283,130000,Loft,,1.0,71.0,,1,6
3762,2,Chamberí,5283,199000,Piso,2.0,1.0,73.0,,0,6
3763,2,Chamberí,5283,2600000,Piso,4.0,3.0,390.0,2.0,0,6
3764,2,Chamberí,5283,112001,Piso,2.0,1.0,70.0,3.0,0,6
3765,2,Chamberí,5283,250000,Piso,3.0,1.0,60.0,,0,6
3766,2,Chamberí,5283,644730,Piso,2.0,2.0,100.0,2.0,0,6
3767,2,Chamberí,5283,225000,Piso,2.0,1.0,95.0,,0,6
3768,2,Chamberí,5283,1045000,Piso,4.0,3.0,146.0,2.0,0,6
3769,2,Chamberí,5283,595000,Piso,3.0,2.0,130.0,2.0,0,6
3770,2,Chamberí,5283,890000,Piso,4.0,3.0,185.0,2.0,0,6
3771,2,Chamberí,5283,450000,Ático,2.0,2.0,95.0,,1,6
3772,2,Chamberí,5283,775000,Piso,4.0,4.0,171.0,4.0,1,6
3773,2,Chamberí,5283,1995000,Piso,4.0,4.0,244.0,2.0,0,6
3774,2,Chamberí,5283,460000,Piso,1.0,1.0,65.0,1.0,0,6
3775,2,Chamberí,5283,450000,Piso,4.0,2.0,102.0,,0,6
3776,2,Chamberí,5283,280000,Piso,1.0,1.0,48.0,,0,6
3777,2,Chamberí,5283,3450000,Piso,3.0,4.0,251.0,4.0,0,6
3778,2,Chamberí,5283,4800000,Piso,4.0,5.0,379.0,4.0,0,6
3779,2,Chamberí,5283,140000,Piso,3.0,1.0,75.0,,0,6
3780,2,Chamberí,5283,795000,Piso,4.0,2.0,166.0,1.0,1,6
3781,2,Chamberí,5283,375000,Piso,1.0,1.0,70.0,,0,6
3782,2,Chamberí,5283,919900,Dúplex,2.0,2.0,123.0,9.0,0,6
3783,2,Chamberí,5283,845000,Piso,3.0,3.0,243.0,5.0,1,6
3784,2,Chamberí,5283,230000,Piso,2.0,1.0,70.0,,0,6
3785,2,Chamberí,5283,196500,Piso,2.0,1.0,64.0,,0,6
3786,2,Chamberí,5283,269000,Piso,3.0,1.0,90.0,1.0,0,6
3787,2,Chamberí,5283,520000,Piso,3.0,1.0,90.0,2.0,0,6
3788,2,Chamberí,5283,775000,Piso,4.0,4.0,171.0,4.0,1,6
3789,2,Chamberí,5283,980000,Ático,4.0,3.0,179.0,9.0,1,6
3790,2,Chamberí,5283,375000,Piso,1.0,1.0,70.0,,0,6
3791,2,Chamberí,5283,1217200,Dúplex,3.0,2.0,166.0,9.0,0,6
3792,2,Chamberí,5283,190000,Piso,1.0,1.0,36.0,,0,6
3793,2,Chamberí,5283,271000,Piso,1.0,1.0,50.0,,0,6
3794,2,Chamberí,5283,198000,Estudio,,1.0,45.0,2.0,0,6
3795,2,Chamberí,5283,195000,Piso,3.0,2.0,89.0,,0,6
3796,2,Chamberí,5283,132500,Piso,3.0,1.0,73.0,,0,6
3797,2,Chamberí,5283,150000,Piso,2.0,1.0,62.0,2.0,0,6
3798,2,Chamberí,5283,775000,Piso,4.0,4.0,159.0,4.0,1,6
3799,2,Chamberí,5283,178000,Piso,3.0,4.0,224.0,,0,6
3800,2,Chamberí,5283,695000,Piso,2.0,2.0,117.0,1.0,1,6
3801,2,Chamberí,5283,375000,Piso,1.0,1.0,70.0,,0,6
3802,2,Chamberí,5283,235000,Piso,4.0,2.0,100.0,2.0,0,6
3803,2,Chamberí,5283,255000,Piso,1.0,1.0,48.0,2.0,0,6
3804,2,Chamberí,5283,1044750,Piso,2.0,2.0,139.0,9.0,0,6
3805,2,Chamberí,5283,201424,Piso,3.0,2.0,97.0,1.0,1,6
3806,2,Chamberí,5283,320000,Piso,2.0,2.0,90.0,1.0,1,6
3807,2,Chamberí,5283,240000,Piso,3.0,1.0,82.0,1.0,0,6
3808,2,Chamberí,5283,1890000,Casa adosada,,5.0,500.0,,1,6
3809,2,Chamberí,5283,402900,Piso,2.0,1.0,91.0,1.0,0,6
3810,2,Chamberí,5283,375000,Piso,1.0,1.0,70.0,,0,6
3811,2,Chamberí,5283,560000,Ático,2.0,1.0,95.0,3.0,1,6
3812,2,Chamberí,5283,550000,Piso,3.0,1.0,96.0,1.0,0,6
3813,2,Chamberí,5283,375000,Piso,1.0,1.0,70.0,,0,6
3814,2,Chamberí,5283,85000,Piso,3.0,1.0,58.0,4.0,0,6
3815,2,Chamberí,5283,840000,Casa adosada,5.0,4.0,364.0,,0,6
3816,2,Chamberí,5283,593000,Piso,6.0,2.0,199.0,6.0,0,6
3817,2,Chamberí,5283,139500,Piso,1.0,1.0,37.0,,0,6
3818,2,Chamberí,5283,1390000,Piso,4.0,4.0,200.0,,0,6
3819,2,Chamberí,5283,1900000,Piso,5.0,3.0,221.0,2.0,1,6
3820,2,Chamberí,5283,1250000,Piso,3.0,4.0,365.0,4.0,1,6
3821,2,Chamberí,5283,375000,Piso,1.0,1.0,70.0,,0,6
3822,2,Chamberí,5283,1890000,Ático,6.0,5.0,340.0,,1,6
3823,2,Chamberí,5283,480000,Piso,3.0,2.0,137.0,1.0,1,6
3824,2,Chamberí,5283,390370,Piso,3.0,2.0,98.0,,0,6
3825,2,Chamberí,5283,710000,Piso,3.0,2.0,130.0,1.0,1,6
3826,2,Chamberí,5283,925000,Piso,4.0,3.0,210.0,4.0,1,6
3827,2,Chamberí,5283,775000,Piso,4.0,4.0,171.0,4.0,1,6
3828,2,Chamberí,5283,1349000,Casa o chalet,5.0,4.0,450.0,,1,6
3829,2,Chamberí,5283,560000,Piso,6.0,3.0,135.0,5.0,0,6
3830,2,Chamberí,5283,750000,Piso,4.0,2.0,161.0,4.0,0,6
3831,2,Chamberí,5283,995000,Piso,5.0,3.0,280.0,5.0,0,6
3832,2,Chamberí,5283,440000,Piso,3.0,1.0,153.0,1.0,0,6
3833,2,Chamberí,5283,310000,Piso,3.0,2.0,105.0,2.0,1,6
3834,2,Chamberí,5283,230000,Piso,2.0,1.0,70.0,,0,6
3835,2,Chamberí,5283,570000,Piso,3.0,2.0,121.0,1.0,1,6
3836,2,Chamberí,5283,740000,Piso,3.0,2.0,112.0,2.0,0,6
3837,2,Chamberí,5283,251500,Piso,2.0,3.0,169.0,1.0,0,6
3838,2,Chamberí,5283,515000,Piso,4.0,2.0,135.0,4.0,1,6
3839,2,Chamberí,5283,268500,Piso,3.0,1.0,83.0,,0,6
3840,2,Chamberí,5283,495000,Piso,3.0,1.0,109.0,1.0,0,6
3841,2,Chamberí,5283,1250000,Piso,5.0,4.0,233.0,,1,6
3842,2,Chamberí,5283,145000,Piso,2.0,1.0,58.0,1.0,0,6
3843,2,Chamberí,5283,440000,Piso,3.0,2.0,97.0,7.0,0,6
3844,2,Chamberí,5283,435000,Piso,1.0,1.0,77.0,,0,6
3845,2,Chamberí,5283,560000,Piso,5.0,2.0,151.0,,1,6
3846,2,Chamberí,5283,140000,Piso,1.0,1.0,36.0,,0,6
3847,2,Chamberí,5283,850000,Piso,3.0,2.0,171.0,2.0,0,6
3848,2,Chamberí,5283,119500,Piso,2.0,1.0,70.0,,0,6
3849,2,Chamberí,5283,1950000,Piso,,6.0,314.0,,0,6
3850,2,Chamberí,5283,745000,Piso,4.0,3.0,168.0,5.0,0,6
3851,2,Chamberí,5283,540000,Piso,3.0,2.0,121.0,,1,6
3852,2,Chamberí,5283,245000,Piso,3.0,1.0,112.0,,1,6
3853,2,Chamberí,5283,1195000,Piso,5.0,3.0,224.0,4.0,0,6
3854,2,Chamberí,5283,460000,Piso,2.0,,93.0,4.0,0,6
3855,2,Chamberí,5283,230000,Piso,2.0,1.0,70.0,,0,6
3856,2,Chamberí,5283,135000,Piso,2.0,2.0,66.0,,0,6
3857,2,Chamberí,5283,620000,Piso,4.0,2.0,135.0,6.0,1,6
3858,2,Chamberí,5283,775000,Piso,4.0,4.0,171.0,4.0,1,6
3859,2,Chamberí,5283,599000,Ático,3.0,2.0,158.0,6.0,1,6
3860,2,Chamberí,5283,750000,Piso,1.0,1.0,97.0,1.0,0,6
3861,2,Chamberí,5283,595000,Piso,3.0,2.0,130.0,2.0,0,6
3862,2,Chamberí,5283,290000,Piso,2.0,2.0,104.0,4.0,1,6
3863,2,Chamberí,5283,1050000,Piso,5.0,3.0,316.0,,0,6
3864,2,Chamberí,5283,140000,Piso,3.0,1.0,75.0,,0,6
3865,2,Chamberí,5283,199000,Piso,1.0,1.0,45.0,3.0,0,6
3866,2,Chamberí,5283,359000,Ático,3.0,2.0,112.0,3.0,1,6
3867,2,Chamberí,5283,58100,Piso,2.0,1.0,61.0,,0,6
3868,2,Chamberí,5283,310000,Piso,2.0,1.0,61.0,2.0,0,6
3869,2,Chamberí,5283,230000,Piso,2.0,1.0,70.0,,0,6
3870,2,Chamberí,5283,315000,Piso,3.0,2.0,93.0,1.0,1,6
3871,2,Chamberí,5283,355000,Piso,3.0,2.0,121.0,,0,6
3872,2,Chamberí,5283,218000,Piso,1.0,1.0,41.0,5.0,1,6
3873,2,Chamberí,5283,245000,Apartamento,1.0,1.0,43.0,4.0,0,6
3874,2,Chamberí,5283,395000,Piso,5.0,2.0,117.0,4.0,0,6
3875,2,Chamberí,5283,177000,Piso,,1.0,39.0,5.0,0,6
3876,2,Chamberí,5283,320000,Piso,3.0,1.0,83.0,,0,6
3877,2,Chamberí,5283,560000,Ático,2.0,1.0,91.0,3.0,1,6
3878,2,Chamberí,5283,445000,Piso,4.0,2.0,112.0,1.0,0,6
3879,2,Chamberí,5283,177000,Piso,,1.0,39.0,5.0,0,6
3880,2,Chamberí,5283,370000,Piso,1.0,1.0,51.0,2.0,0,6
3881,2,Chamberí,5283,329700,Piso,3.0,1.0,58.0,,0,6
3882,2,Chamberí,5283,585000,Piso,3.0,2.0,135.0,1.0,1,6
3883,2,Chamberí,5283,975000,Piso,5.0,3.0,182.0,,0,6
3884,2,Chamberí,5283,81200,Piso,2.0,1.0,61.0,,0,6
3885,2,Chamberí,5283,100000,Piso,3.0,1.0,53.0,,0,6
3886,2,Chamberí,5283,545000,Piso,2.0,2.0,116.0,,0,6
3887,2,Chamberí,5283,433000,Piso,3.0,2.0,84.0,3.0,0,6
3888,2,Chamberí,5283,250000,Piso,2.0,1.0,65.0,1.0,0,6
3889,2,Chamberí,5283,108000,Piso,1.0,1.0,42.0,,0,6
3890,2,Chamberí,5283,3100000,Piso,3.0,3.0,269.0,2.0,0,6
3891,2,Chamberí,5283,440000,Piso,3.0,2.0,97.0,7.0,0,6
3892,2,Chamberí,5283,4350000,Piso,5.0,5.0,400.0,,0,6
3893,2,Chamberí,5283,110476,Piso,1.0,1.0,57.0,,0,6
3894,2,Chamberí,5283,196500,Piso,2.0,1.0,64.0,,0,6
3895,2,Chamberí,5283,449000,Piso,2.0,1.0,80.0,2.0,0,6
3896,2,Chamberí,5283,2400000,Piso,5.0,4.0,442.0,,1,6
3897,2,Chamberí,5283,230000,Piso,2.0,1.0,70.0,,0,6
3898,2,Chamberí,5283,1990000,Piso,,3.0,297.0,4.0,1,6
3899,2,Chamberí,5283,162000,Piso,2.0,1.0,79.0,2.0,0,6
3900,2,Chamberí,5283,1150000,Piso,2.0,3.0,116.0,6.0,0,6
3901,2,Chamberí,5283,1375000,Piso,2.0,2.0,138.0,5.0,1,6
3902,2,Chamberí,5283,580000,Piso,4.0,2.0,115.0,1.0,0,6
3903,2,Chamberí,5283,749000,Piso,9.0,4.0,209.0,1.0,0,6
3904,2,Chamberí,5283,480000,Piso,2.0,2.0,80.0,3.0,0,6
3905,2,Chamberí,5283,306000,Piso,3.0,2.0,97.0,4.0,1,6
3906,2,Chamberí,5283,375000,Piso,1.0,1.0,70.0,,0,6
3907,2,Chamberí,5283,131580,Piso,3.0,1.0,83.0,4.0,0,6
3908,2,Chamberí,5283,1900000,Piso,6.0,5.0,341.0,7.0,0,6
3909,2,Chamberí,5283,2400000,Piso,5.0,5.0,281.0,2.0,1,6
3910,2,Chamberí,5283,190000,Piso,3.0,1.0,71.0,,1,6
3911,2,Chamberí,5283,1195000,Piso,6.0,3.0,207.0,2.0,1,6
3912,2,Chamberí,5283,644730,Piso,2.0,2.0,100.0,2.0,0,6
3913,2,Chamberí,5283,169000,Piso,3.0,1.0,52.0,,0,6
3914,2,Chamberí,5283,560000,Piso,4.0,2.0,119.0,,0,6
3915,2,Chamberí,5283,1250000,Piso,3.0,3.0,155.0,6.0,0,6
3916,2,Chamberí,5283,845000,Piso,3.0,2.0,154.0,4.0,1,6
3917,2,Chamberí,5283,1239580,Piso,3.0,2.0,166.0,9.0,0,6
3918,2,Chamberí,5283,710000,Piso,3.0,2.0,121.0,,1,6
3919,2,Chamberí,5283,180000,Planta baja,2.0,1.0,52.0,,0,6
3920,2,Chamberí,5283,765000,Piso,4.0,3.0,145.0,1.0,0,6
3921,2,Chamberí,5283,450000,Ático,2.0,1.0,72.0,,0,6
3922,2,Chamberí,5283,2235000,Piso,4.0,5.0,298.0,4.0,1,6
3923,2,Chamberí,5283,750000,Piso,4.0,2.0,153.0,1.0,0,6
3924,2,Chamberí,5283,476000,Dúplex,1.0,2.0,82.0,1.0,0,6
3925,2,Chamberí,5283,495000,Piso,4.0,2.0,158.0,3.0,1,6
3926,2,Chamberí,5283,390370,Piso,3.0,1.0,95.0,,0,6
3927,2,Chamberí,5283,63400,Estudio,,,20.0,,0,6
3928,2,Chamberí,5283,380000,Piso,3.0,2.0,90.0,6.0,0,6
3929,2,Chamberí,5283,115000,Piso,2.0,1.0,60.0,2.0,0,6
3930,2,Chamberí,5283,775000,Piso,4.0,3.0,171.0,4.0,1,6
3931,2,Chamberí,5283,1395000,Piso,3.0,3.0,150.0,5.0,0,6
3932,2,Chamberí,5283,229000,Apartamento,1.0,1.0,53.0,1.0,1,6
3933,2,Chamberí,5283,236000,Piso,1.0,1.0,41.0,7.0,0,6
3934,2,Chamberí,5283,1600800,Piso,4.0,5.0,198.0,2.0,1,6
3935,2,Chamberí,5283,159650,Piso,3.0,1.0,83.0,,0,6
3936,2,Chamberí,5283,243000,Piso,4.0,2.0,105.0,2.0,0,6
3937,2,Chamberí,5283,2500000,Piso,8.0,3.0,626.0,,0,6
3938,2,Chamberí,5283,645000,Piso,2.0,3.0,135.0,2.0,0,6
3939,2,Chamberí,5283,1495000,Piso,3.0,4.0,230.0,,0,6
3940,2,Chamberí,5283,375000,Piso,1.0,1.0,70.0,,0,6
3941,2,Chamberí,5283,150000,Piso,3.0,1.0,71.0,2.0,0,6
3942,2,Chamberí,5283,936430,Piso,2.0,2.0,123.0,9.0,0,6
3943,2,Chamberí,5283,620000,Piso,5.0,2.0,145.0,1.0,0,6
3944,2,Chamberí,5283,1875000,Piso,4.0,4.0,241.0,4.0,0,6
3945,2,Chamberí,5283,375000,Piso,1.0,1.0,70.0,,0,6
3946,2,Chamberí,5283,220000,Piso,3.0,1.0,79.0,,0,6
3947,2,Chamberí,5283,196500,Piso,2.0,1.0,64.0,,0,6
3948,2,Chamberí,5283,169830,Piso,3.0,1.0,83.0,2.0,0,6
3949,2,Chamberí,5283,775000,Piso,4.0,4.0,171.0,4.0,1,6
3950,2,Chamberí,5283,89000,Piso,3.0,1.0,68.0,2.0,0,6
3951,2,Chamberí,5283,2200000,Piso,4.0,4.0,301.0,2.0,0,6
3952,2,Chamberí,5283,780000,Piso,2.0,2.0,107.0,5.0,1,6
3953,2,Chamberí,5283,990800,Piso,2.0,2.0,132.0,9.0,0,6
3954,2,Chamberí,5283,110900,Piso,,,36.0,2.0,1,6
3955,2,Chamberí,5283,196500,Piso,2.0,1.0,64.0,,0,6
3956,2,Chamberí,5283,1350000,Casa o chalet,5.0,5.0,330.0,,1,6
3957,2,Chamberí,5283,775000,Piso,4.0,4.0,171.0,4.0,1,6
3958,2,Chamberí,5283,775000,Piso,4.0,4.0,171.0,4.0,1,6
3959,2,Chamberí,5283,800000,Piso,3.0,2.0,110.0,4.0,0,6
3960,2,Chamberí,5283,695000,Piso,2.0,2.0,126.0,,0,6
3961,2,Chamberí,5283,266500,Piso,3.0,2.0,89.0,2.0,0,6
3962,2,Chamberí,5283,4000000,Piso,4.0,5.0,354.0,2.0,1,6
3963,2,Chamberí,5283,132000,Piso,2.0,1.0,70.0,,0,6
3964,2,Chamberí,5283,177000,Piso,,1.0,39.0,5.0,0,6
3965,2,Chamberí,5283,1840000,Piso,3.0,3.0,260.0,4.0,1,6
3966,2,Chamberí,5283,699000,Piso,5.0,2.0,152.0,,1,6
3967,2,Chamberí,5283,533900,Piso,2.0,2.0,101.0,,0,6
3968,2,Chamberí,5283,1330000,Piso,3.0,4.0,177.0,3.0,0,6
3969,2,Chamberí,5283,849900,Ático,4.0,2.0,195.0,7.0,0,6
3970,2,Chamberí,5283,1100000,Piso,6.0,3.0,260.0,,1,6
3971,2,Chamberí,5283,585000,Piso,3.0,2.0,127.0,,0,6
3972,2,Chamberí,5283,1268200,Dúplex,7.0,5.0,461.0,2.0,0,6
3973,2,Chamberí,5283,570000,Piso,3.0,2.0,127.0,5.0,0,6
3974,2,Chamberí,5283,795000,Piso,4.0,3.0,177.0,1.0,1,6
3975,2,Chamberí,5283,200000,Piso,2.0,1.0,78.0,,0,6
3976,2,Chamberí,5283,560000,Piso,2.0,2.0,87.0,,0,6
3977,2,Chamberí,5283,112900,Piso,3.0,1.0,50.0,3.0,0,6
3978,2,Chamberí,5283,145000,Piso,2.0,1.0,60.0,3.0,0,6
3979,2,Chamberí,5283,395000,Piso,2.0,1.0,73.0,,0,6
3980,2,Chamberí,5283,775000,Piso,4.0,4.0,171.0,4.0,1,6
3981,2,Chamberí,5283,222000,Piso,2.0,1.0,46.0,1.0,0,6
3982,2,Chamberí,5283,140000,Piso,3.0,1.0,72.0,3.0,0,6
3983,2,Chamberí,5283,238900,Piso,2.0,1.0,55.0,1.0,1,6
3984,2,Chamberí,5283,385000,Piso,2.0,2.0,101.0,4.0,1,6
3985,2,Chamberí,5283,170000,Piso,1.0,1.0,41.0,,0,6
3986,2,Chamberí,5283,1490000,Piso,7.0,4.0,336.0,6.0,1,6
3987,2,Chamberí,5283,240000,Piso,2.0,1.0,117.0,,0,6
3988,2,Chamberí,5283,1390000,Piso,4.0,4.0,227.0,1.0,1,6
3989,2,Chamberí,5283,236000,Piso,1.0,1.0,41.0,7.0,0,6
3990,2,Chamberí,5283,2300000,Ático,5.0,5.0,317.0,6.0,1,6
3991,2,Chamberí,5283,177000,Piso,,1.0,39.0,5.0,0,6
3992,2,Chamberí,5283,375000,Piso,1.0,1.0,70.0,,0,6
3993,2,Chamberí,5283,140000,Piso,3.0,1.0,75.0,,0,6
3994,2,Chamberí,5283,775000,Piso,4.0,4.0,171.0,4.0,1,6
3995,2,Chamberí,5283,245000,Piso,2.0,1.0,55.0,4.0,0,6
3996,2,Chamberí,5283,105000,Piso,2.0,1.0,52.0,1.0,0,6
3997,2,Chamberí,5283,1800000,Dúplex,5.0,5.0,350.0,5.0,1,6
3998,2,Chamberí,5283,500000,Piso,4.0,2.0,101.0,6.0,0,6
3999,2,Chamberí,5283,1895000,Ático,4.0,4.0,172.0,,1,6
4000,2,Chamberí,5283,550000,Piso,2.0,2.0,68.0,1.0,0,6
4001,2,Chamberí,5283,710000,Piso,4.0,1.0,120.0,5.0,0,6
4002,2,Chamberí,5283,230000,Piso,2.0,1.0,70.0,,0,6
4003,2,Chamberí,5283,177000,Piso,,1.0,39.0,5.0,0,6
4004,2,Chamberí,5283,500000,Piso,2.0,2.0,89.0,1.0,0,6
4005,2,Chamberí,5283,579100,Piso,2.0,2.0,93.0,3.0,0,6
4006,2,Chamberí,5283,495000,Piso,3.0,2.0,106.0,,0,6
4007,2,Chamberí,5283,139900,Piso,3.0,1.0,70.0,,0,6
4008,2,Chamberí,5283,230000,Piso,2.0,1.0,55.0,2.0,0,6
4009,2,Chamberí,5283,140000,Piso,3.0,1.0,75.0,,0,6
4010,2,Chamberí,5283,1600000,Ático,2.0,3.0,155.0,7.0,1,6
4011,2,Chamberí,5283,315000,Piso,1.0,1.0,57.0,,0,6
4012,2,Chamberí,5283,159000,Piso,3.0,2.0,83.0,,0,6
4013,2,Chamberí,5283,110000,Piso,3.0,1.0,63.0,,0,6
4014,2,Chamberí,5283,2055000,Piso,4.0,4.0,330.0,,0,6
4015,2,Chamberí,5283,1150000,Piso,4.0,3.0,242.0,,1,6
4016,2,Chamberí,5283,239900,Piso,2.0,1.0,50.0,,0,6
4017,2,Chamberí,5283,890000,Piso,3.0,1.0,119.0,,0,6
4018,2,Chamberí,5283,775000,Piso,4.0,4.0,171.0,4.0,1,6
4019,2,Chamberí,5283,140000,Piso,3.0,1.0,75.0,,0,6
4020,2,Chamberí,5283,3150000,Ático,2.0,2.0,210.0,,1,6
4021,2,Chamberí,5283,230000,Piso,2.0,1.0,70.0,,0,6
4022,2,Chamberí,5283,319900,Piso,3.0,2.0,98.0,2.0,1,6
4023,2,Chamberí,5283,2400000,Piso,7.0,6.0,432.0,3.0,1,6
4024,2,Chamberí,5283,449900,Piso,2.0,1.0,93.0,2.0,0,6
4025,2,Chamberí,5283,93000,Piso,1.0,1.0,36.0,,0,6
4026,2,Chamberí,5283,177000,Piso,,1.0,39.0,5.0,0,6
4027,2,Chamberí,5283,1150000,Piso,2.0,3.0,116.0,6.0,0,6
4028,2,Chamberí,5283,720000,Piso,2.0,2.0,151.0,,1,6
4029,2,Chamberí,5283,375000,Piso,1.0,1.0,70.0,,0,6
4030,2,Chamberí,5283,775000,Piso,4.0,4.0,171.0,4.0,1,6
4031,2,Chamberí,5283,775000,Piso,4.0,4.0,171.0,4.0,1,6
4032,2,Chamberí,5283,760000,Ático,4.0,4.0,180.0,6.0,1,6
4033,2,Chamberí,5283,520000,Piso,3.0,2.0,120.0,,1,6
4034,2,Chamberí,5283,1250000,Piso,4.0,4.0,188.0,2.0,0,6
4035,2,Chamberí,5283,355000,Piso,3.0,1.0,70.0,4.0,0,6
4036,2,Chamberí,5283,381000,Piso,2.0,1.0,75.0,1.0,1,6
4037,2,Chamberí,5283,183000,Piso,1.0,1.0,35.0,,0,6
4038,2,Chamberí,5283,500000,Piso,2.0,2.0,96.0,1.0,0,6
4039,2,Chamberí,5283,775000,Piso,4.0,4.0,171.0,4.0,1,6
4040,2,Chamberí,5283,775000,Piso,4.0,4.0,171.0,4.0,1,6
4041,2,Chamberí,5283,765000,Ático,2.0,2.0,106.0,,0,6
4042,2,Chamberí,5283,177000,Piso,,1.0,39.0,5.0,0,6
4043,2,Chamberí,5283,177000,Piso,,1.0,39.0,5.0,0,6
4044,2,Chamberí,5283,1320000,Piso,4.0,3.0,300.0,,1,6
4045,2,Chamberí,5283,1285000,Piso,,2.0,163.0,,0,6
4046,2,Chamberí,5283,499000,Piso,1.0,1.0,80.0,7.0,1,6
4047,2,Chamberí,5283,177000,Piso,,1.0,39.0,5.0,0,6
4048,2,Chamberí,5283,800000,Piso,,3.0,194.0,,1,6
4049,2,Chamberí,5283,177000,Piso,,1.0,39.0,5.0,0,6
4050,2,Chamberí,5283,810000,Piso,6.0,2.0,146.0,7.0,1,6
4051,2,Chamberí,5283,240000,Piso,1.0,1.0,48.0,5.0,0,6
4052,2,Chamberí,5283,1775000,Piso,,3.0,339.0,,1,6
4053,2,Chamberí,5283,275000,Piso,3.0,2.0,94.0,6.0,0,6
4054,2,Chamberí,5283,775000,Piso,4.0,4.0,171.0,4.0,1,6
4055,2,Chamberí,5283,348000,Piso,3.0,1.0,86.0,1.0,0,6
4056,2,Chamberí,5283,339000,Piso,3.0,2.0,106.0,,0,6
4057,2,Chamberí,5283,440000,Piso,3.0,2.0,97.0,7.0,0,6
4058,2,Chamberí,5283,750000,Piso,5.0,2.0,172.0,6.0,0,6
4059,2,Chamberí,5283,375000,Piso,1.0,1.0,70.0,,0,6
4060,2,Chamberí,5283,230000,Piso,2.0,1.0,70.0,,0,6
4061,2,Chamberí,5283,177000,Piso,,1.0,39.0,5.0,0,6
4062,2,Chamberí,5283,159000,Piso,1.0,1.0,46.0,3.0,0,6
4063,2,Chamberí,5283,4350000,Piso,5.0,5.0,400.0,,0,6
4064,2,Chamberí,5283,800000,Piso,5.0,2.0,176.0,3.0,0,6
4065,2,Chamberí,5283,235000,Apartamento,2.0,2.0,73.0,,0,6
4066,2,Chamberí,5283,2858000,Apartamento,4.0,4.0,368.0,,1,6
4067,2,Chamberí,5283,1790000,Piso,4.0,3.0,281.0,6.0,1,6
4068,2,Chamberí,5283,425000,Piso,3.0,2.0,86.0,,0,6
4069,2,Chamberí,5283,320000,Piso,3.0,1.0,92.0,7.0,0,6
4070,2,Chamberí,5283,255000,Piso,1.0,1.0,45.0,3.0,0,6
4071,2,Chamberí,5283,330000,Piso,2.0,2.0,61.0,,0,6
4072,2,Chamberí,5283,89000,Piso,3.0,1.0,64.0,2.0,0,6
4073,2,Chamberí,5283,375000,Piso,1.0,1.0,70.0,,0,6
4074,2,Chamberí,5283,675000,Piso,4.0,3.0,189.0,1.0,0,6
4075,2,Chamberí,5283,498000,Piso,1.0,1.0,75.0,7.0,0,6
4076,2,Chamberí,5283,250000,Piso,1.0,1.0,69.0,,0,6
4077,2,Chamberí,5283,800000,Ático,2.0,2.0,209.0,3.0,0,6
4078,2,Chamberí,5283,670000,Piso,3.0,2.0,145.0,2.0,0,6
4079,2,Chamberí,5283,300000,Piso,5.0,2.0,117.0,4.0,0,6
4080,2,Chamberí,5283,638000,Piso,7.0,2.0,160.0,1.0,0,6
4081,2,Chamberí,5283,230000,Piso,2.0,1.0,70.0,,0,6
4082,2,Chamberí,5283,177000,Piso,,1.0,39.0,5.0,0,6
4083,2,Chamberí,5283,580000,Piso,2.0,2.0,65.0,2.0,0,6
4084,2,Chamberí,5283,177000,Piso,,1.0,39.0,5.0,0,6
4085,2,Chamberí,5283,455000,Piso,2.0,1.0,81.0,2.0,0,6
4086,2,Chamberí,5283,850000,Piso,3.0,2.0,164.0,7.0,0,6
4087,2,Chamberí,5283,137000,Piso,1.0,1.0,45.0,1.0,0,6
4088,2,Chamberí,5283,890000,Piso,4.0,3.0,185.0,2.0,0,6
4089,2,Chamberí,5283,775000,Piso,4.0,4.0,171.0,4.0,1,6
4090,2,Chamberí,5283,775000,Piso,4.0,4.0,171.0,4.0,1,6
4091,2,Chamberí,5283,133000,Piso,2.0,1.0,56.0,2.0,0,6
4092,2,Chamberí,5283,850000,Piso,2.0,2.0,133.0,,0,6
4093,2,Chamberí,5283,775000,Piso,4.0,4.0,171.0,4.0,1,6
4094,2,Chamberí,5283,210000,Piso,4.0,1.0,104.0,,0,6
4095,2,Chamberí,5283,249900,Piso,1.0,1.0,42.0,6.0,0,6
4096,2,Chamberí,5283,440000,Piso,3.0,2.0,154.0,4.0,1,6
4097,2,Chamberí,5283,775000,Piso,4.0,4.0,171.0,4.0,1,6
4098,2,Chamberí,5283,475000,Piso,4.0,2.0,137.0,,0,6
4099,2,Chamberí,5283,110000,Piso,3.0,1.0,61.0,1.0,0,6
4100,2,Chamberí,5283,227000,Piso,2.0,2.0,77.0,6.0,1,6
4101,2,Chamberí,5283,798000,Piso,2.0,2.0,115.0,3.0,0,6
4102,2,Chamberí,5283,890000,Piso,4.0,3.0,185.0,2.0,0,6
4103,2,Chamberí,5283,4750000,Piso,4.0,5.0,360.0,,1,6
4104,2,Chamberí,5283,365000,Piso,5.0,2.0,123.0,,0,6
4105,2,Chamberí,5283,196500,Piso,2.0,1.0,64.0,,0,6
4106,2,Chamberí,5283,850000,Piso,5.0,3.0,220.0,3.0,1,6
4107,2,Chamberí,5283,375000,Piso,1.0,1.0,70.0,,0,6
4108,2,Chamberí,5283,270000,Piso,5.0,2.0,171.0,1.0,0,6
4109,2,Chamberí,5283,230000,Piso,2.0,1.0,70.0,,0,6
4110,2,Chamberí,5283,230000,Piso,2.0,1.0,70.0,,0,6
4111,2,Chamberí,5283,177000,Piso,,1.0,39.0,5.0,0,6
4112,2,Chamberí,5283,185000,Apartamento,,1.0,35.0,2.0,0,6
4113,2,Chamberí,5283,387000,Piso,2.0,2.0,83.0,2.0,0,6
4114,2,Chamberí,5283,390000,Piso,4.0,2.0,77.0,2.0,0,6
4115,2,Chamberí,5283,1240000,Piso,3.0,3.0,134.0,,1,6
4116,2,Chamberí,5283,175000,Piso,2.0,1.0,62.0,,1,6
4117,2,Chamberí,5283,550000,Piso,4.0,1.0,122.0,2.0,0,6
4118,2,Chamberí,5283,340000,Piso,2.0,1.0,64.0,,0,6
4119,2,Chamberí,5283,365000,Piso,3.0,2.0,89.0,6.0,0,6
4120,2,Chamberí,5283,1200000,Piso,3.0,2.0,178.0,7.0,0,6
4121,2,Chamberí,5283,177000,Piso,,1.0,39.0,5.0,0,6
4122,2,Chamberí,5283,775000,Piso,4.0,4.0,171.0,4.0,1,6
4123,2,Chamberí,5283,775000,Piso,4.0,4.0,171.0,4.0,1,6
4124,2,Chamberí,5283,850000,Piso,4.0,3.0,177.0,1.0,0,6
4125,2,Chamberí,5283,151000,Piso,3.0,1.0,59.0,1.0,0,6
4126,2,Chamberí,5283,899000,Piso,4.0,3.0,168.0,5.0,0,6
4127,2,Chamberí,5283,375000,Piso,1.0,1.0,70.0,,0,6
4128,2,Chamberí,5283,270000,Piso,,1.0,36.0,,1,6
4129,2,Chamberí,5283,330000,Piso,3.0,1.0,68.0,3.0,0,6
4130,2,Chamberí,5283,319000,Piso,3.0,1.0,60.0,1.0,0,6
4131,2,Chamberí,5283,140000,Piso,3.0,1.0,75.0,,0,6
4132,2,Chamberí,5283,125000,Piso,2.0,1.0,65.0,,0,6
4133,2,Chamberí,5283,930000,Ático,4.0,2.0,170.0,6.0,0,6
4134,2,Chamberí,5283,520000,Piso,,2.0,91.0,2.0,0,6
4135,2,Chamberí,5283,250000,Estudio,,1.0,40.0,5.0,0,6
4136,2,Chamberí,5283,495000,Piso,3.0,2.0,106.0,,0,6
4137,2,Chamberí,5283,285000,Apartamento,1.0,1.0,64.0,,0,6
4138,2,Chamberí,5283,640000,Piso,3.0,3.0,145.0,,1,6
4139,2,Chamberí,5283,430000,Piso,2.0,1.0,68.0,4.0,0,6
4140,2,Chamberí,5283,850000,Ático,4.0,2.0,150.0,7.0,1,6
4141,2,Chamberí,5283,475000,Piso,2.0,2.0,73.0,1.0,0,6
4142,2,Chamberí,5283,370000,Piso,2.0,1.0,60.0,3.0,0,6
4143,2,Chamberí,5283,995000,Piso,4.0,3.0,260.0,1.0,1,6
4144,2,Chamberí,5283,351000,Piso,,1.0,100.0,,0,6
4145,2,Chamberí,5283,177000,Piso,,1.0,39.0,5.0,0,6
4146,2,Chamberí,5283,230000,Piso,1.0,1.0,53.0,,0,6
4147,2,Chamberí,5283,174000,Piso,1.0,1.0,51.0,,0,6
4148,2,Chamberí,5283,274200,Piso,3.0,1.0,75.0,,1,6
4149,2,Chamberí,5283,360000,Piso,3.0,2.0,127.0,1.0,1,6
4150,2,Chamberí,5283,579100,Piso,1.0,1.0,73.0,8.0,1,6
4151,2,Chamberí,5283,375000,Piso,1.0,1.0,70.0,,0,6
4152,2,Chamberí,5283,970000,Piso,4.0,3.0,198.0,,1,6
4153,2,Chamberí,5283,140000,Piso,3.0,1.0,75.0,,0,6
4154,2,Chamberí,5283,1050000,Piso,4.0,3.0,183.0,4.0,0,6
4155,2,Chamberí,5283,775000,Piso,4.0,4.0,171.0,4.0,1,6
4156,2,Chamberí,5283,1550000,Piso,4.0,5.0,211.0,1.0,0,6
4157,2,Chamberí,5283,395000,Piso,2.0,1.0,138.0,,0,6
4158,2,Chamberí,5283,298000,Piso,3.0,1.0,62.0,3.0,0,6
4159,2,Chamberí,5283,265000,Estudio,,1.0,51.0,1.0,1,6
4160,2,Chamberí,5283,695000,Piso,4.0,2.0,196.0,1.0,0,6
4161,2,Chamberí,5283,369000,Piso,2.0,2.0,87.0,2.0,1,6
4162,2,Chamberí,5283,375000,Piso,1.0,1.0,70.0,,0,6
4163,2,Chamberí,5283,212000,Piso,,1.0,27.0,2.0,0,6
4164,2,Chamberí,5283,555000,Piso,3.0,1.0,95.0,,0,6
4165,2,Chamberí,5283,230000,Piso,2.0,1.0,70.0,,0,6
4166,2,Chamberí,5283,1029700,Piso,,2.0,139.0,4.0,0,6
4167,2,Chamberí,5283,195000,Piso,2.0,1.0,39.0,,0,6
4168,2,Chamberí,5283,880000,Piso,3.0,3.0,177.0,3.0,0,6
4169,2,Chamberí,5283,1490000,Piso,4.0,3.0,210.0,3.0,0,6
4170,2,Chamberí,5283,890000,Ático,4.0,3.0,163.0,5.0,0,6
4171,2,Chamberí,5283,375000,Piso,1.0,1.0,70.0,,0,6
4172,2,Chamberí,5283,650000,Piso,4.0,2.0,150.0,3.0,1,6
4173,2,Chamberí,5283,1217200,Ático,3.0,2.0,166.0,9.0,1,6
4174,2,Chamberí,5283,500000,Piso,3.0,2.0,134.0,3.0,0,6
4175,2,Chamberí,5283,380000,Piso,2.0,1.0,62.0,,0,6
4176,2,Chamberí,5283,175000,Piso,2.0,1.0,62.0,,1,6
4177,2,Chamberí,5283,119800,Apartamento,1.0,1.0,58.0,,0,6
4178,2,Chamberí,5283,1399000,Piso,5.0,4.0,320.0,9.0,0,6
4179,2,Chamberí,5283,125000,Piso,3.0,1.0,70.0,,0,6
4180,2,Chamberí,5283,375000,Piso,1.0,1.0,70.0,,0,6
4181,2,Chamberí,5283,215000,Piso,2.0,1.0,51.0,3.0,0,6
4182,2,Chamberí,5283,2580000,Ático,4.0,4.0,335.0,,1,6
4183,2,Chamberí,5283,133000,Piso,1.0,1.0,44.0,1.0,0,6
4184,2,Chamberí,5283,775000,Piso,4.0,4.0,171.0,4.0,1,6
4185,2,Chamberí,5283,355000,Piso,3.0,3.0,103.0,,1,6
4186,2,Chamberí,5283,177000,Piso,,1.0,39.0,5.0,0,6
4187,2,Chamberí,5283,235000,Piso,1.0,1.0,40.0,5.0,0,6
4188,2,Chamberí,5283,289000,Piso,3.0,1.0,108.0,3.0,0,6
4189,2,Chamberí,5283,137000,Piso,2.0,1.0,65.0,,0,6
4190,2,Chamberí,5283,240000,Piso,1.0,1.0,40.0,,0,6
4191,2,Chamberí,5283,395000,Loft,4.0,2.0,130.0,,0,6
4192,2,Chamberí,5283,190000,Dúplex,3.0,1.0,78.0,5.0,0,6
4193,12,Ciudad Lineal,2912,157500,Piso,3.0,1.0,55.0,1.0,0,12
4194,12,Ciudad Lineal,2912,150000,Piso,1.0,1.0,78.0,,0,12
4195,12,Ciudad Lineal,2912,840000,Piso,4.0,2.0,206.0,3.0,0,12
4196,12,Ciudad Lineal,2912,890000,Piso,4.0,3.0,185.0,2.0,0,12
4197,12,Ciudad Lineal,2912,229500,Piso,3.0,2.0,85.0,,1,12
4198,12,Ciudad Lineal,2912,189000,Piso,1.0,1.0,35.0,,0,12
4199,12,Ciudad Lineal,2912,60000,Piso,3.0,1.0,62.0,5.0,0,12
4200,12,Ciudad Lineal,2912,749000,Dúplex,5.0,3.0,156.0,3.0,1,12
4201,12,Ciudad Lineal,2912,299000,Piso,2.0,1.0,90.0,,0,12
4202,12,Ciudad Lineal,2912,329000,Piso,3.0,2.0,80.0,,0,12
4203,12,Ciudad Lineal,2912,550000,Casa o chalet,7.0,2.0,276.0,,1,12
4204,12,Ciudad Lineal,2912,150000,Piso,1.0,1.0,78.0,,0,12
4205,12,Ciudad Lineal,2912,134500,Piso,3.0,1.0,61.0,2.0,0,12
4206,12,Ciudad Lineal,2912,79500,Piso,2.0,1.0,48.0,,0,12
4207,12,Ciudad Lineal,2912,154900,Piso,3.0,1.0,80.0,,0,12
4208,12,Ciudad Lineal,2912,260000,Piso,1.0,1.0,42.0,,0,12
4209,12,Ciudad Lineal,2912,235000,Piso,3.0,1.0,90.0,1.0,0,12
4210,12,Ciudad Lineal,2912,338000,Piso,2.0,1.0,94.0,3.0,0,12
4211,12,Ciudad Lineal,2912,700000,Piso,4.0,2.0,147.0,5.0,0,12
4212,12,Ciudad Lineal,2912,165000,Piso,3.0,1.0,85.0,4.0,1,12
4213,12,Ciudad Lineal,2912,2600000,Piso,3.0,2.0,244.0,1.0,0,12
4214,12,Ciudad Lineal,2912,123500,Piso,3.0,1.0,85.0,,0,12
4215,12,Ciudad Lineal,2912,169000,Piso,2.0,1.0,74.0,2.0,0,12
4216,12,Ciudad Lineal,2912,555000,Piso,1.0,2.0,70.0,4.0,0,12
4217,12,Ciudad Lineal,2912,365000,Piso,4.0,2.0,110.0,,0,12
4218,12,Ciudad Lineal,2912,485000,Piso,2.0,2.0,84.0,3.0,0,12
4219,12,Ciudad Lineal,2912,180000,Piso,3.0,1.0,76.0,5.0,0,12
4220,12,Ciudad Lineal,2912,187260,Piso,3.0,1.0,90.0,7.0,0,12
4221,12,Ciudad Lineal,2912,342000,Planta baja,3.0,1.0,81.0,,1,12
4222,12,Ciudad Lineal,2912,139000,Piso,2.0,1.0,60.0,1.0,0,12
4223,12,Ciudad Lineal,2912,940000,Piso,3.0,2.0,166.0,3.0,0,12
4224,12,Ciudad Lineal,2912,241000,Piso,3.0,2.0,91.0,2.0,0,12
4225,12,Ciudad Lineal,2912,560000,Piso,3.0,2.0,139.0,3.0,1,12
4226,12,Ciudad Lineal,2912,165000,Piso,2.0,1.0,55.0,2.0,0,12
4227,12,Ciudad Lineal,2912,1975000,Casa o chalet,4.0,3.0,540.0,,1,12
4228,12,Ciudad Lineal,2912,199000,Piso,2.0,1.0,62.0,,0,12
4229,12,Ciudad Lineal,2912,640000,Piso,4.0,2.0,149.0,8.0,0,12
4230,12,Ciudad Lineal,2912,320000,Piso,2.0,2.0,71.0,,0,12
4231,12,Ciudad Lineal,2912,815000,Piso,4.0,2.0,233.0,,1,12
4232,12,Ciudad Lineal,2912,330000,Piso,2.0,2.0,97.0,,0,12
4233,12,Ciudad Lineal,2912,250000,Piso,3.0,1.0,75.0,1.0,0,12
4234,12,Ciudad Lineal,2912,365000,Ático,2.0,2.0,90.0,,1,12
4235,12,Ciudad Lineal,2912,79500,Piso,2.0,1.0,48.0,,0,12
4236,12,Ciudad Lineal,2912,79500,Piso,2.0,1.0,48.0,,0,12
4237,12,Ciudad Lineal,2912,290000,Piso,2.0,1.0,177.0,1.0,0,12
4238,12,Ciudad Lineal,2912,159000,Piso,2.0,1.0,58.0,1.0,0,12
4239,12,Ciudad Lineal,2912,119900,Piso,1.0,1.0,51.0,,0,12
4240,12,Ciudad Lineal,2912,410300,Piso,3.0,2.0,110.0,1.0,0,12
4241,12,Ciudad Lineal,2912,139000,Piso,3.0,1.0,56.0,2.0,0,12
4242,12,Ciudad Lineal,2912,365000,Piso,2.0,1.0,97.0,4.0,0,12
4243,12,Ciudad Lineal,2912,890000,Piso,4.0,3.0,185.0,2.0,0,12
4244,12,Ciudad Lineal,2912,175000,Piso,2.0,1.0,65.0,,0,12
4245,12,Ciudad Lineal,2912,173000,Piso,2.0,2.0,78.0,1.0,0,12
4246,12,Ciudad Lineal,2912,255900,Piso,3.0,2.0,82.0,,0,12
4247,12,Ciudad Lineal,2912,143170,Piso,3.0,2.0,83.0,,0,12
4248,12,Ciudad Lineal,2912,150000,Piso,1.0,1.0,78.0,,0,12
4249,12,Ciudad Lineal,2912,149900,Piso,1.0,1.0,31.0,2.0,0,12
4250,12,Ciudad Lineal,2912,2044100,Casa o chalet,5.0,8.0,855.0,,1,12
4251,12,Ciudad Lineal,2912,275000,Piso,3.0,1.0,78.0,3.0,0,12
4252,12,Ciudad Lineal,2912,338000,Piso,2.0,1.0,94.0,3.0,0,12
4253,12,Ciudad Lineal,2912,160000,Loft,2.0,1.0,49.0,,0,12
4254,12,Ciudad Lineal,2912,295000,Piso,2.0,2.0,104.0,1.0,1,12
4255,12,Ciudad Lineal,2912,890000,Piso,4.0,3.0,185.0,2.0,0,12
4256,12,Ciudad Lineal,2912,310000,Piso,2.0,2.0,88.0,6.0,1,12
4257,12,Ciudad Lineal,2912,1250000,Piso,3.0,2.0,161.0,1.0,0,12
4258,12,Ciudad Lineal,2912,227000,Piso,3.0,1.0,75.0,1.0,0,12
4259,12,Ciudad Lineal,2912,150000,Piso,3.0,1.0,81.0,3.0,0,12
4260,12,Ciudad Lineal,2912,150000,Piso,1.0,1.0,78.0,,0,12
4261,12,Ciudad Lineal,2912,300000,Piso,3.0,2.0,104.0,,1,12
4262,12,Ciudad Lineal,2912,127000,Piso,3.0,1.0,66.0,,0,12
4263,12,Ciudad Lineal,2912,785000,Piso,3.0,2.0,135.0,1.0,0,12
4264,12,Ciudad Lineal,2912,175000,Piso,3.0,1.0,69.0,2.0,0,12
4265,12,Ciudad Lineal,2912,1500000,Piso,2.0,3.0,157.0,,1,12
4266,12,Ciudad Lineal,2912,338000,Piso,2.0,1.0,94.0,3.0,0,12
4267,12,Ciudad Lineal,2912,1175000,Piso,3.0,3.0,170.0,,0,12
4268,12,Ciudad Lineal,2912,1650000,Casa adosada,3.0,4.0,509.0,,1,12
4269,12,Ciudad Lineal,2912,580000,Piso,3.0,2.0,169.0,,1,12
4270,12,Ciudad Lineal,2912,125000,Piso,3.0,2.0,73.0,,0,12
4271,12,Ciudad Lineal,2912,890000,Piso,4.0,3.0,185.0,2.0,0,12
4272,12,Ciudad Lineal,2912,134500,Piso,3.0,1.0,61.0,2.0,0,12
4273,12,Ciudad Lineal,2912,258500,Piso,3.0,1.0,93.0,1.0,0,12
4274,12,Ciudad Lineal,2912,838380,Piso,3.0,3.0,162.0,6.0,0,12
4275,12,Ciudad Lineal,2912,179000,Piso,3.0,1.0,64.0,,0,12
4276,12,Ciudad Lineal,2912,175000,Piso,3.0,1.0,74.0,3.0,0,12
4277,12,Ciudad Lineal,2912,1370000,Ático,3.0,2.0,288.0,10.0,0,12
4278,12,Ciudad Lineal,2912,338000,Piso,2.0,1.0,94.0,3.0,0,12
4279,12,Ciudad Lineal,2912,300000,Piso,1.0,2.0,95.0,,0,12
4280,12,Ciudad Lineal,2912,325000,Piso,2.0,2.0,79.0,13.0,0,12
4281,12,Ciudad Lineal,2912,134500,Piso,3.0,1.0,61.0,2.0,0,12
4282,12,Ciudad Lineal,2912,329000,Piso,1.0,1.0,85.0,3.0,0,12
4283,12,Ciudad Lineal,2912,890000,Piso,4.0,3.0,185.0,2.0,0,12
4284,12,Ciudad Lineal,2912,119000,Piso,,,92.0,,0,12
4285,12,Ciudad Lineal,2912,79500,Piso,2.0,1.0,48.0,,0,12
4286,12,Ciudad Lineal,2912,435000,Piso,3.0,1.0,115.0,7.0,1,12
4287,12,Ciudad Lineal,2912,475000,Piso,2.0,2.0,193.0,,0,12
4288,12,Ciudad Lineal,2912,338000,Piso,2.0,1.0,94.0,3.0,0,12
4289,12,Ciudad Lineal,2912,300000,Piso,3.0,2.0,98.0,4.0,0,12
4290,12,Ciudad Lineal,2912,275000,Piso,2.0,2.0,92.0,2.0,0,12
4291,12,Ciudad Lineal,2912,910000,Piso,3.0,3.0,131.0,1.0,1,12
4292,12,Ciudad Lineal,2912,230000,Piso,3.0,1.0,80.0,1.0,0,12
4293,12,Ciudad Lineal,2912,320000,Piso,3.0,1.0,85.0,4.0,0,12
4294,12,Ciudad Lineal,2912,338000,Piso,2.0,1.0,94.0,3.0,0,12
4295,12,Ciudad Lineal,2912,710000,Piso,4.0,3.0,174.0,8.0,1,12
4296,12,Ciudad Lineal,2912,1180000,Piso,5.0,4.0,343.0,1.0,1,12
4297,12,Ciudad Lineal,2912,650000,Piso,3.0,3.0,159.0,3.0,1,12
4298,12,Ciudad Lineal,2912,890000,Piso,5.0,3.0,256.0,,1,12
4299,12,Ciudad Lineal,2912,62500,Piso,2.0,2.0,87.0,,1,12
4300,12,Ciudad Lineal,2912,310000,Piso,3.0,1.0,77.0,,0,12
4301,12,Ciudad Lineal,2912,570000,Piso,2.0,2.0,101.0,,0,12
4302,12,Ciudad Lineal,2912,529000,Piso,2.0,2.0,114.0,,1,12
4303,12,Ciudad Lineal,2912,530000,Dúplex,2.0,2.0,105.0,3.0,1,12
4304,12,Ciudad Lineal,2912,137260,Piso,3.0,1.0,73.0,,0,12
4305,12,Ciudad Lineal,2912,148000,Piso,4.0,2.0,100.0,5.0,0,12
4306,12,Ciudad Lineal,2912,196000,Piso,1.0,1.0,47.0,2.0,0,12
4307,12,Ciudad Lineal,2912,2200000,Piso,4.0,4.0,301.0,,0,12
4308,12,Ciudad Lineal,2912,251500,Piso,2.0,3.0,72.0,,0,12
4309,12,Ciudad Lineal,2912,310000,Piso,1.0,1.0,51.0,2.0,0,12
4310,12,Ciudad Lineal,2912,980000,Ático,4.0,3.0,200.0,9.0,0,12
4311,12,Ciudad Lineal,2912,199000,Piso,3.0,1.0,86.0,,0,12
4312,12,Ciudad Lineal,2912,80000,Piso,2.0,1.0,30.0,,0,12
4313,12,Ciudad Lineal,2912,229000,Piso,3.0,1.0,75.0,1.0,0,12
4314,12,Ciudad Lineal,2912,350000,Piso,,2.0,93.0,,0,12
4315,12,Ciudad Lineal,2912,138000,Piso,2.0,1.0,71.0,3.0,0,12
4316,12,Ciudad Lineal,2912,890000,Piso,4.0,3.0,185.0,2.0,0,12
4317,12,Ciudad Lineal,2912,115000,Piso,3.0,1.0,56.0,2.0,0,12
4318,12,Ciudad Lineal,2912,199000,Piso,1.0,1.0,46.0,,1,12
4319,12,Ciudad Lineal,2912,149000,Piso,2.0,1.0,58.0,,0,12
4320,12,Ciudad Lineal,2912,120000,Piso,2.0,1.0,48.0,,0,12
4321,12,Ciudad Lineal,2912,225000,Piso,3.0,1.0,105.0,,1,12
4322,12,Ciudad Lineal,2912,79500,Piso,2.0,1.0,48.0,,0,12
4323,12,Ciudad Lineal,2912,34000,Piso,3.0,1.0,111.0,9.0,0,12
4324,12,Ciudad Lineal,2912,184790,Piso,2.0,2.0,112.0,,1,12
4325,12,Ciudad Lineal,2912,478000,Piso,4.0,2.0,122.0,,1,12
4326,12,Ciudad Lineal,2912,845000,Casa adosada,4.0,3.0,249.0,,1,12
4327,12,Ciudad Lineal,2912,1575000,Casa adosada,6.0,5.0,450.0,,1,12
4328,12,Ciudad Lineal,2912,405000,Piso,2.0,2.0,90.0,5.0,0,12
4329,12,Ciudad Lineal,2912,160000,Planta baja,1.0,1.0,36.0,,0,12
4330,12,Ciudad Lineal,2912,196000,Piso,1.0,1.0,47.0,2.0,0,12
4331,12,Ciudad Lineal,2912,129000,Piso,1.0,1.0,64.0,,0,12
4332,12,Ciudad Lineal,2912,1450000,Casa adosada,5.0,6.0,384.0,,1,12
4333,12,Ciudad Lineal,2912,79500,Piso,2.0,1.0,48.0,,0,12
4334,12,Ciudad Lineal,2912,380000,Apartamento,2.0,3.0,102.0,,0,12
4335,12,Ciudad Lineal,2912,575000,Dúplex,2.0,2.0,105.0,2.0,0,12
4336,12,Ciudad Lineal,2912,160000,Planta baja,2.0,1.0,49.0,,0,12
4337,12,Ciudad Lineal,2912,198000,Piso,1.0,1.0,65.0,,0,12
4338,12,Ciudad Lineal,2912,226000,Piso,2.0,1.0,80.0,,0,12
4339,12,Ciudad Lineal,2912,150000,Piso,2.0,1.0,61.0,2.0,0,12
4340,12,Ciudad Lineal,2912,135000,Piso,3.0,1.0,68.0,,0,12
4341,12,Ciudad Lineal,2912,180000,Piso,3.0,1.0,83.0,1.0,0,12
4342,12,Ciudad Lineal,2912,147000,Piso,2.0,1.0,57.0,2.0,0,12
4343,12,Ciudad Lineal,2912,129000,Piso,2.0,1.0,58.0,5.0,0,12
4344,12,Ciudad Lineal,2912,1050000,Piso,5.0,4.0,291.0,1.0,1,12
4345,12,Ciudad Lineal,2912,104000,Piso,3.0,1.0,59.0,10.0,0,12
4346,12,Ciudad Lineal,2912,345000,Piso,4.0,1.0,102.0,,0,12
4347,12,Ciudad Lineal,2912,890000,Piso,4.0,3.0,185.0,2.0,0,12
4348,12,Ciudad Lineal,2912,350000,Piso,2.0,2.0,91.0,,0,12
4349,12,Ciudad Lineal,2912,490000,Piso,3.0,2.0,120.0,3.0,1,12
4350,12,Ciudad Lineal,2912,185000,Piso,3.0,1.0,69.0,5.0,0,12
4351,12,Ciudad Lineal,2912,79500,Piso,2.0,1.0,48.0,,0,12
4352,12,Ciudad Lineal,2912,162000,Piso,2.0,1.0,57.0,,0,12
4353,12,Ciudad Lineal,2912,150000,Piso,1.0,1.0,78.0,,0,12
4354,12,Ciudad Lineal,2912,177200,Piso,,1.0,52.0,11.0,0,12
4355,12,Ciudad Lineal,2912,2950000,Casa adosada,5.0,7.0,740.0,,1,12
4356,12,Ciudad Lineal,2912,178000,Dúplex,3.0,1.0,78.0,1.0,0,12
4357,12,Ciudad Lineal,2912,895400,Casa o chalet,6.0,3.0,204.0,,1,12
4358,12,Ciudad Lineal,2912,392400,Piso,1.0,1.0,63.0,6.0,0,12
4359,12,Ciudad Lineal,2912,79500,Piso,2.0,1.0,48.0,,0,12
4360,12,Ciudad Lineal,2912,316000,Piso,3.0,1.0,93.0,,1,12
4361,12,Ciudad Lineal,2912,137000,Piso,3.0,1.0,65.0,,0,12
4362,12,Ciudad Lineal,2912,79500,Piso,2.0,1.0,48.0,,0,12
4363,12,Ciudad Lineal,2912,525000,Piso,2.0,2.0,99.0,4.0,0,12
4364,12,Ciudad Lineal,2912,184000,Piso,3.0,1.0,74.0,,0,12
4365,12,Ciudad Lineal,2912,370000,Ático,1.0,1.0,73.0,4.0,0,12
4366,12,Ciudad Lineal,2912,1050000,Piso,5.0,4.0,291.0,1.0,1,12
4367,12,Ciudad Lineal,2912,105000,Piso,1.0,1.0,46.0,2.0,1,12
4368,12,Ciudad Lineal,2912,250000,Piso,3.0,1.0,75.0,4.0,0,12
4369,12,Ciudad Lineal,2912,435000,Piso,2.0,2.0,104.0,,1,12
4370,12,Ciudad Lineal,2912,338000,Piso,2.0,1.0,94.0,3.0,0,12
4371,12,Ciudad Lineal,2912,262000,Piso,3.0,2.0,117.0,2.0,0,12
4372,12,Ciudad Lineal,2912,1050000,Piso,5.0,4.0,291.0,1.0,1,12
4373,12,Ciudad Lineal,2912,420000,Piso,3.0,2.0,105.0,5.0,1,12
4374,12,Ciudad Lineal,2912,760000,Piso,2.0,1.0,90.0,,0,12
4375,12,Ciudad Lineal,2912,133000,Piso,2.0,1.0,75.0,2.0,0,12
4376,12,Ciudad Lineal,2912,245000,Dúplex,3.0,3.0,125.0,7.0,0,12
4377,12,Ciudad Lineal,2912,890000,Piso,4.0,3.0,185.0,2.0,0,12
4378,12,Ciudad Lineal,2912,430000,Piso,4.0,2.0,119.0,12.0,1,12
4379,12,Ciudad Lineal,2912,190000,Piso,2.0,2.0,65.0,3.0,0,12
4380,12,Ciudad Lineal,2912,146500,Piso,3.0,1.0,73.0,,0,12
4381,12,Ciudad Lineal,2912,890000,Piso,4.0,3.0,185.0,2.0,0,12
4382,12,Ciudad Lineal,2912,143000,Piso,2.0,1.0,77.0,3.0,0,12
4383,12,Ciudad Lineal,2912,570000,Piso,3.0,2.0,153.0,5.0,1,12
4384,12,Ciudad Lineal,2912,185000,Piso,2.0,1.0,60.0,,0,12
4385,12,Ciudad Lineal,2912,134500,Piso,3.0,1.0,61.0,2.0,0,12
4386,12,Ciudad Lineal,2912,259000,Piso,3.0,2.0,95.0,3.0,0,12
4387,12,Ciudad Lineal,2912,160000,Piso,3.0,1.0,65.0,3.0,0,12
4388,12,Ciudad Lineal,2912,1200000,Dúplex,6.0,4.0,290.0,4.0,0,12
4389,12,Ciudad Lineal,2912,79500,Piso,2.0,1.0,48.0,,0,12
4390,12,Ciudad Lineal,2912,125000,Piso,2.0,1.0,59.0,2.0,0,12
4391,12,Ciudad Lineal,2912,134500,Piso,3.0,1.0,61.0,2.0,0,12
4392,12,Ciudad Lineal,2912,79500,Piso,2.0,1.0,48.0,,0,12
4393,12,Ciudad Lineal,2912,485000,Dúplex,4.0,3.0,206.0,,1,12
4394,12,Ciudad Lineal,2912,280000,Apartamento,1.0,1.0,55.0,3.0,0,12
4395,12,Ciudad Lineal,2912,845000,Casa adosada,4.0,3.0,250.0,,0,12
4396,12,Ciudad Lineal,2912,137000,Piso,3.0,1.0,65.0,,0,12
4397,12,Ciudad Lineal,2912,890000,Piso,4.0,3.0,185.0,2.0,0,12
4398,12,Ciudad Lineal,2912,269900,Piso,3.0,1.0,80.0,2.0,0,12
4399,12,Ciudad Lineal,2912,370000,Piso,3.0,2.0,107.0,1.0,1,12
4400,12,Ciudad Lineal,2912,258300,Piso,1.0,1.0,58.0,2.0,0,12
4401,12,Ciudad Lineal,2912,1050000,Piso,5.0,4.0,291.0,1.0,1,12
4402,12,Ciudad Lineal,2912,203000,Piso,2.0,1.0,90.0,2.0,0,12
4403,12,Ciudad Lineal,2912,2300000,Piso,3.0,3.0,191.0,5.0,0,12
4404,12,Ciudad Lineal,2912,338000,Piso,2.0,1.0,94.0,3.0,0,12
4405,12,Ciudad Lineal,2912,380000,Piso,2.0,2.0,70.0,4.0,0,12
4406,12,Ciudad Lineal,2912,390000,Piso,3.0,2.0,102.0,2.0,1,12
4407,12,Ciudad Lineal,2912,1150000,Piso,5.0,4.0,232.0,1.0,1,12
4408,12,Ciudad Lineal,2912,495000,Piso,4.0,2.0,150.0,,0,12
4409,12,Ciudad Lineal,2912,2500000,Piso,4.0,3.0,296.0,6.0,1,12
4410,12,Ciudad Lineal,2912,65000,Estudio,1.0,1.0,33.0,,0,12
4411,12,Ciudad Lineal,2912,99000,Piso,3.0,1.0,60.0,4.0,0,12
4412,12,Ciudad Lineal,2912,138000,Piso,2.0,1.0,77.0,2.0,0,12
4413,12,Ciudad Lineal,2912,870000,Piso,5.0,2.0,202.0,,0,12
4414,12,Ciudad Lineal,2912,187500,Dúplex,3.0,2.0,109.0,,0,12
4415,12,Ciudad Lineal,2912,160000,Planta baja,2.0,1.0,49.0,,0,12
4416,12,Ciudad Lineal,2912,239000,Piso,1.0,1.0,55.0,,0,12
4417,12,Ciudad Lineal,2912,175000,Piso,2.0,1.0,70.0,,0,12
4418,12,Ciudad Lineal,2912,162000,Piso,1.0,1.0,47.0,3.0,0,12
4419,12,Ciudad Lineal,2912,170000,Piso,3.0,1.0,72.0,4.0,0,12
4420,12,Ciudad Lineal,2912,3300000,Piso,5.0,2.0,300.0,3.0,0,12
4421,12,Ciudad Lineal,2912,79500,Piso,2.0,1.0,48.0,,0,12
4422,12,Ciudad Lineal,2912,137000,Piso,3.0,1.0,65.0,,0,12
4423,12,Ciudad Lineal,2912,1590000,Piso,2.0,2.0,146.0,,0,12
4424,12,Ciudad Lineal,2912,130000,Piso,3.0,1.0,69.0,,0,12
4425,12,Ciudad Lineal,2912,137000,Piso,3.0,1.0,65.0,,0,12
4426,12,Ciudad Lineal,2912,890000,Piso,4.0,3.0,185.0,2.0,0,12
4427,12,Ciudad Lineal,2912,338000,Piso,2.0,1.0,94.0,3.0,0,12
4428,12,Ciudad Lineal,2912,139000,Piso,3.0,1.0,70.0,,0,12
4429,12,Ciudad Lineal,2912,125000,Piso,2.0,1.0,59.0,4.0,0,12
4430,12,Ciudad Lineal,2912,1050000,Piso,5.0,4.0,291.0,1.0,1,12
4431,12,Ciudad Lineal,2912,2200000,Piso,3.0,2.0,181.0,1.0,0,12
4432,12,Ciudad Lineal,2912,498000,Piso,3.0,2.0,130.0,2.0,1,12
4433,12,Ciudad Lineal,2912,338000,Piso,2.0,1.0,94.0,3.0,0,12
4434,12,Ciudad Lineal,2912,235000,Piso,3.0,1.0,122.0,3.0,0,12
4435,12,Ciudad Lineal,2912,338000,Piso,2.0,1.0,94.0,3.0,0,12
4436,12,Ciudad Lineal,2912,220000,Piso,4.0,2.0,119.0,1.0,1,12
4437,12,Ciudad Lineal,2912,116000,Piso,1.0,1.0,34.0,,0,12
4438,12,Ciudad Lineal,2912,555000,Piso,3.0,2.0,147.0,1.0,1,12
4439,12,Ciudad Lineal,2912,437850,Piso,2.0,2.0,110.0,4.0,0,12
4440,12,Ciudad Lineal,2912,465000,Piso,3.0,2.0,135.0,2.0,0,12
4441,12,Ciudad Lineal,2912,966000,Ático,3.0,3.0,219.0,4.0,1,12
4442,12,Ciudad Lineal,2912,338000,Piso,2.0,1.0,94.0,3.0,0,12
4443,12,Ciudad Lineal,2912,350000,Piso,3.0,2.0,100.0,2.0,1,12
4444,12,Ciudad Lineal,2912,253000,Piso,2.0,2.0,80.0,1.0,1,12
4445,12,Ciudad Lineal,2912,890000,Casa adosada,3.0,2.0,208.0,,1,12
4446,12,Ciudad Lineal,2912,449000,Piso,2.0,2.0,90.0,2.0,1,12
4447,12,Ciudad Lineal,2912,79500,Piso,2.0,1.0,48.0,,0,12
4448,12,Ciudad Lineal,2912,1275000,Dúplex,1.0,2.0,197.0,,1,12
4449,12,Ciudad Lineal,2912,89500,Piso,2.0,1.0,61.0,,0,12
4450,12,Ciudad Lineal,2912,340000,Piso,1.0,1.0,69.0,1.0,1,12
4451,12,Ciudad Lineal,2912,79500,Piso,2.0,1.0,48.0,,0,12
4452,12,Ciudad Lineal,2912,595000,Piso,3.0,2.0,112.0,8.0,1,12
4453,12,Ciudad Lineal,2912,225570,Piso,1.0,1.0,47.0,2.0,0,12
4454,12,Ciudad Lineal,2912,137000,Piso,3.0,1.0,65.0,,0,12
4455,12,Ciudad Lineal,2912,132000,Piso,3.0,1.0,83.0,,1,12
4456,12,Ciudad Lineal,2912,338000,Piso,2.0,1.0,94.0,3.0,0,12
4457,12,Ciudad Lineal,2912,429000,Piso,2.0,2.0,87.0,,0,12
4458,12,Ciudad Lineal,2912,158000,Piso,2.0,1.0,51.0,1.0,0,12
4459,12,Ciudad Lineal,2912,1050000,Piso,5.0,4.0,291.0,1.0,1,12
4460,12,Ciudad Lineal,2912,338000,Piso,2.0,1.0,94.0,3.0,0,12
4461,12,Ciudad Lineal,2912,360000,Piso,3.0,2.0,90.0,,1,12
4462,12,Ciudad Lineal,2912,340000,Dúplex,3.0,2.0,75.0,2.0,0,12
4463,12,Ciudad Lineal,2912,458000,Piso,1.0,1.0,94.0,2.0,0,12
4464,12,Ciudad Lineal,2912,529000,Piso,4.0,2.0,104.0,1.0,0,12
4465,12,Ciudad Lineal,2912,890000,Piso,4.0,3.0,185.0,2.0,0,12
4466,12,Ciudad Lineal,2912,325000,Piso,2.0,2.0,60.0,7.0,1,12
4467,12,Ciudad Lineal,2912,79500,Piso,2.0,1.0,48.0,,0,12
4468,12,Ciudad Lineal,2912,280000,Ático,1.0,1.0,112.0,2.0,1,12
4469,12,Ciudad Lineal,2912,130000,Piso,1.0,1.0,40.0,,0,12
4470,12,Ciudad Lineal,2912,79500,Piso,2.0,1.0,48.0,,0,12
4471,12,Ciudad Lineal,2912,235000,Ático,,1.0,50.0,3.0,1,12
4472,12,Ciudad Lineal,2912,270000,Piso,3.0,2.0,133.0,,0,12
4473,12,Ciudad Lineal,2912,320000,Ático,3.0,1.0,92.0,7.0,0,12
4474,12,Ciudad Lineal,2912,225000,Piso,3.0,1.0,68.0,3.0,0,12
4475,12,Ciudad Lineal,2912,340000,Piso,2.0,1.0,65.0,2.0,0,12
4476,12,Ciudad Lineal,2912,90000,Piso,2.0,1.0,59.0,,0,12
4477,12,Ciudad Lineal,2912,87500,Piso,3.0,1.0,61.0,,0,12
4478,12,Ciudad Lineal,2912,580000,Piso,3.0,2.0,129.0,,0,12
4479,12,Ciudad Lineal,2912,2530200,Finca rústica,6.0,6.0,2838.0,,1,12
4480,12,Ciudad Lineal,2912,134500,Piso,3.0,1.0,61.0,2.0,0,12
4481,12,Ciudad Lineal,2912,338000,Piso,2.0,1.0,94.0,3.0,0,12
4482,12,Ciudad Lineal,2912,193500,Piso,2.0,1.0,84.0,,0,12
4483,12,Ciudad Lineal,2912,149000,Piso,2.0,1.0,67.0,,0,12
4484,12,Ciudad Lineal,2912,134500,Piso,3.0,1.0,61.0,2.0,0,12
4485,12,Ciudad Lineal,2912,340000,Piso,1.0,1.0,63.0,,0,12
4486,12,Ciudad Lineal,2912,338000,Piso,2.0,1.0,94.0,3.0,0,12
4487,12,Ciudad Lineal,2912,134500,Piso,3.0,1.0,61.0,2.0,0,12
4488,12,Ciudad Lineal,2912,338000,Piso,2.0,1.0,94.0,3.0,0,12
4489,12,Ciudad Lineal,2912,129000,Piso,1.0,1.0,39.0,,0,12
4490,12,Ciudad Lineal,2912,525000,Piso,3.0,2.0,153.0,1.0,0,12
4491,12,Ciudad Lineal,2912,325255,Piso,1.0,1.0,67.0,1.0,1,12
4492,12,Ciudad Lineal,2912,845000,Piso,3.0,2.0,154.0,4.0,1,12
4493,12,Ciudad Lineal,2912,109190,Piso,3.0,1.0,51.0,3.0,0,12
4494,12,Ciudad Lineal,2912,748000,Piso,3.0,3.0,144.0,1.0,1,12
4495,12,Ciudad Lineal,2912,122000,Piso,3.0,1.0,57.0,,0,12
4496,12,Ciudad Lineal,2912,410300,Piso,3.0,2.0,110.0,,0,12
4497,12,Ciudad Lineal,2912,91000,Piso,2.0,1.0,61.0,,0,12
4498,12,Ciudad Lineal,2912,79500,Piso,2.0,1.0,48.0,,0,12
4499,12,Ciudad Lineal,2912,79500,Piso,2.0,1.0,48.0,,0,12
4500,12,Ciudad Lineal,2912,285000,Piso,1.0,1.0,40.0,3.0,0,12
4501,12,Ciudad Lineal,2912,130000,Piso,3.0,1.0,54.0,3.0,0,12
4502,12,Ciudad Lineal,2912,1490000,Piso,4.0,3.0,218.0,6.0,0,12
4503,12,Ciudad Lineal,2912,815000,Piso,4.0,2.0,233.0,2.0,1,12
4504,12,Ciudad Lineal,2912,175000,Piso,3.0,1.0,75.0,,1,12
4505,12,Ciudad Lineal,2912,1220700,Piso,6.0,2.0,204.0,1.0,0,12
4506,12,Ciudad Lineal,2912,265000,Piso,,1.0,32.0,4.0,0,12
4507,12,Ciudad Lineal,2912,465000,Piso,3.0,2.0,120.0,3.0,1,12
4508,12,Ciudad Lineal,2912,845000,Ático,3.0,4.0,152.0,3.0,0,12
4509,12,Ciudad Lineal,2912,116000,Piso,2.0,1.0,61.0,2.0,0,12
4510,12,Ciudad Lineal,2912,72000,Piso,2.0,1.0,41.0,2.0,0,12
4511,12,Ciudad Lineal,2912,629000,Dúplex,1.0,1.0,79.0,6.0,0,12
4512,12,Ciudad Lineal,2912,359000,Piso,2.0,2.0,84.0,2.0,1,12
4513,12,Ciudad Lineal,2912,146000,Piso,2.0,1.0,45.0,2.0,0,12
4514,12,Ciudad Lineal,2912,137000,Piso,3.0,1.0,65.0,,0,12
4515,12,Ciudad Lineal,2912,338000,Piso,2.0,1.0,94.0,3.0,0,12
4516,12,Ciudad Lineal,2912,890000,Piso,4.0,3.0,185.0,2.0,0,12
4517,12,Ciudad Lineal,2912,230000,Piso,2.0,2.0,98.0,,0,12
4518,12,Ciudad Lineal,2912,195000,Piso,2.0,1.0,50.0,4.0,0,12
4519,12,Ciudad Lineal,2912,165000,Piso,2.0,1.0,78.0,2.0,0,12
4520,12,Ciudad Lineal,2912,177200,Piso,3.0,1.0,52.0,2.0,0,12
4521,12,Ciudad Lineal,2912,590000,Piso,5.0,3.0,178.0,1.0,0,12
4522,12,Ciudad Lineal,2912,99000,Apartamento,1.0,1.0,55.0,2.0,0,12
4523,12,Ciudad Lineal,2912,145000,Piso,2.0,1.0,59.0,1.0,0,12
4524,12,Ciudad Lineal,2912,175000,Piso,3.0,1.0,87.0,1.0,0,12
4525,12,Ciudad Lineal,2912,340000,Piso,3.0,1.0,90.0,6.0,0,12
4526,12,Ciudad Lineal,2912,230000,Piso,2.0,1.0,74.0,,0,12
4527,12,Ciudad Lineal,2912,145000,Piso,3.0,1.0,56.0,,0,12
4528,12,Ciudad Lineal,2912,258000,Piso,2.0,1.0,67.0,1.0,0,12
4529,12,Ciudad Lineal,2912,105000,Piso,3.0,1.0,70.0,,0,12
4530,12,Ciudad Lineal,2912,1370000,Piso,5.0,4.0,230.0,5.0,0,12
4531,12,Ciudad Lineal,2912,127000,Piso,3.0,1.0,66.0,4.0,0,12
4532,12,Ciudad Lineal,2912,3980000,Casa adosada,7.0,9.0,906.0,,1,12
4533,12,Ciudad Lineal,2912,390000,Piso,3.0,2.0,82.0,,0,12
4534,12,Ciudad Lineal,2912,196500,Piso,2.0,1.0,73.0,,0,12
4535,12,Ciudad Lineal,2912,320000,Piso,1.0,1.0,63.0,3.0,0,12
4536,12,Ciudad Lineal,2912,150000,Piso,1.0,1.0,78.0,,0,12
4537,12,Ciudad Lineal,2912,179500,Piso,3.0,2.0,110.0,2.0,0,12
4538,12,Ciudad Lineal,2912,79500,Piso,2.0,1.0,48.0,,0,12
4539,12,Ciudad Lineal,2912,298700,Piso,2.0,2.0,109.0,4.0,1,12
4540,12,Ciudad Lineal,2912,820000,Ático,3.0,3.0,176.0,15.0,1,12
4541,12,Ciudad Lineal,2912,1215000,Casa o chalet,4.0,3.0,318.0,,1,12
4542,12,Ciudad Lineal,2912,259000,Apartamento,1.0,1.0,64.0,,1,12
4543,12,Ciudad Lineal,2912,102000,Piso,1.0,1.0,42.0,,0,12
4544,12,Ciudad Lineal,2912,251500,Piso,2.0,3.0,72.0,,0,12
4545,12,Ciudad Lineal,2912,90200,Piso,2.0,1.0,50.0,2.0,0,12
4546,12,Ciudad Lineal,2912,360000,Piso,2.0,2.0,84.0,1.0,1,12
4547,12,Ciudad Lineal,2912,249000,Piso,3.0,2.0,71.0,3.0,0,12
4548,12,Ciudad Lineal,2912,848800,Piso,4.0,2.0,191.0,4.0,1,12
4549,12,Ciudad Lineal,2912,150000,Piso,1.0,1.0,78.0,,0,12
4550,12,Ciudad Lineal,2912,155000,Piso,1.0,1.0,30.0,1.0,0,12
4551,12,Ciudad Lineal,2912,79500,Piso,2.0,1.0,48.0,,0,12
4552,12,Ciudad Lineal,2912,122000,Piso,2.0,1.0,81.0,4.0,0,12
4553,12,Ciudad Lineal,2912,339000,Piso,3.0,2.0,99.0,1.0,1,12
4554,12,Ciudad Lineal,2912,585000,Piso,3.0,2.0,162.0,4.0,1,12
4555,12,Ciudad Lineal,2912,298000,Piso,3.0,1.0,84.0,3.0,0,12
4556,12,Ciudad Lineal,2912,137000,Piso,3.0,1.0,65.0,,0,12
4557,12,Ciudad Lineal,2912,539000,Piso,3.0,2.0,95.0,3.0,1,12
4558,12,Ciudad Lineal,2912,190600,Piso,,,95.0,,0,12
4559,12,Ciudad Lineal,2912,1520000,Dúplex,3.0,3.0,161.0,1.0,1,12
4560,12,Ciudad Lineal,2912,79500,Piso,2.0,1.0,48.0,,0,12
4561,12,Ciudad Lineal,2912,860000,Piso,4.0,2.0,165.0,7.0,1,12
4562,12,Ciudad Lineal,2912,95000,Piso,2.0,2.0,72.0,,0,12
4563,12,Ciudad Lineal,2912,285000,Piso,2.0,1.0,73.0,,1,12
4564,12,Ciudad Lineal,2912,153900,Piso,4.0,1.0,100.0,,0,12
4565,12,Ciudad Lineal,2912,1300000,Casa o chalet,5.0,4.0,440.0,,1,12
4566,12,Ciudad Lineal,2912,342000,Dúplex,2.0,2.0,89.0,,0,12
4567,12,Ciudad Lineal,2912,349000,Piso,3.0,2.0,150.0,,1,12
4568,12,Ciudad Lineal,2912,555000,Piso,4.0,2.0,118.0,4.0,0,12
4569,12,Ciudad Lineal,2912,299900,Piso,3.0,2.0,80.0,3.0,0,12
4570,12,Ciudad Lineal,2912,170000,Piso,2.0,1.0,55.0,2.0,0,12
4571,12,Ciudad Lineal,2912,129000,Piso,1.0,1.0,58.0,,0,12
4572,12,Ciudad Lineal,2912,450000,Piso,3.0,1.0,93.0,1.0,0,12
4573,12,Ciudad Lineal,2912,590000,Piso,3.0,2.0,124.0,2.0,1,12
4574,12,Ciudad Lineal,2912,499000,Piso,3.0,1.0,119.0,1.0,0,12
4575,12,Ciudad Lineal,2912,830000,Piso,5.0,3.0,275.0,1.0,1,12
4576,12,Ciudad Lineal,2912,500000,Piso,2.0,2.0,96.0,1.0,0,12
4577,12,Ciudad Lineal,2912,134500,Piso,3.0,1.0,61.0,2.0,0,12
4578,12,Ciudad Lineal,2912,134500,Piso,3.0,1.0,61.0,2.0,0,12
4579,12,Ciudad Lineal,2912,349000,Piso,1.0,1.0,69.0,2.0,1,12
4580,12,Ciudad Lineal,2912,79500,Piso,2.0,1.0,48.0,,0,12
4581,12,Ciudad Lineal,2912,299000,Piso,3.0,2.0,83.0,,0,12
4582,12,Ciudad Lineal,2912,239000,Loft,,1.0,313.0,,1,12
4583,12,Ciudad Lineal,2912,890000,Piso,4.0,3.0,185.0,2.0,0,12
4584,12,Ciudad Lineal,2912,338000,Piso,2.0,1.0,94.0,3.0,0,12
4585,12,Ciudad Lineal,2912,130000,Piso,3.0,1.0,81.0,2.0,0,12
4586,12,Ciudad Lineal,2912,1890000,Dúplex,5.0,5.0,529.0,3.0,1,12
4587,12,Ciudad Lineal,2912,134500,Piso,3.0,1.0,61.0,2.0,0,12
4588,12,Ciudad Lineal,2912,255900,Piso,3.0,2.0,125.0,,0,12
4589,12,Ciudad Lineal,2912,135000,Piso,1.0,1.0,45.0,,0,12
4590,12,Ciudad Lineal,2912,134500,Piso,3.0,1.0,61.0,2.0,0,12
4591,12,Ciudad Lineal,2912,425115,Piso,3.0,2.0,90.0,3.0,0,12
4592,12,Ciudad Lineal,2912,165000,Piso,2.0,2.0,75.0,2.0,0,12
4593,12,Ciudad Lineal,2912,430000,Piso,3.0,2.0,100.0,,0,12
4594,12,Ciudad Lineal,2912,338000,Piso,2.0,1.0,94.0,3.0,0,12
4595,12,Ciudad Lineal,2912,457000,Piso,4.0,3.0,170.0,,0,12
4596,12,Ciudad Lineal,2912,145000,Piso,3.0,2.0,100.0,2.0,1,12
4597,12,Ciudad Lineal,2912,173000,Piso,1.0,1.0,52.0,2.0,0,12
4598,12,Ciudad Lineal,2912,165000,Piso,3.0,1.0,70.0,,0,12
4599,12,Ciudad Lineal,2912,280000,Piso,1.0,1.0,59.0,1.0,0,12
4600,12,Ciudad Lineal,2912,350000,Piso,4.0,2.0,87.0,4.0,0,12
4601,12,Ciudad Lineal,2912,150000,Piso,1.0,1.0,78.0,,0,12
4602,12,Ciudad Lineal,2912,278000,Estudio,,1.0,39.0,6.0,0,12
4603,12,Ciudad Lineal,2912,335000,Piso,2.0,1.0,80.0,,1,12
4604,12,Ciudad Lineal,2912,700000,Piso,4.0,2.0,147.0,5.0,0,12
4605,12,Ciudad Lineal,2912,228000,Piso,3.0,2.0,92.0,9.0,0,12
4606,12,Ciudad Lineal,2912,145000,Piso,3.0,2.0,90.0,8.0,0,12
4607,12,Ciudad Lineal,2912,395000,Piso,3.0,2.0,89.0,1.0,1,12
4608,12,Ciudad Lineal,2912,620000,Loft,3.0,2.0,227.0,,0,12
4609,12,Ciudad Lineal,2912,565000,Piso,4.0,2.0,149.0,2.0,1,12
4610,12,Ciudad Lineal,2912,185000,Planta baja,2.0,1.0,80.0,,0,12
4611,12,Ciudad Lineal,2912,197000,Piso,1.0,1.0,53.0,3.0,0,12
4612,12,Ciudad Lineal,2912,197000,Piso,2.0,1.0,70.0,4.0,0,12
4613,12,Ciudad Lineal,2912,159000,Piso,,1.0,34.0,3.0,0,12
4614,12,Ciudad Lineal,2912,590000,Piso,4.0,2.0,115.0,1.0,0,12
4615,12,Ciudad Lineal,2912,295000,Piso,2.0,2.0,108.0,1.0,0,12
4616,12,Ciudad Lineal,2912,1990000,Piso,5.0,5.0,288.0,4.0,1,12
4617,12,Ciudad Lineal,2912,320000,Piso,2.0,1.0,94.0,2.0,0,12
4618,12,Ciudad Lineal,2912,295000,Apartamento,1.0,1.0,56.0,4.0,0,12
4619,12,Ciudad Lineal,2912,132500,Piso,3.0,1.0,78.0,,0,12
4620,12,Ciudad Lineal,2912,243000,Piso,2.0,1.0,85.0,3.0,1,12
4621,12,Ciudad Lineal,2912,145000,Piso,3.0,2.0,67.0,,0,12
4622,12,Ciudad Lineal,2912,107000,Piso,2.0,1.0,39.0,2.0,0,12
4623,12,Ciudad Lineal,2912,149000,Piso,2.0,1.0,46.0,2.0,0,12
4624,12,Ciudad Lineal,2912,186000,Piso,3.0,2.0,80.0,1.0,0,12
4625,12,Ciudad Lineal,2912,165000,Piso,1.0,1.0,37.0,3.0,0,12
4626,12,Ciudad Lineal,2912,150000,Piso,1.0,1.0,78.0,,0,12
4627,12,Ciudad Lineal,2912,260200,Piso,2.0,1.0,49.0,1.0,0,12
4628,12,Ciudad Lineal,2912,640500,Piso,3.0,2.0,172.0,4.0,1,12
4629,12,Ciudad Lineal,2912,2700000,Piso,5.0,5.0,285.0,1.0,1,12
4630,12,Ciudad Lineal,2912,132000,Piso,1.0,1.0,46.0,2.0,0,12
4631,12,Ciudad Lineal,2912,575000,Piso,3.0,2.0,116.0,,0,12
4632,12,Ciudad Lineal,2912,150000,Piso,3.0,1.0,76.0,,0,12
4633,12,Ciudad Lineal,2912,185000,Piso,3.0,1.0,90.0,3.0,1,12
4634,12,Ciudad Lineal,2912,160000,Piso,1.0,1.0,53.0,,0,12
4635,12,Ciudad Lineal,2912,1230000,Piso,5.0,4.0,201.0,1.0,1,12
4636,12,Ciudad Lineal,2912,95000,Piso,2.0,1.0,44.0,3.0,0,12
4637,12,Ciudad Lineal,2912,168000,Piso,2.0,1.0,58.0,3.0,0,12
4638,12,Ciudad Lineal,2912,165000,Casa adosada,2.0,2.0,100.0,,0,12
4639,12,Ciudad Lineal,2912,150000,Piso,1.0,1.0,78.0,,0,12
4640,12,Ciudad Lineal,2912,890000,Piso,4.0,3.0,185.0,2.0,0,12
4641,12,Ciudad Lineal,2912,295000,Piso,2.0,1.0,63.0,14.0,0,12
4642,12,Ciudad Lineal,2912,490000,Piso,2.0,2.0,150.0,,1,12
4643,12,Ciudad Lineal,2912,122500,Piso,2.0,1.0,51.0,,0,12
4644,12,Ciudad Lineal,2912,2250000,Casa o chalet,6.0,7.0,666.0,,1,12
4645,12,Ciudad Lineal,2912,94000,Piso,,2.0,59.0,,0,12
4646,12,Ciudad Lineal,2912,87000,Piso,1.0,1.0,40.0,,0,12
4647,12,Ciudad Lineal,2912,123720,Piso,,1.0,65.0,,0,12
4648,12,Ciudad Lineal,2912,240000,Apartamento,1.0,1.0,69.0,2.0,1,12
4649,12,Ciudad Lineal,2912,158000,Piso,4.0,1.0,60.0,,0,12
4650,12,Ciudad Lineal,2912,380000,Piso,2.0,1.0,79.0,1.0,1,12
4651,12,Ciudad Lineal,2912,1249000,Ático,5.0,5.0,324.0,3.0,1,12
4652,12,Ciudad Lineal,2912,338000,Piso,2.0,1.0,94.0,3.0,0,12
4653,12,Ciudad Lineal,2912,399500,Piso,2.0,2.0,96.0,2.0,1,12
4654,12,Ciudad Lineal,2912,890000,Piso,4.0,3.0,185.0,2.0,0,12
4655,12,Ciudad Lineal,2912,400000,Piso,3.0,2.0,86.0,2.0,0,12
4656,12,Ciudad Lineal,2912,385000,Piso,3.0,1.0,88.0,,0,12
4657,12,Ciudad Lineal,2912,338000,Piso,2.0,1.0,94.0,3.0,0,12
4658,12,Ciudad Lineal,2912,137000,Piso,3.0,1.0,65.0,,0,12
4659,12,Ciudad Lineal,2912,158000,Piso,2.0,1.0,55.0,1.0,0,12
4660,12,Ciudad Lineal,2912,420000,Piso,4.0,2.0,141.0,,1,12
4661,12,Ciudad Lineal,2912,136500,Piso,2.0,1.0,61.0,3.0,0,12
4662,12,Ciudad Lineal,2912,499000,Piso,2.0,2.0,111.0,2.0,0,12
4663,12,Ciudad Lineal,2912,450000,Piso,1.0,2.0,118.0,,0,12
4664,12,Ciudad Lineal,2912,770000,Piso,2.0,2.0,109.0,1.0,1,12
4665,12,Ciudad Lineal,2912,159400,Piso,1.0,1.0,48.0,,0,12
4666,12,Ciudad Lineal,2912,125000,Piso,1.0,1.0,45.0,,0,12
4667,12,Ciudad Lineal,2912,169500,Piso,4.0,2.0,81.0,,0,12
4668,12,Ciudad Lineal,2912,177200,Piso,2.0,1.0,52.0,2.0,0,12
4669,12,Ciudad Lineal,2912,359000,Piso,3.0,2.0,160.0,,0,12
4670,12,Ciudad Lineal,2912,350000,Piso,2.0,1.0,67.0,1.0,0,12
4671,12,Ciudad Lineal,2912,1000000,Dúplex,3.0,3.0,150.0,1.0,0,12
4672,12,Ciudad Lineal,2912,150000,Piso,1.0,1.0,78.0,,0,12
4673,12,Ciudad Lineal,2912,300000,Piso,3.0,1.0,98.0,2.0,1,12
4674,12,Ciudad Lineal,2912,146000,Piso,2.0,1.0,57.0,2.0,0,12
4675,12,Ciudad Lineal,2912,970000,Piso,3.0,3.0,131.0,2.0,1,12
4676,12,Ciudad Lineal,2912,430000,Piso,3.0,2.0,106.0,,1,12
4677,12,Ciudad Lineal,2912,165000,Piso,1.0,1.0,43.0,3.0,0,12
4678,12,Ciudad Lineal,2912,115000,Piso,,,47.0,2.0,0,12
4679,12,Ciudad Lineal,2912,134500,Piso,3.0,1.0,61.0,2.0,0,12
4680,12,Ciudad Lineal,2912,220500,Piso,53.0,2.0,63.0,3.0,0,12
4681,12,Ciudad Lineal,2912,79500,Piso,2.0,1.0,48.0,,0,12
4682,12,Ciudad Lineal,2912,340000,Piso,4.0,2.0,112.0,3.0,1,12
4683,12,Ciudad Lineal,2912,197500,Piso,1.0,1.0,42.0,,0,12
4684,12,Ciudad Lineal,2912,890000,Piso,4.0,3.0,185.0,2.0,0,12
4685,12,Ciudad Lineal,2912,370000,Piso,3.0,2.0,107.0,1.0,1,12
4686,12,Ciudad Lineal,2912,999000,Piso,4.0,2.0,158.0,6.0,1,12
4687,12,Ciudad Lineal,2912,160650,Piso,3.0,1.0,55.0,1.0,0,12
4688,12,Ciudad Lineal,2912,134500,Piso,3.0,1.0,61.0,2.0,0,12
4689,12,Ciudad Lineal,2912,196000,Piso,1.0,1.0,47.0,2.0,0,12
4690,12,Ciudad Lineal,2912,352000,Piso,3.0,1.0,122.0,,1,12
4691,12,Ciudad Lineal,2912,185000,Ático,2.0,2.0,69.0,3.0,0,12
4692,12,Ciudad Lineal,2912,163900,Piso,2.0,1.0,46.0,2.0,0,12
4693,12,Ciudad Lineal,2912,338000,Piso,2.0,1.0,94.0,3.0,0,12
4694,12,Ciudad Lineal,2912,280000,Piso,4.0,2.0,114.0,,0,12
4695,12,Ciudad Lineal,2912,554000,Piso,4.0,3.0,158.0,1.0,1,12
4696,12,Ciudad Lineal,2912,890000,Piso,4.0,3.0,185.0,2.0,0,12
4697,12,Ciudad Lineal,2912,495000,Piso,4.0,2.0,161.0,2.0,1,12
4698,12,Ciudad Lineal,2912,149000,Piso,3.0,2.0,75.0,7.0,1,12
4699,12,Ciudad Lineal,2912,146000,Piso,2.0,1.0,57.0,2.0,0,12
4700,12,Ciudad Lineal,2912,150000,Piso,1.0,1.0,78.0,,0,12
4701,12,Ciudad Lineal,2912,329700,Piso,,1.0,60.0,,0,12
4702,12,Ciudad Lineal,2912,190000,Piso,1.0,1.0,41.0,5.0,0,12
4703,12,Ciudad Lineal,2912,337769,Piso,1.0,1.0,66.0,1.0,1,12
4704,12,Ciudad Lineal,2912,1595000,Ático,2.0,3.0,207.0,,0,12
4705,12,Ciudad Lineal,2912,876000,Piso,3.0,3.0,122.0,,0,12
4706,12,Ciudad Lineal,2912,275600,Piso,1.0,1.0,55.0,1.0,1,12
4707,12,Ciudad Lineal,2912,108000,Piso,2.0,1.0,60.0,4.0,0,12
4708,12,Ciudad Lineal,2912,136000,Piso,2.0,1.0,59.0,,0,12
4709,12,Ciudad Lineal,2912,104000,Piso,3.0,1.0,62.0,1.0,0,12
4710,12,Ciudad Lineal,2912,95000,Piso,2.0,1.0,61.0,,0,12
4711,12,Ciudad Lineal,2912,134500,Piso,3.0,1.0,61.0,2.0,0,12
4712,12,Ciudad Lineal,2912,250000,Piso,3.0,1.0,73.0,1.0,0,12
4713,12,Ciudad Lineal,2912,720000,Piso,3.0,3.0,131.0,5.0,0,12
4714,10,Fuencarral,3491,346500,Piso,3.0,2.0,129.0,5.0,0,22
4715,10,Fuencarral,3491,540000,Piso,4.0,2.0,160.0,1.0,1,22
4716,10,Fuencarral,3491,132000,Piso,2.0,1.0,51.0,3.0,0,22
4717,10,Fuencarral,3491,220000,Piso,3.0,1.0,79.0,,0,22
4718,10,Fuencarral,3491,99000,Piso,2.0,1.0,54.0,,0,22
4719,10,Fuencarral,3491,275000,Piso,3.0,1.0,77.0,,0,22
4720,10,Fuencarral,3491,2420000,Casa o chalet,6.0,6.0,554.0,,1,22
4721,10,Fuencarral,3491,109000,Piso,3.0,1.0,60.0,2.0,0,22
4722,10,Fuencarral,3491,219900,Piso,2.0,1.0,54.0,2.0,0,22
4723,10,Fuencarral,3491,354000,Piso,3.0,2.0,129.0,,1,22
4724,10,Fuencarral,3491,1100000,Ático,5.0,3.0,229.0,5.0,1,22
4725,10,Fuencarral,3491,559000,Ático,3.0,2.0,145.0,6.0,0,22
4726,10,Fuencarral,3491,539000,Piso,3.0,2.0,150.0,5.0,1,22
4727,10,Fuencarral,3491,335000,Piso,2.0,2.0,100.0,2.0,0,22
4728,10,Fuencarral,3491,2044100,Casa o chalet,5.0,8.0,855.0,,0,22
4729,10,Fuencarral,3491,168000,Piso,3.0,1.0,76.0,,0,22
4730,10,Fuencarral,3491,137000,Piso,3.0,1.0,65.0,,0,22
4731,10,Fuencarral,3491,539000,Piso,3.0,2.0,150.0,5.0,1,22
4732,10,Fuencarral,3491,137000,Piso,3.0,1.0,65.0,,0,22
4733,10,Fuencarral,3491,354000,Piso,3.0,2.0,129.0,,1,22
4734,10,Fuencarral,3491,156000,Piso,1.0,1.0,38.0,,0,22
4735,10,Fuencarral,3491,190000,Piso,3.0,1.0,63.0,3.0,1,22
4736,10,Fuencarral,3491,675000,Piso,5.0,3.0,207.0,1.0,1,22
4737,10,Fuencarral,3491,245000,Piso,3.0,1.0,64.0,4.0,0,22
4738,10,Fuencarral,3491,475000,Piso,3.0,2.0,91.0,3.0,0,22
4739,10,Fuencarral,3491,480000,Piso,3.0,2.0,161.0,6.0,1,22
4740,10,Fuencarral,3491,1980000,Casa adosada,6.0,5.0,675.0,,1,22
4741,10,Fuencarral,3491,518000,Piso,3.0,3.0,105.0,,1,22
4742,10,Fuencarral,3491,539000,Piso,3.0,2.0,150.0,5.0,1,22
4743,10,Fuencarral,3491,335000,Piso,2.0,2.0,100.0,2.0,0,22
4744,10,Fuencarral,3491,137865,Piso,3.0,1.0,90.0,1.0,0,22
4745,10,Fuencarral,3491,910000,Piso,4.0,4.0,260.0,3.0,1,22
4746,10,Fuencarral,3491,280000,Piso,2.0,2.0,109.0,,1,22
4747,10,Fuencarral,3491,620000,Casa o chalet,4.0,3.0,238.0,,1,22
4748,10,Fuencarral,3491,750000,Piso,2.0,2.0,80.0,4.0,0,22
4749,10,Fuencarral,3491,270000,Piso,3.0,1.0,88.0,1.0,0,22
4750,10,Fuencarral,3491,410000,Piso,2.0,1.0,65.0,3.0,0,22
4751,10,Fuencarral,3491,790000,Piso,5.0,3.0,270.0,5.0,1,22
4752,10,Fuencarral,3491,410000,Piso,2.0,2.0,99.0,2.0,1,22
4753,10,Fuencarral,3491,485000,Piso,3.0,2.0,100.0,2.0,1,22
4754,10,Fuencarral,3491,392000,Piso,3.0,2.0,108.0,11.0,1,22
4755,10,Fuencarral,3491,675000,Piso,5.0,3.0,207.0,1.0,1,22
4756,10,Fuencarral,3491,539000,Piso,3.0,2.0,150.0,5.0,1,22
4757,10,Fuencarral,3491,354000,Piso,3.0,2.0,129.0,,1,22
4758,10,Fuencarral,3491,137000,Piso,3.0,1.0,65.0,,0,22
4759,10,Fuencarral,3491,675000,Piso,5.0,3.0,207.0,1.0,1,22
4760,10,Fuencarral,3491,437000,Piso,2.0,2.0,99.0,1.0,1,22
4761,10,Fuencarral,3491,105000,Piso,2.0,1.0,30.0,,0,22
4762,10,Fuencarral,3491,675000,Piso,5.0,3.0,207.0,1.0,1,22
4763,10,Fuencarral,3491,70000,Piso,3.0,1.0,45.0,,0,22
4764,10,Fuencarral,3491,575000,Piso,3.0,2.0,90.0,3.0,0,22
4765,10,Fuencarral,3491,137865,Piso,3.0,1.0,90.0,1.0,0,22
4766,10,Fuencarral,3491,780000,Casa adosada,7.0,4.0,270.0,,1,22
4767,10,Fuencarral,3491,620000,Casa o chalet,4.0,3.0,238.0,,1,22
4768,10,Fuencarral,3491,145000,Piso,2.0,1.0,64.0,7.0,0,22
4769,10,Fuencarral,3491,675000,Piso,5.0,3.0,207.0,1.0,1,22
4770,10,Fuencarral,3491,1200000,Piso,5.0,4.0,320.0,4.0,1,22
4771,10,Fuencarral,3491,485000,Piso,3.0,2.0,100.0,2.0,1,22
4772,10,Fuencarral,3491,620000,Casa o chalet,4.0,3.0,238.0,,1,22
4773,10,Fuencarral,3491,1980000,Casa adosada,6.0,5.0,675.0,,1,22
4774,10,Fuencarral,3491,539000,Piso,3.0,2.0,150.0,5.0,1,22
4775,10,Fuencarral,3491,180000,Piso,1.0,1.0,52.0,5.0,1,22
4776,10,Fuencarral,3491,137000,Piso,3.0,1.0,65.0,,0,22
4777,10,Fuencarral,3491,620000,Casa o chalet,4.0,3.0,238.0,,1,22
4778,10,Fuencarral,3491,354000,Piso,3.0,2.0,129.0,,1,22
4779,10,Fuencarral,3491,379000,Piso,3.0,2.0,140.0,3.0,1,22
4780,10,Fuencarral,3491,675000,Piso,5.0,3.0,207.0,1.0,1,22
4781,10,Fuencarral,3491,620000,Casa o chalet,4.0,3.0,238.0,,1,22
4782,10,Fuencarral,3491,1850000,Casa o chalet,6.0,5.0,545.0,,1,22
4783,10,Fuencarral,3491,485000,Piso,3.0,2.0,100.0,2.0,1,22
4784,10,Fuencarral,3491,1025000,Piso,5.0,3.0,250.0,2.0,1,22
4785,10,Fuencarral,3491,137865,Piso,3.0,1.0,90.0,1.0,0,22
4786,10,Fuencarral,3491,485000,Piso,3.0,2.0,100.0,2.0,1,22
4787,10,Fuencarral,3491,1930000,Casa adosada,5.0,6.0,547.0,,1,22
4788,10,Fuencarral,3491,137865,Piso,3.0,1.0,90.0,1.0,0,22
4789,10,Fuencarral,3491,525000,Piso,3.0,2.0,168.0,,0,22
4790,10,Fuencarral,3491,261000,Piso,4.0,2.0,125.0,,1,22
4791,10,Fuencarral,3491,137865,Piso,3.0,1.0,90.0,1.0,0,22
4792,10,Fuencarral,3491,74900,Piso,2.0,1.0,46.0,1.0,0,22
4793,10,Fuencarral,3491,620000,Casa o chalet,4.0,3.0,238.0,,1,22
4794,10,Fuencarral,3491,329000,Piso,3.0,2.0,74.0,,0,22
4795,10,Fuencarral,3491,2200000,Casa adosada,6.0,6.0,677.0,,1,22
4796,10,Fuencarral,3491,620000,Casa o chalet,4.0,3.0,238.0,,1,22
4797,10,Fuencarral,3491,137000,Piso,3.0,1.0,65.0,,0,22
4798,10,Fuencarral,3491,500000,Piso,1.0,1.0,70.0,,0,22
4799,10,Fuencarral,3491,995000,Piso,4.0,4.0,304.0,5.0,1,22
4800,10,Fuencarral,3491,137865,Piso,3.0,1.0,90.0,1.0,0,22
4801,10,Fuencarral,3491,420000,Piso,3.0,2.0,130.0,4.0,1,22
4802,10,Fuencarral,3491,895000,Piso,3.0,2.0,143.0,2.0,0,22
4803,10,Fuencarral,3491,137865,Piso,3.0,1.0,90.0,1.0,0,22
4804,10,Fuencarral,3491,539000,Piso,3.0,2.0,150.0,5.0,1,22
4805,10,Fuencarral,3491,354000,Piso,3.0,2.0,129.0,,1,22
4806,10,Fuencarral,3491,1620000,Casa adosada,8.0,7.0,653.0,,1,22
4807,10,Fuencarral,3491,354000,Piso,3.0,2.0,129.0,,1,22
4808,10,Fuencarral,3491,555490,Piso,2.0,2.0,87.0,1.0,0,22
4809,10,Fuencarral,3491,539000,Piso,3.0,2.0,150.0,5.0,1,22
4810,10,Fuencarral,3491,925000,Casa adosada,5.0,5.0,375.0,,1,22
4811,10,Fuencarral,3491,289000,Piso,2.0,1.0,90.0,,0,22
4812,10,Fuencarral,3491,539000,Piso,3.0,2.0,150.0,5.0,1,22
4813,10,Fuencarral,3491,387700,Piso,3.0,1.0,57.0,7.0,0,22
4814,10,Fuencarral,3491,1450000,Piso,3.0,3.0,226.0,5.0,1,22
4815,10,Fuencarral,3491,95000,Estudio,,1.0,20.0,1.0,0,22
4816,10,Fuencarral,3491,259000,Piso,3.0,2.0,131.0,1.0,1,22
4817,10,Fuencarral,3491,265000,Piso,2.0,2.0,86.0,11.0,1,22
4818,10,Fuencarral,3491,675000,Piso,5.0,3.0,207.0,1.0,1,22
4819,10,Fuencarral,3491,354000,Piso,3.0,2.0,129.0,,1,22
4820,10,Fuencarral,3491,310000,Piso,3.0,1.0,84.0,12.0,0,22
4821,10,Fuencarral,3491,256000,Piso,1.0,1.0,62.0,1.0,1,22
4822,10,Fuencarral,3491,173000,Piso,3.0,1.0,66.0,,0,22
4823,10,Fuencarral,3491,875000,Piso,4.0,4.0,243.0,3.0,1,22
4824,10,Fuencarral,3491,1900000,Casa adosada,6.0,6.0,613.0,,0,22
4825,10,Fuencarral,3491,137865,Piso,3.0,1.0,90.0,1.0,0,22
4826,10,Fuencarral,3491,137865,Piso,3.0,1.0,90.0,1.0,0,22
4827,10,Fuencarral,3491,169000,Apartamento,1.0,1.0,32.0,,0,22
4828,10,Fuencarral,3491,210000,Piso,2.0,1.0,96.0,5.0,0,22
4829,10,Fuencarral,3491,675000,Piso,5.0,3.0,207.0,1.0,1,22
4830,10,Fuencarral,3491,320000,Piso,3.0,1.0,94.0,2.0,1,22
4831,10,Fuencarral,3491,153900,Piso,1.0,1.0,45.0,,0,22
4832,10,Fuencarral,3491,1975000,Casa o chalet,7.0,5.0,710.0,,1,22
4833,10,Fuencarral,3491,978000,Casa o chalet,6.0,5.0,393.0,,1,22
4834,10,Fuencarral,3491,676000,Piso,2.0,2.0,93.0,1.0,0,22
4835,10,Fuencarral,3491,270000,Piso,1.0,1.0,71.0,11.0,0,22
4836,10,Fuencarral,3491,179900,Piso,2.0,1.0,57.0,4.0,0,22
4837,10,Fuencarral,3491,1200000,Piso,3.0,2.0,150.0,4.0,0,22
4838,10,Fuencarral,3491,174000,Dúplex,1.0,1.0,47.0,2.0,0,22
4839,10,Fuencarral,3491,620000,Piso,4.0,3.0,146.0,5.0,1,22
4840,10,Fuencarral,3491,256000,Piso,1.0,1.0,62.0,1.0,1,22
4841,10,Fuencarral,3491,195000,Piso,2.0,2.0,67.0,3.0,1,22
4842,10,Fuencarral,3491,354000,Piso,3.0,2.0,129.0,,1,22
4843,10,Fuencarral,3491,354000,Piso,3.0,2.0,129.0,,1,22
4844,10,Fuencarral,3491,137000,Piso,3.0,1.0,65.0,,0,22
4845,10,Fuencarral,3491,1220700,Piso,6.0,2.0,211.0,1.0,0,22
4846,10,Fuencarral,3491,99000,Apartamento,1.0,1.0,54.0,,0,22
4847,10,Fuencarral,3491,1298000,Casa o chalet,6.0,4.0,304.0,,0,22
4848,10,Fuencarral,3491,495000,Piso,3.0,2.0,116.0,6.0,1,22
4849,10,Fuencarral,3491,256000,Piso,1.0,1.0,62.0,1.0,1,22
4850,10,Fuencarral,3491,140000,Piso,3.0,1.0,67.0,6.0,0,22
4851,10,Fuencarral,3491,430000,Piso,4.0,2.0,169.0,,1,22
4852,10,Fuencarral,3491,760000,Dúplex,4.0,3.0,185.0,1.0,1,22
4853,10,Fuencarral,3491,379000,Piso,3.0,1.0,86.0,3.0,0,22
4854,10,Fuencarral,3491,159000,Piso,2.0,1.0,51.0,1.0,0,22
4855,10,Fuencarral,3491,165000,Estudio,,1.0,47.0,3.0,0,22
4856,10,Fuencarral,3491,137865,Piso,3.0,1.0,90.0,1.0,0,22
4857,10,Fuencarral,3491,381000,Piso,2.0,2.0,100.0,2.0,0,22
4858,10,Fuencarral,3491,377000,Piso,2.0,2.0,83.0,7.0,0,22
4859,10,Fuencarral,3491,359000,Piso,2.0,2.0,81.0,4.0,1,22
4860,10,Fuencarral,3491,695000,Piso,2.0,1.0,115.0,4.0,0,22
4861,10,Fuencarral,3491,335000,Piso,2.0,2.0,100.0,2.0,0,22
4862,10,Fuencarral,3491,620000,Casa o chalet,4.0,3.0,238.0,,1,22
4863,10,Fuencarral,3491,354000,Piso,3.0,2.0,129.0,,1,22
4864,10,Fuencarral,3491,580000,Piso,2.0,2.0,93.0,5.0,0,22
4865,10,Fuencarral,3491,780000,Casa adosada,7.0,4.0,270.0,,1,22
4866,10,Fuencarral,3491,399000,Piso,3.0,2.0,129.0,2.0,0,22
4867,10,Fuencarral,3491,200000,Piso,3.0,1.0,75.0,1.0,0,22
4868,10,Fuencarral,3491,137000,Piso,3.0,1.0,65.0,,0,22
4869,10,Fuencarral,3491,349000,Piso,2.0,2.0,110.0,,0,22
4870,10,Fuencarral,3491,175000,Piso,2.0,1.0,73.0,,0,22
4871,10,Fuencarral,3491,620000,Casa o chalet,4.0,3.0,238.0,,1,22
4872,10,Fuencarral,3491,130000,Piso,3.0,1.0,65.0,1.0,0,22
4873,10,Fuencarral,3491,137000,Piso,3.0,1.0,65.0,,0,22
4874,10,Fuencarral,3491,195000,Piso,2.0,1.0,65.0,10.0,1,22
4875,10,Fuencarral,3491,159000,Piso,2.0,1.0,53.0,,1,22
4876,10,Fuencarral,3491,185000,Piso,2.0,1.0,70.0,,0,22
4877,10,Fuencarral,3491,675000,Piso,5.0,3.0,207.0,1.0,1,22
4878,10,Fuencarral,3491,485000,Piso,3.0,2.0,100.0,2.0,1,22
4879,10,Fuencarral,3491,620000,Casa o chalet,4.0,3.0,238.0,,1,22
4880,10,Fuencarral,3491,485000,Piso,3.0,2.0,100.0,2.0,1,22
4881,10,Fuencarral,3491,479000,Piso,3.0,2.0,139.0,,1,22
4882,10,Fuencarral,3491,1292970,Piso,6.0,4.0,394.0,2.0,0,22
4883,10,Fuencarral,3491,440000,Piso,3.0,2.0,114.0,1.0,1,22
4884,10,Fuencarral,3491,330000,Piso,4.0,2.0,112.0,1.0,0,22
4885,10,Fuencarral,3491,485000,Piso,3.0,2.0,100.0,2.0,1,22
4886,10,Fuencarral,3491,354000,Piso,3.0,2.0,129.0,,1,22
4887,10,Fuencarral,3491,310000,Piso,3.0,1.0,85.0,8.0,0,22
4888,10,Fuencarral,3491,675000,Piso,5.0,3.0,207.0,1.0,1,22
4889,10,Fuencarral,3491,140000,Piso,3.0,1.0,82.0,,0,22
4890,10,Fuencarral,3491,675000,Piso,5.0,3.0,207.0,1.0,1,22
4891,10,Fuencarral,3491,549000,Piso,4.0,2.0,130.0,5.0,1,22
4892,10,Fuencarral,3491,381000,Piso,2.0,2.0,100.0,7.0,0,22
4893,10,Fuencarral,3491,1800000,Piso,3.0,3.0,302.0,2.0,0,22
4894,10,Fuencarral,3491,153500,Piso,3.0,1.0,65.0,1.0,0,22
4895,10,Fuencarral,3491,850000,Piso,4.0,3.0,260.0,8.0,1,22
4896,10,Fuencarral,3491,137000,Piso,3.0,1.0,65.0,,0,22
4897,10,Fuencarral,3491,485000,Piso,3.0,2.0,100.0,2.0,1,22
4898,10,Fuencarral,3491,196000,Dúplex,2.0,1.0,70.0,,0,22
4899,10,Fuencarral,3491,539000,Piso,3.0,2.0,150.0,5.0,1,22
4900,10,Fuencarral,3491,169000,Piso,1.0,1.0,55.0,3.0,1,22
4901,10,Fuencarral,3491,379000,Piso,3.0,2.0,84.0,2.0,0,22
4902,10,Fuencarral,3491,256000,Piso,1.0,1.0,62.0,1.0,1,22
4903,10,Fuencarral,3491,838380,Dúplex,4.0,3.0,215.0,1.0,0,22
4904,10,Fuencarral,3491,525000,Piso,4.0,2.0,141.0,,1,22
4905,10,Fuencarral,3491,188000,Piso,2.0,1.0,59.0,5.0,0,22
4906,10,Fuencarral,3491,455000,Piso,4.0,2.0,108.0,4.0,0,22
4907,10,Fuencarral,3491,485500,Piso,2.0,2.0,98.0,,1,22
4908,10,Fuencarral,3491,2700000,Casa o chalet,5.0,6.0,788.0,,1,22
4909,10,Fuencarral,3491,137865,Piso,3.0,1.0,90.0,1.0,0,22
4910,10,Fuencarral,3491,210000,Piso,2.0,1.0,35.0,4.0,0,22
4911,10,Fuencarral,3491,1550000,Casa o chalet,6.0,6.0,639.0,,1,22
4912,10,Fuencarral,3491,354000,Piso,3.0,2.0,129.0,,1,22
4913,10,Fuencarral,3491,88000,Piso,2.0,1.0,56.0,,0,22
4914,10,Fuencarral,3491,137000,Piso,3.0,1.0,65.0,,0,22
4915,10,Fuencarral,3491,137865,Piso,3.0,1.0,90.0,1.0,0,22
4916,10,Fuencarral,3491,155000,Piso,1.0,1.0,61.0,1.0,0,22
4917,10,Fuencarral,3491,239000,Piso,1.0,1.0,68.0,,0,22
4918,10,Fuencarral,3491,539000,Piso,3.0,2.0,150.0,5.0,1,22
4919,10,Fuencarral,3491,525000,Piso,4.0,3.0,177.0,5.0,0,22
4920,10,Fuencarral,3491,620000,Casa o chalet,4.0,3.0,238.0,,1,22
4921,10,Fuencarral,3491,185500,Piso,3.0,1.0,82.0,3.0,0,22
4922,10,Fuencarral,3491,620000,Casa o chalet,4.0,3.0,238.0,,1,22
4923,10,Fuencarral,3491,377000,Piso,2.0,2.0,83.0,1.0,1,22
4924,10,Fuencarral,3491,179000,Piso,,1.0,56.0,,0,22
4925,10,Fuencarral,3491,400000,Piso,3.0,2.0,138.0,1.0,1,22
4926,10,Fuencarral,3491,137000,Piso,3.0,1.0,65.0,,0,22
4927,10,Fuencarral,3491,280000,Piso,4.0,2.0,135.0,,0,22
4928,10,Fuencarral,3491,170000,Piso,4.0,2.0,115.0,3.0,0,22
4929,10,Fuencarral,3491,620000,Casa o chalet,4.0,3.0,238.0,,1,22
4930,10,Fuencarral,3491,899000,Casa o chalet,7.0,5.0,447.0,,1,22
4931,10,Fuencarral,3491,137000,Piso,3.0,1.0,65.0,,0,22
4932,10,Fuencarral,3491,699900,Piso,3.0,2.0,108.0,,1,22
4933,10,Fuencarral,3491,889000,Casa o chalet,7.0,5.0,447.0,,1,22
4934,10,Fuencarral,3491,377000,Piso,2.0,2.0,57.0,1.0,0,22
4935,10,Fuencarral,3491,620000,Casa o chalet,4.0,3.0,238.0,,1,22
4936,10,Fuencarral,3491,354000,Piso,3.0,2.0,97.0,1.0,0,22
4937,10,Fuencarral,3491,1087000,Casa o chalet,4.0,5.0,500.0,,1,22
4938,10,Fuencarral,3491,838380,Dúplex,4.0,3.0,215.0,1.0,0,22
4939,10,Fuencarral,3491,1900000,Piso,5.0,5.0,314.0,2.0,0,22
4940,10,Fuencarral,3491,485000,Piso,3.0,2.0,100.0,2.0,1,22
4941,10,Fuencarral,3491,137865,Piso,3.0,1.0,90.0,1.0,0,22
4942,10,Fuencarral,3491,789000,Ático,3.0,2.0,180.0,6.0,1,22
4943,10,Fuencarral,3491,354000,Piso,3.0,2.0,129.0,,1,22
4944,10,Fuencarral,3491,137865,Piso,3.0,1.0,90.0,1.0,0,22
4945,10,Fuencarral,3491,335000,Piso,2.0,2.0,89.0,1.0,0,22
4946,10,Fuencarral,3491,190000,Apartamento,1.0,1.0,40.0,3.0,0,22
4947,10,Fuencarral,3491,137865,Piso,3.0,1.0,90.0,1.0,0,22
4948,10,Fuencarral,3491,250000,Piso,1.0,1.0,55.0,8.0,1,22
4949,10,Fuencarral,3491,335000,Piso,2.0,2.0,100.0,2.0,0,22
4950,10,Fuencarral,3491,365000,Piso,3.0,2.0,119.0,3.0,1,22
4951,10,Fuencarral,3491,675000,Piso,5.0,3.0,207.0,1.0,1,22
4952,10,Fuencarral,3491,950000,Casa o chalet,6.0,4.0,447.0,1.0,1,22
4953,10,Fuencarral,3491,198000,Piso,1.0,1.0,49.0,1.0,1,22
4954,10,Fuencarral,3491,259000,Piso,2.0,1.0,68.0,2.0,0,22
4955,10,Fuencarral,3491,820000,Piso,4.0,3.0,220.0,,1,22
4956,10,Fuencarral,3491,795000,Piso,2.0,1.0,91.0,1.0,0,22
4957,10,Fuencarral,3491,320000,Piso,2.0,2.0,106.0,,1,22
4958,10,Fuencarral,3491,1200000,Casa adosada,3.0,3.0,660.0,,1,22
4959,10,Fuencarral,3491,485000,Piso,3.0,2.0,100.0,2.0,1,22
4960,10,Fuencarral,3491,485000,Piso,3.0,2.0,100.0,2.0,1,22
4961,10,Fuencarral,3491,196000,Piso,1.0,1.0,47.0,7.0,0,22
4962,10,Fuencarral,3491,149000,Piso,3.0,1.0,76.0,4.0,0,22
4963,10,Fuencarral,3491,157000,Apartamento,1.0,1.0,50.0,,1,22
4964,10,Fuencarral,3491,1400000,Casa o chalet,4.0,4.0,450.0,,0,22
4965,10,Fuencarral,3491,490000,Piso,3.0,2.0,110.0,2.0,0,22
4966,10,Fuencarral,3491,280000,Piso,2.0,1.0,64.0,9.0,0,22
4967,10,Fuencarral,3491,485000,Piso,3.0,2.0,100.0,2.0,1,22
4968,10,Fuencarral,3491,335000,Piso,2.0,2.0,100.0,2.0,0,22
4969,10,Fuencarral,3491,137865,Piso,3.0,1.0,90.0,1.0,0,22
4970,10,Fuencarral,3491,485000,Piso,3.0,2.0,100.0,2.0,1,22
4971,10,Fuencarral,3491,630000,Casa adosada,4.0,2.0,210.0,,1,22
4972,10,Fuencarral,3491,137000,Piso,3.0,1.0,65.0,,0,22
4973,10,Fuencarral,3491,137865,Piso,3.0,1.0,90.0,1.0,0,22
4974,10,Fuencarral,3491,485000,Piso,3.0,2.0,100.0,2.0,1,22
4975,10,Fuencarral,3491,315000,Piso,3.0,1.0,70.0,1.0,0,22
4976,10,Fuencarral,3491,3600000,Casa o chalet,5.0,5.0,793.0,,1,22
4977,10,Fuencarral,3491,250000,Piso,2.0,2.0,54.0,1.0,0,22
4978,10,Fuencarral,3491,137000,Piso,3.0,1.0,65.0,,0,22
4979,10,Fuencarral,3491,539000,Piso,3.0,2.0,150.0,5.0,1,22
4980,10,Fuencarral,3491,142000,Piso,2.0,1.0,59.0,,0,22
4981,10,Fuencarral,3491,245000,Piso,1.0,1.0,37.0,,0,22
4982,10,Fuencarral,3491,675000,Piso,5.0,3.0,207.0,1.0,1,22
4983,10,Fuencarral,3491,204000,Piso,2.0,2.0,82.0,,0,22
4984,10,Fuencarral,3491,137000,Piso,3.0,1.0,65.0,,0,22
4985,10,Fuencarral,3491,2200000,Casa o chalet,6.0,5.0,270.0,,1,22
4986,10,Fuencarral,3491,129900,Piso,3.0,1.0,52.0,,0,22
4987,10,Fuencarral,3491,1625000,Casa o chalet,6.0,4.0,540.0,,1,22
4988,10,Fuencarral,3491,675000,Piso,5.0,3.0,207.0,1.0,1,22
4989,10,Fuencarral,3491,354000,Piso,3.0,2.0,129.0,,1,22
4990,10,Fuencarral,3491,490000,Piso,3.0,2.0,108.0,6.0,1,22
4991,10,Fuencarral,3491,125000,Piso,3.0,1.0,61.0,3.0,0,22
4992,10,Fuencarral,3491,620000,Casa o chalet,4.0,3.0,238.0,,1,22
4993,10,Fuencarral,3491,402900,Piso,2.0,1.0,91.0,1.0,0,22
4994,10,Fuencarral,3491,137865,Piso,3.0,1.0,90.0,1.0,0,22
4995,10,Fuencarral,3491,978000,Casa o chalet,6.0,5.0,393.0,,1,22
4996,10,Fuencarral,3491,350000,Dúplex,3.0,2.0,140.0,3.0,1,22
4997,10,Fuencarral,3491,1200000,Piso,3.0,3.0,164.0,3.0,1,22
4998,10,Fuencarral,3491,485000,Piso,3.0,2.0,100.0,2.0,1,22
4999,10,Fuencarral,3491,850000,Piso,5.0,3.0,260.0,8.0,1,22
5000,10,Fuencarral,3491,165000,Piso,3.0,1.0,88.0,2.0,0,22
5001,10,Fuencarral,3491,145000,Piso,3.0,1.0,71.0,,0,22
5002,10,Fuencarral,3491,298500,Piso,3.0,2.0,102.0,4.0,0,22
5003,10,Fuencarral,3491,950000,Piso,4.0,3.0,195.0,2.0,0,22
5004,10,Fuencarral,3491,1807400,Casa o chalet,5.0,3.0,696.0,,0,22
5005,10,Fuencarral,3491,285000,Piso,2.0,1.0,60.0,,0,22
5006,10,Fuencarral,3491,485000,Piso,3.0,2.0,100.0,2.0,1,22
5007,10,Fuencarral,3491,118000,Piso,1.0,1.0,32.0,,0,22
5008,10,Fuencarral,3491,1260000,Piso,5.0,4.0,200.0,2.0,1,22
5009,10,Fuencarral,3491,178500,Piso,2.0,1.0,82.0,2.0,0,22
5010,10,Fuencarral,3491,1245000,Piso,6.0,4.0,394.0,2.0,0,22
5011,10,Fuencarral,3491,290000,Piso,4.0,1.0,70.0,1.0,1,22
5012,10,Fuencarral,3491,470000,Piso,2.0,2.0,112.0,2.0,1,22
5013,10,Fuencarral,3491,559000,Piso,3.0,2.0,156.0,,1,22
5014,10,Fuencarral,3491,460000,Piso,4.0,2.0,133.0,3.0,0,22
5015,10,Fuencarral,3491,354000,Piso,3.0,2.0,129.0,,1,22
5016,10,Fuencarral,3491,354000,Piso,3.0,2.0,129.0,,1,22
5017,10,Fuencarral,3491,199000,Piso,1.0,1.0,48.0,,0,22
5018,10,Fuencarral,3491,102000,Loft,,1.0,58.0,2.0,1,22
5019,10,Fuencarral,3491,405000,Piso,3.0,2.0,130.0,,1,22
5020,10,Fuencarral,3491,485000,Piso,3.0,2.0,100.0,2.0,1,22
5021,10,Fuencarral,3491,72000,Piso,3.0,1.0,50.0,3.0,0,22
5022,10,Fuencarral,3491,1250000,Casa o chalet,5.0,4.0,620.0,,1,22
5023,10,Fuencarral,3491,137865,Piso,3.0,1.0,90.0,1.0,0,22
5024,10,Fuencarral,3491,279000,Piso,1.0,1.0,53.0,6.0,1,22
5025,10,Fuencarral,3491,620000,Casa o chalet,4.0,3.0,238.0,,1,22
5026,10,Fuencarral,3491,137000,Piso,3.0,1.0,65.0,,0,22
5027,10,Fuencarral,3491,1930000,Casa adosada,5.0,6.0,547.0,,1,22
5028,10,Fuencarral,3491,354000,Piso,3.0,2.0,129.0,,1,22
5029,10,Fuencarral,3491,137865,Piso,3.0,1.0,90.0,1.0,0,22
5030,10,Fuencarral,3491,990000,Casa adosada,6.0,5.0,513.0,,1,22
5031,10,Fuencarral,3491,618500,Piso,3.0,2.0,161.0,1.0,1,22
5032,10,Fuencarral,3491,485000,Piso,3.0,2.0,100.0,2.0,1,22
5033,10,Fuencarral,3491,699000,Piso,4.0,2.0,161.0,,1,22
5034,10,Fuencarral,3491,114000,Piso,2.0,1.0,60.0,2.0,0,22
5035,10,Fuencarral,3491,256000,Piso,1.0,1.0,62.0,1.0,1,22
5036,10,Fuencarral,3491,2420000,Casa o chalet,6.0,6.0,554.0,,1,22
5037,10,Fuencarral,3491,885000,Casa adosada,4.0,4.0,271.0,,1,22
5038,10,Fuencarral,3491,539000,Piso,3.0,2.0,150.0,5.0,1,22
5039,10,Fuencarral,3491,137000,Piso,3.0,1.0,65.0,,0,22
5040,10,Fuencarral,3491,8000000,Ático,13.0,10.0,1165.0,13.0,1,22
5041,10,Fuencarral,3491,162000,Piso,1.0,1.0,40.0,,0,22
5042,10,Fuencarral,3491,377000,Piso,2.0,2.0,83.0,7.0,0,22
5043,10,Fuencarral,3491,570000,Piso,2.0,2.0,101.0,,0,22
5044,10,Fuencarral,3491,137865,Piso,3.0,1.0,90.0,1.0,0,22
5045,10,Fuencarral,3491,137000,Piso,3.0,1.0,65.0,,0,22
5046,10,Fuencarral,3491,445000,Piso,4.0,2.0,112.0,1.0,0,22
5047,10,Fuencarral,3491,620000,Casa o chalet,4.0,3.0,238.0,,1,22
5048,10,Fuencarral,3491,210000,Estudio,,1.0,34.0,5.0,0,22
5049,10,Fuencarral,3491,675000,Piso,5.0,3.0,207.0,1.0,1,22
5050,10,Fuencarral,3491,498000,Piso,1.0,1.0,75.0,,0,22
5051,10,Fuencarral,3491,485000,Piso,3.0,2.0,100.0,2.0,1,22
5052,10,Fuencarral,3491,485000,Piso,3.0,2.0,100.0,2.0,1,22
5053,10,Fuencarral,3491,620000,Casa o chalet,4.0,3.0,238.0,,1,22
5054,10,Fuencarral,3491,485000,Piso,3.0,2.0,100.0,2.0,1,22
5055,10,Fuencarral,3491,256000,Piso,1.0,1.0,62.0,1.0,1,22
5056,10,Fuencarral,3491,256000,Piso,1.0,1.0,62.0,1.0,1,22
5057,10,Fuencarral,3491,240000,Dúplex,3.0,2.0,135.0,6.0,1,22
5058,10,Fuencarral,3491,675000,Piso,5.0,3.0,207.0,1.0,1,22
5059,10,Fuencarral,3491,137865,Piso,3.0,1.0,90.0,1.0,0,22
5060,10,Fuencarral,3491,196000,Piso,4.0,2.0,106.0,,0,22
5061,10,Fuencarral,3491,256000,Piso,1.0,1.0,62.0,1.0,1,22
5062,10,Fuencarral,3491,174000,Piso,3.0,2.0,100.0,,0,22
5063,10,Fuencarral,3491,137000,Piso,3.0,1.0,65.0,,0,22
5064,10,Fuencarral,3491,92000,Piso,3.0,1.0,44.0,,0,22
5065,10,Fuencarral,3491,675000,Piso,5.0,3.0,207.0,1.0,1,22
5066,10,Fuencarral,3491,485000,Piso,3.0,2.0,100.0,2.0,1,22
5067,10,Fuencarral,3491,236000,Piso,1.0,1.0,41.0,7.0,0,22
5068,10,Fuencarral,3491,435000,Piso,2.0,2.0,52.0,2.0,0,22
5069,10,Fuencarral,3491,260000,Piso,2.0,1.0,60.0,2.0,0,22
5070,10,Fuencarral,3491,1250000,Casa adosada,3.0,4.0,660.0,,1,22
5071,10,Fuencarral,3491,980000,Casa o chalet,2.0,2.0,125.0,,1,22
5072,10,Fuencarral,3491,1560000,Ático,2.0,2.0,155.0,,1,22
5073,10,Fuencarral,3491,780000,Casa adosada,7.0,4.0,270.0,,1,22
5074,10,Fuencarral,3491,1200000,Piso,4.0,4.0,242.0,4.0,1,22
5075,10,Fuencarral,3491,675000,Piso,5.0,3.0,207.0,1.0,1,22
5076,10,Fuencarral,3491,389000,Piso,,,59.0,,0,22
5077,10,Fuencarral,3491,973200,Dúplex,2.0,2.0,132.0,9.0,0,22
5078,10,Fuencarral,3491,354000,Piso,3.0,2.0,129.0,,1,22
5079,10,Fuencarral,3491,181000,Piso,1.0,1.0,51.0,,0,22
5080,10,Fuencarral,3491,1050000,Casa adosada,4.0,4.0,250.0,,1,22
5081,10,Fuencarral,3491,539000,Piso,3.0,2.0,150.0,5.0,1,22
5082,10,Fuencarral,3491,137865,Piso,3.0,1.0,90.0,1.0,0,22
5083,10,Fuencarral,3491,135000,Piso,3.0,1.0,73.0,5.0,0,22
5084,10,Fuencarral,3491,450000,Piso,1.0,1.0,90.0,4.0,1,22
5085,10,Fuencarral,3491,620000,Casa o chalet,4.0,3.0,238.0,,1,22
5086,10,Fuencarral,3491,990000,Casa adosada,6.0,5.0,513.0,,1,22
5087,10,Fuencarral,3491,889000,Casa o chalet,7.0,5.0,447.0,,1,22
5088,10,Fuencarral,3491,539000,Piso,3.0,2.0,150.0,5.0,1,22
5089,10,Fuencarral,3491,137000,Piso,3.0,1.0,65.0,,0,22
5090,10,Fuencarral,3491,2400000,Piso,3.0,4.0,218.0,4.0,0,22
5091,10,Fuencarral,3491,137865,Piso,3.0,1.0,90.0,1.0,0,22
5092,10,Fuencarral,3491,620000,Casa o chalet,4.0,3.0,238.0,,1,22
5093,10,Fuencarral,3491,485000,Piso,3.0,2.0,100.0,2.0,1,22
5094,10,Fuencarral,3491,539000,Piso,3.0,2.0,150.0,5.0,1,22
5095,10,Fuencarral,3491,485000,Dúplex,3.0,3.0,148.0,3.0,1,22
5096,10,Fuencarral,3491,480000,Piso,3.0,2.0,151.0,1.0,1,22
5097,10,Fuencarral,3491,354000,Piso,3.0,2.0,129.0,,1,22
5098,10,Fuencarral,3491,1700000,Casa o chalet,5.0,5.0,521.0,,1,22
5099,10,Fuencarral,3491,377000,Piso,2.0,2.0,104.0,1.0,0,22
5100,10,Fuencarral,3491,1215000,Casa adosada,4.0,3.0,280.0,,1,22
5101,10,Fuencarral,3491,1200000,Casa adosada,3.0,4.0,660.0,,1,22
5102,10,Fuencarral,3491,137865,Piso,3.0,1.0,90.0,1.0,0,22
5103,10,Fuencarral,3491,85000,Piso,3.0,1.0,65.0,2.0,0,22
5104,10,Fuencarral,3491,485000,Piso,3.0,2.0,100.0,2.0,1,22
5105,10,Fuencarral,3491,256000,Piso,1.0,1.0,62.0,1.0,1,22
5106,10,Fuencarral,3491,143170,Piso,3.0,1.0,83.0,,0,22
5107,10,Fuencarral,3491,137000,Piso,3.0,1.0,65.0,,0,22
5108,10,Fuencarral,3491,381000,Piso,1.0,2.0,100.0,2.0,1,22
5109,10,Fuencarral,3491,135000,Piso,2.0,1.0,54.0,,0,22
5110,10,Fuencarral,3491,499000,Piso,4.0,3.0,104.0,,0,22
5111,10,Fuencarral,3491,140275,Piso,3.0,1.0,67.0,2.0,0,22
5112,10,Fuencarral,3491,1068000,Piso,3.0,3.0,220.0,3.0,0,22
5113,10,Fuencarral,3491,350000,Piso,2.0,2.0,85.0,,1,22
5114,10,Fuencarral,3491,410000,Piso,4.0,2.0,146.0,6.0,1,22
5115,10,Fuencarral,3491,256000,Piso,1.0,1.0,62.0,1.0,1,22
5116,10,Fuencarral,3491,620000,Casa o chalet,4.0,3.0,238.0,,1,22
5117,10,Fuencarral,3491,256000,Piso,1.0,1.0,62.0,1.0,1,22
5118,10,Fuencarral,3491,2490000,Casa adosada,7.0,7.0,835.0,,1,22
5119,10,Fuencarral,3491,164000,Piso,2.0,1.0,48.0,,0,22
5120,10,Fuencarral,3491,162000,Piso,3.0,1.0,73.0,,0,22
5121,10,Fuencarral,3491,889000,Casa o chalet,7.0,5.0,447.0,,1,22
5122,10,Fuencarral,3491,1975000,Casa o chalet,7.0,5.0,710.0,,1,22
5123,10,Fuencarral,3491,485000,Piso,3.0,2.0,100.0,2.0,1,22
5124,10,Fuencarral,3491,620000,Piso,5.0,2.0,191.0,1.0,0,22
5125,10,Fuencarral,3491,850000,Dúplex,4.0,4.0,295.0,,1,22
5126,10,Fuencarral,3491,142000,Piso,2.0,1.0,59.0,,0,22
5127,10,Fuencarral,3491,2200000,Piso,4.0,4.0,301.0,2.0,0,22
5128,10,Fuencarral,3491,160000,Piso,3.0,2.0,62.0,1.0,0,22
5129,10,Fuencarral,3491,85000,Piso,3.0,1.0,50.0,,0,22
5130,10,Fuencarral,3491,539000,Piso,3.0,2.0,150.0,5.0,1,22
5131,10,Fuencarral,3491,262500,Ático,4.0,2.0,135.0,3.0,0,22
5132,10,Fuencarral,3491,1120000,Piso,3.0,2.0,135.0,,0,22
5133,10,Fuencarral,3491,280000,Piso,2.0,1.0,58.0,1.0,0,22
5134,10,Fuencarral,3491,1200000,Piso,3.0,3.0,210.0,3.0,0,22
5135,10,Fuencarral,3491,150000,Piso,2.0,1.0,60.0,2.0,0,22
5136,10,Fuencarral,3491,2475000,Casa o chalet,6.0,6.0,633.0,,1,22
5137,10,Fuencarral,3491,300000,Piso,1.0,1.0,55.0,5.0,1,22
5138,10,Fuencarral,3491,485000,Piso,3.0,2.0,100.0,2.0,1,22
5139,10,Fuencarral,3491,895000,Piso,3.0,2.0,201.0,2.0,0,22
5140,10,Fuencarral,3491,137865,Piso,3.0,1.0,90.0,1.0,0,22
5141,10,Fuencarral,3491,370000,Piso,3.0,1.0,80.0,,0,22
5142,10,Fuencarral,3491,94800,Piso,3.0,1.0,70.0,2.0,0,22
5143,10,Fuencarral,3491,1930000,Casa adosada,5.0,6.0,547.0,,1,22
5144,10,Fuencarral,3491,415000,Piso,,,105.0,1.0,0,22
5145,10,Fuencarral,3491,990000,Piso,6.0,5.0,268.0,3.0,1,22
5146,10,Fuencarral,3491,166000,Piso,3.0,1.0,102.0,2.0,0,22
5147,10,Fuencarral,3491,1700000,Casa o chalet,5.0,5.0,521.0,,1,22
5148,10,Fuencarral,3491,86000,Piso,1.0,1.0,36.0,1.0,0,22
5149,10,Fuencarral,3491,390000,Piso,2.0,2.0,50.0,3.0,0,22
5150,10,Fuencarral,3491,1280000,Piso,4.0,5.0,243.0,2.0,0,22
5151,10,Fuencarral,3491,147000,Piso,4.0,2.0,92.0,9.0,0,22
5152,10,Fuencarral,3491,215000,Piso,3.0,1.0,75.0,3.0,0,22
5153,10,Fuencarral,3491,335000,Piso,2.0,2.0,100.0,2.0,0,22
5154,10,Fuencarral,3491,495000,Dúplex,1.0,1.0,75.0,3.0,0,22
5155,10,Fuencarral,3491,354000,Piso,3.0,2.0,129.0,,1,22
5156,10,Fuencarral,3491,485000,Piso,3.0,2.0,100.0,2.0,1,22
5157,10,Fuencarral,3491,225000,Piso,2.0,1.0,65.0,,0,22
5158,10,Fuencarral,3491,465000,Piso,3.0,2.0,118.0,1.0,0,22
5159,10,Fuencarral,3491,137000,Piso,3.0,1.0,65.0,,0,22
5160,10,Fuencarral,3491,137865,Piso,3.0,1.0,90.0,1.0,0,22
5161,10,Fuencarral,3491,119900,Piso,2.0,1.0,34.0,1.0,0,22
5162,10,Fuencarral,3491,575000,Piso,3.0,3.0,93.0,6.0,0,22
5163,10,Fuencarral,3491,100000,Piso,3.0,1.0,64.0,3.0,0,22
5164,10,Fuencarral,3491,525000,Piso,2.0,2.0,99.0,,1,22
5165,10,Fuencarral,3491,354000,Piso,3.0,2.0,129.0,,1,22
5166,10,Fuencarral,3491,890000,Piso,5.0,4.0,210.0,6.0,1,22
5167,10,Fuencarral,3491,738000,Casa o chalet,3.0,2.0,148.0,,0,22
5168,10,Fuencarral,3491,700000,Piso,4.0,3.0,280.0,2.0,1,22
5169,10,Fuencarral,3491,485000,Piso,3.0,2.0,100.0,2.0,1,22
5170,10,Fuencarral,3491,299000,Piso,3.0,2.0,90.0,1.0,0,22
5171,10,Fuencarral,3491,240000,Piso,3.0,2.0,87.0,7.0,0,22
5172,10,Fuencarral,3491,1900000,Casa adosada,6.0,6.0,613.0,,0,22
5173,10,Fuencarral,3491,485000,Piso,3.0,2.0,100.0,2.0,1,22
5174,10,Fuencarral,3491,819000,Casa adosada,5.0,3.0,420.0,,1,22
5175,10,Fuencarral,3491,895000,Piso,4.0,4.0,233.0,1.0,1,22
5176,10,Fuencarral,3491,1399000,Piso,4.0,4.0,218.0,6.0,0,22
5177,10,Fuencarral,3491,335000,Piso,2.0,2.0,100.0,2.0,0,22
5178,10,Fuencarral,3491,1268200,Dúplex,7.0,5.0,394.0,2.0,1,22
5179,10,Fuencarral,3491,930000,Casa adosada,6.0,6.0,382.0,,1,22
5180,10,Fuencarral,3491,780000,Casa adosada,7.0,4.0,270.0,,1,22
5181,10,Fuencarral,3491,850000,Dúplex,4.0,4.0,295.0,,1,22
5182,10,Fuencarral,3491,354000,Piso,3.0,2.0,129.0,,1,22
5183,10,Fuencarral,3491,485000,Piso,3.0,2.0,100.0,2.0,1,22
5184,10,Fuencarral,3491,260000,Apartamento,1.0,1.0,50.0,1.0,0,22
5185,10,Fuencarral,3491,256000,Piso,1.0,1.0,62.0,1.0,1,22
5186,10,Fuencarral,3491,112001,Piso,2.0,1.0,71.0,8.0,0,22
5187,10,Fuencarral,3491,575000,Casa o chalet,2.0,2.0,110.0,,0,22
5188,10,Fuencarral,3491,485000,Piso,3.0,2.0,100.0,2.0,1,22
5189,10,Fuencarral,3491,360000,Piso,4.0,3.0,140.0,1.0,1,22
5190,10,Fuencarral,3491,550000,Piso,4.0,2.0,153.0,12.0,0,22
5191,10,Fuencarral,3491,137000,Piso,3.0,1.0,65.0,,0,22
5192,10,Fuencarral,3491,725000,Piso,4.0,3.0,167.0,,1,22
5193,10,Fuencarral,3491,485000,Piso,3.0,2.0,100.0,2.0,1,22
5194,10,Fuencarral,3491,560000,Piso,3.0,1.0,156.0,3.0,0,22
5195,10,Fuencarral,3491,329000,Piso,3.0,2.0,91.0,3.0,0,22
5196,10,Fuencarral,3491,620000,Casa o chalet,4.0,3.0,238.0,,1,22
5197,10,Fuencarral,3491,485000,Piso,3.0,2.0,100.0,2.0,1,22
5198,10,Fuencarral,3491,178000,Piso,3.0,1.0,60.0,3.0,0,22
5199,10,Fuencarral,3491,675000,Piso,5.0,3.0,207.0,1.0,1,22
5200,10,Fuencarral,3491,187000,Piso,1.0,1.0,50.0,,0,22
5201,10,Fuencarral,3491,137865,Piso,3.0,1.0,90.0,1.0,0,22
5202,10,Fuencarral,3491,819000,Casa adosada,5.0,3.0,420.0,,1,22
5203,10,Fuencarral,3491,256000,Piso,1.0,1.0,62.0,1.0,1,22
5204,10,Fuencarral,3491,485000,Piso,3.0,2.0,100.0,2.0,1,22
5205,10,Fuencarral,3491,109190,Piso,3.0,1.0,51.0,8.0,0,22
5206,10,Fuencarral,3491,485000,Piso,3.0,2.0,100.0,2.0,1,22
5207,10,Fuencarral,3491,1620000,Casa adosada,8.0,7.0,653.0,,1,22
5208,10,Fuencarral,3491,100000,Piso,3.0,1.0,57.0,8.0,0,22
5209,10,Fuencarral,3491,280000,Piso,3.0,2.0,94.0,2.0,0,22
5210,10,Fuencarral,3491,1490000,Casa o chalet,,1.0,660.0,6.0,0,22
5211,10,Fuencarral,3491,159900,Piso,2.0,1.0,50.0,,0,22
5212,10,Fuencarral,3491,2200000,Piso,5.0,5.0,320.0,,1,22
5213,10,Fuencarral,3491,335000,Piso,2.0,2.0,100.0,2.0,0,22
5214,10,Fuencarral,3491,1980000,Casa adosada,6.0,5.0,675.0,,1,22
5215,10,Fuencarral,3491,125000,Piso,3.0,1.0,55.0,1.0,0,22
5216,10,Fuencarral,3491,550000,Piso,5.0,3.0,135.0,,1,22
5217,10,Fuencarral,3491,750000,Piso,4.0,2.0,175.0,,1,22
5218,10,Fuencarral,3491,97000,Piso,3.0,1.0,68.0,2.0,0,22
5219,10,Fuencarral,3491,256000,Piso,1.0,1.0,62.0,1.0,1,22
5220,10,Fuencarral,3491,295000,Piso,3.0,1.0,121.0,3.0,0,22
5221,10,Fuencarral,3491,1750000,Piso,2.0,2.0,139.0,6.0,1,22
5222,10,Fuencarral,3491,137000,Piso,3.0,1.0,65.0,,0,22
5223,10,Fuencarral,3491,137865,Piso,3.0,1.0,90.0,1.0,0,22
5224,10,Fuencarral,3491,137865,Piso,3.0,1.0,90.0,1.0,0,22
5225,10,Fuencarral,3491,1790000,Casa o chalet,6.0,6.0,690.0,,0,22
5226,10,Fuencarral,3491,155000,Piso,3.0,2.0,110.0,2.0,0,22
5227,10,Fuencarral,3491,1150000,Casa o chalet,3.0,4.0,300.0,,1,22
5228,10,Fuencarral,3491,197060,Piso,,,74.0,,0,22
5229,10,Fuencarral,3491,256000,Piso,1.0,1.0,62.0,1.0,1,22
5230,10,Fuencarral,3491,549000,Piso,3.0,2.0,112.0,3.0,1,22
5231,10,Fuencarral,3491,118900,Piso,2.0,1.0,54.0,,0,22
5232,10,Fuencarral,3491,995000,Piso,4.0,3.0,209.0,6.0,0,22
5233,10,Fuencarral,3491,675000,Piso,5.0,3.0,207.0,1.0,1,22
5234,10,Fuencarral,3491,168000,Piso,3.0,1.0,55.0,3.0,0,22
5235,10,Fuencarral,3491,160000,Piso,2.0,1.0,67.0,,0,22
5236,10,Fuencarral,3491,377000,Piso,2.0,2.0,104.0,1.0,1,22
5237,10,Fuencarral,3491,485000,Piso,3.0,2.0,100.0,2.0,1,22
5238,10,Fuencarral,3491,330000,Apartamento,1.0,1.0,55.0,,0,22
5239,10,Fuencarral,3491,235000,Piso,3.0,1.0,75.0,5.0,1,22
5240,10,Fuencarral,3491,450000,Piso,2.0,1.0,88.0,,0,22
5241,10,Fuencarral,3491,539000,Piso,3.0,2.0,150.0,5.0,1,22
5242,10,Fuencarral,3491,137000,Piso,3.0,1.0,65.0,,0,22
5243,10,Fuencarral,3491,93000,Estudio,,1.0,34.0,,0,22
5244,10,Fuencarral,3491,169500,Estudio,1.0,1.0,39.0,,0,22
5245,10,Fuencarral,3491,256000,Piso,1.0,1.0,62.0,1.0,1,22
5246,10,Fuencarral,3491,780000,Casa adosada,7.0,4.0,270.0,,1,22
5247,10,Fuencarral,3491,215000,Piso,2.0,1.0,49.0,,0,22
5248,10,Fuencarral,3491,715000,Piso,4.0,2.0,160.0,12.0,1,22
5249,10,Fuencarral,3491,380000,Casa adosada,4.0,2.0,90.0,,0,22
5250,10,Fuencarral,3491,585000,Piso,4.0,2.0,189.0,9.0,0,22
5251,10,Fuencarral,3491,190000,Piso,3.0,1.0,83.0,4.0,0,22
5252,10,Fuencarral,3491,675000,Piso,5.0,3.0,207.0,1.0,1,22
5253,10,Fuencarral,3491,180000,Piso,2.0,1.0,77.0,2.0,1,22
5254,8,Hortaleza,3668,170000,Piso,1.0,1.0,50.0,1.0,0,15
5255,8,Hortaleza,3668,3960000,Casa adosada,7.0,11.0,650.0,,1,15
5256,8,Hortaleza,3668,170000,Piso,1.0,1.0,50.0,1.0,0,15
5257,8,Hortaleza,3668,99900,Piso,3.0,1.0,69.0,3.0,0,15
5258,8,Hortaleza,3668,490000,Piso,2.0,2.0,101.0,3.0,1,15
5259,8,Hortaleza,3668,255000,Piso,,1.0,36.0,,1,15
5260,8,Hortaleza,3668,299000,Piso,4.0,2.0,84.0,7.0,1,15
5261,8,Hortaleza,3668,598000,Piso,3.0,2.0,121.0,3.0,1,15
5262,8,Hortaleza,3668,2200000,Casa o chalet,5.0,4.0,800.0,,1,15
5263,8,Hortaleza,3668,125000,Piso,2.0,1.0,68.0,3.0,0,15
5264,8,Hortaleza,3668,830000,Piso,4.0,2.0,191.0,3.0,0,15
5265,8,Hortaleza,3668,499000,Piso,3.0,2.0,119.0,2.0,1,15
5266,8,Hortaleza,3668,235000,Piso,1.0,,49.0,6.0,0,15
5267,8,Hortaleza,3668,214000,Piso,3.0,1.0,72.0,4.0,0,15
5268,8,Hortaleza,3668,545000,Piso,4.0,3.0,164.0,,1,15
5269,8,Hortaleza,3668,148000,Piso,2.0,1.0,77.0,6.0,0,15
5270,8,Hortaleza,3668,170000,Piso,1.0,1.0,50.0,1.0,0,15
5271,8,Hortaleza,3668,3200000,Casa adosada,5.0,7.0,740.0,,1,15
5272,8,Hortaleza,3668,600000,Piso,3.0,2.0,128.0,4.0,1,15
5273,8,Hortaleza,3668,475000,Piso,3.0,2.0,108.0,1.0,0,15
5274,8,Hortaleza,3668,620000,Piso,4.0,3.0,163.0,3.0,1,15
5275,8,Hortaleza,3668,1850000,Piso,6.0,4.0,296.0,4.0,1,15
5276,8,Hortaleza,3668,355000,Piso,2.0,2.0,61.0,2.0,0,15
5277,8,Hortaleza,3668,595000,Piso,4.0,2.0,135.0,6.0,1,15
5278,8,Hortaleza,3668,520000,Dúplex,4.0,3.0,156.0,,1,15
5279,8,Hortaleza,3668,269000,Piso,4.0,2.0,125.0,1.0,0,15
5280,8,Hortaleza,3668,212000,Piso,3.0,1.0,76.0,,0,15
5281,8,Hortaleza,3668,219000,Loft,,2.0,101.0,1.0,0,15
5282,8,Hortaleza,3668,142000,Piso,3.0,1.0,79.0,,0,15
5283,8,Hortaleza,3668,235000,Piso,1.0,,49.0,6.0,0,15
5284,8,Hortaleza,3668,695000,Piso,2.0,1.0,68.0,,0,15
5285,8,Hortaleza,3668,235000,Apartamento,1.0,1.0,60.0,2.0,0,15
5286,8,Hortaleza,3668,170000,Piso,1.0,1.0,50.0,1.0,0,15
5287,8,Hortaleza,3668,295000,Piso,1.0,1.0,56.0,,0,15
5288,8,Hortaleza,3668,355000,Piso,2.0,2.0,127.0,1.0,1,15
5289,8,Hortaleza,3668,1160000,Piso,5.0,3.0,220.0,6.0,1,15
5290,8,Hortaleza,3668,1133000,Casa adosada,5.0,6.0,258.0,,1,15
5291,8,Hortaleza,3668,915000,Piso,8.0,3.0,215.0,,0,15
5292,8,Hortaleza,3668,79000,Piso,2.0,2.0,50.0,,0,15
5293,8,Hortaleza,3668,545000,Piso,4.0,3.0,164.0,,1,15
5294,8,Hortaleza,3668,830000,Piso,5.0,3.0,275.0,1.0,1,15
5295,8,Hortaleza,3668,300000,Piso,3.0,2.0,115.0,4.0,0,15
5296,8,Hortaleza,3668,345000,Piso,2.0,1.0,72.0,,0,15
5297,8,Hortaleza,3668,545000,Piso,4.0,3.0,164.0,,1,15
5298,8,Hortaleza,3668,235000,Piso,1.0,,49.0,6.0,0,15
5299,8,Hortaleza,3668,245000,Apartamento,,1.0,46.0,,0,15
5300,8,Hortaleza,3668,1230000,Piso,4.0,5.0,361.0,1.0,0,15
5301,8,Hortaleza,3668,170000,Piso,1.0,1.0,50.0,1.0,0,15
5302,8,Hortaleza,3668,1750000,Casa o chalet,7.0,3.0,700.0,,1,15
5303,8,Hortaleza,3668,260000,Apartamento,1.0,1.0,50.0,1.0,1,15
5304,8,Hortaleza,3668,135000,Piso,2.0,1.0,50.0,5.0,0,15
5305,8,Hortaleza,3668,405000,Piso,2.0,1.0,74.0,2.0,0,15
5306,8,Hortaleza,3668,1300000,Casa adosada,5.0,5.0,300.0,,1,15
5307,8,Hortaleza,3668,82260,Casa o chalet,2.0,1.0,36.0,,0,15
5308,8,Hortaleza,3668,365000,Piso,4.0,2.0,128.0,1.0,1,15
5309,8,Hortaleza,3668,170000,Piso,1.0,1.0,50.0,1.0,0,15
5310,8,Hortaleza,3668,235000,Piso,1.0,,49.0,6.0,0,15
5311,8,Hortaleza,3668,170000,Piso,1.0,1.0,50.0,1.0,0,15
5312,8,Hortaleza,3668,209900,Piso,2.0,1.0,70.0,1.0,1,15
5313,8,Hortaleza,3668,137000,Piso,2.0,1.0,65.0,,0,15
5314,8,Hortaleza,3668,545000,Piso,4.0,3.0,164.0,,1,15
5315,8,Hortaleza,3668,190000,Piso,3.0,1.0,100.0,3.0,0,15
5316,8,Hortaleza,3668,2950000,Piso,5.0,,339.0,5.0,1,15
5317,8,Hortaleza,3668,115000,Piso,3.0,1.0,80.0,,0,15
5318,8,Hortaleza,3668,1320000,Piso,4.0,3.0,200.0,2.0,1,15
5319,8,Hortaleza,3668,620000,Piso,4.0,3.0,163.0,3.0,1,15
5320,8,Hortaleza,3668,214000,Piso,3.0,1.0,93.0,,0,15
5321,8,Hortaleza,3668,296000,Apartamento,2.0,1.0,69.0,,0,15
5322,8,Hortaleza,3668,535000,Piso,3.0,2.0,124.0,,1,15
5323,8,Hortaleza,3668,415000,Casa o chalet,4.0,2.0,150.0,,0,15
5324,8,Hortaleza,3668,999000,Piso,5.0,5.0,179.0,1.0,0,15
5325,8,Hortaleza,3668,465000,Piso,3.0,2.0,120.0,2.0,1,15
5326,8,Hortaleza,3668,1950000,Piso,4.0,3.0,290.0,3.0,1,15
5327,8,Hortaleza,3668,214000,Piso,2.0,1.0,78.0,4.0,0,15
5328,8,Hortaleza,3668,620000,Piso,4.0,3.0,163.0,3.0,1,15
5329,8,Hortaleza,3668,139000,Piso,3.0,1.0,90.0,3.0,0,15
5330,8,Hortaleza,3668,2400000,Piso,3.0,3.0,234.0,,0,15
5331,8,Hortaleza,3668,695000,Piso,4.0,3.0,116.0,1.0,0,15
5332,8,Hortaleza,3668,545000,Piso,3.0,2.0,120.0,2.0,1,15
5333,8,Hortaleza,3668,235000,Piso,1.0,1.0,49.0,6.0,0,15
5334,8,Hortaleza,3668,3100000,Casa o chalet,6.0,7.0,750.0,,1,15
5335,8,Hortaleza,3668,799000,Piso,4.0,3.0,190.0,4.0,0,15
5336,8,Hortaleza,3668,545000,Piso,3.0,2.0,155.0,,1,15
5337,8,Hortaleza,3668,1290000,Piso,3.0,3.0,142.0,1.0,0,15
5338,8,Hortaleza,3668,2850000,Piso,5.0,5.0,414.0,4.0,0,15
5339,8,Hortaleza,3668,4750000,Casa o chalet,7.0,10.0,1000.0,,1,15
5340,8,Hortaleza,3668,115000,Piso,2.0,1.0,52.0,,0,15
5341,8,Hortaleza,3668,175000,Piso,2.0,1.0,65.0,,0,15
5342,8,Hortaleza,3668,170000,Piso,1.0,1.0,50.0,1.0,0,15
5343,8,Hortaleza,3668,550000,Casa adosada,5.0,3.0,180.0,,1,15
5344,8,Hortaleza,3668,235000,Piso,1.0,,49.0,6.0,0,15
5345,8,Hortaleza,3668,155200,Piso,3.0,2.0,80.0,,0,15
5346,8,Hortaleza,3668,675000,Casa o chalet,13.0,13.0,513.0,,0,15
5347,8,Hortaleza,3668,99000,Apartamento,1.0,1.0,26.0,,0,15
5348,8,Hortaleza,3668,214800,Piso,2.0,1.0,68.0,3.0,1,15
5349,8,Hortaleza,3668,214000,Piso,3.0,1.0,93.0,,0,15
5350,8,Hortaleza,3668,1850000,Piso,7.0,4.0,422.0,1.0,1,15
5351,8,Hortaleza,3668,1475000,Casa o chalet,6.0,6.0,487.0,,1,15
5352,8,Hortaleza,3668,249000,Apartamento,1.0,1.0,43.0,2.0,0,15
5353,8,Hortaleza,3668,260000,Piso,1.0,1.0,65.0,,0,15
5354,8,Hortaleza,3668,820000,Piso,4.0,3.0,217.0,5.0,1,15
5355,8,Hortaleza,3668,1700000,Ático,1.0,1.0,123.0,7.0,1,15
5356,8,Hortaleza,3668,620000,Piso,4.0,3.0,163.0,3.0,1,15
5357,8,Hortaleza,3668,1200000,Piso,4.0,3.0,220.0,4.0,0,15
5358,8,Hortaleza,3668,214000,Piso,3.0,1.0,93.0,,0,15
5359,8,Hortaleza,3668,797000,Casa adosada,6.0,3.0,390.0,,0,15
5360,8,Hortaleza,3668,235000,Piso,1.0,,49.0,6.0,0,15
5361,8,Hortaleza,3668,249000,Piso,1.0,1.0,55.0,1.0,0,15
5362,8,Hortaleza,3668,240000,Piso,1.0,1.0,37.0,,0,15
5363,8,Hortaleza,3668,850000,Casa o chalet,5.0,4.0,216.0,,0,15
5364,8,Hortaleza,3668,170000,Piso,1.0,1.0,50.0,1.0,0,15
5365,8,Hortaleza,3668,147500,Piso,2.0,1.0,63.0,,0,15
5366,8,Hortaleza,3668,545000,Piso,4.0,3.0,164.0,,1,15
5367,8,Hortaleza,3668,1290000,Piso,4.0,2.0,165.0,6.0,0,15
5368,8,Hortaleza,3668,1250000,Casa o chalet,5.0,5.0,400.0,,1,15
5369,8,Hortaleza,3668,170000,Piso,1.0,1.0,50.0,1.0,0,15
5370,8,Hortaleza,3668,170000,Piso,1.0,1.0,50.0,1.0,0,15
5371,8,Hortaleza,3668,650000,Apartamento,1.0,1.0,87.0,,0,15
5372,8,Hortaleza,3668,200000,Ático,,1.0,47.0,4.0,1,15
5373,8,Hortaleza,3668,620000,Piso,4.0,3.0,163.0,3.0,1,15
5374,8,Hortaleza,3668,60900,Piso,3.0,2.0,93.0,6.0,0,15
5375,8,Hortaleza,3668,620000,Piso,4.0,3.0,163.0,3.0,1,15
5376,8,Hortaleza,3668,214000,Piso,3.0,1.0,93.0,,0,15
5377,8,Hortaleza,3668,170000,Piso,1.0,1.0,50.0,1.0,0,15
5378,8,Hortaleza,3668,1250000,Piso,6.0,3.0,292.0,4.0,1,15
5379,8,Hortaleza,3668,239235,Piso,1.0,1.0,58.0,,0,15
5380,8,Hortaleza,3668,2030000,Apartamento,3.0,4.0,238.0,,0,15
5381,8,Hortaleza,3668,545000,Piso,4.0,3.0,164.0,,1,15
5382,8,Hortaleza,3668,235000,Piso,1.0,,49.0,6.0,0,15
5383,8,Hortaleza,3668,180000,Piso,4.0,1.0,110.0,1.0,0,15
5384,8,Hortaleza,3668,390000,Piso,2.0,2.0,98.0,,1,15
5385,8,Hortaleza,3668,235000,Piso,1.0,,49.0,6.0,0,15
5386,8,Hortaleza,3668,620000,Piso,4.0,3.0,163.0,3.0,1,15
5387,8,Hortaleza,3668,545000,Piso,4.0,3.0,164.0,,1,15
5388,8,Hortaleza,3668,267000,Piso,3.0,2.0,90.0,1.0,1,15
5389,8,Hortaleza,3668,1295000,Piso,3.0,3.0,238.0,1.0,0,15
5390,8,Hortaleza,3668,695000,Casa adosada,4.0,3.0,295.0,,1,15
5391,8,Hortaleza,3668,230000,Estudio,,1.0,56.0,3.0,1,15
5392,8,Hortaleza,3668,112000,Piso,2.0,1.0,59.0,4.0,0,15
5393,8,Hortaleza,3668,129000,Piso,3.0,2.0,71.0,,0,15
5394,8,Hortaleza,3668,179000,Planta baja,2.0,2.0,54.0,,0,15
5395,8,Hortaleza,3668,525000,Piso,2.0,2.0,125.0,,1,15
5396,8,Hortaleza,3668,1775000,Piso,4.0,3.0,339.0,7.0,1,15
5397,8,Hortaleza,3668,695000,Piso,4.0,3.0,116.0,1.0,0,15
5398,8,Hortaleza,3668,143000,Piso,2.0,1.0,53.0,2.0,0,15
5399,8,Hortaleza,3668,181000,Piso,3.0,1.0,64.0,4.0,0,15
5400,8,Hortaleza,3668,620000,Piso,4.0,3.0,163.0,3.0,1,15
5401,8,Hortaleza,3668,399000,Piso,3.0,2.0,94.0,1.0,0,15
5402,8,Hortaleza,3668,240000,Piso,3.0,1.0,75.0,1.0,0,15
5403,8,Hortaleza,3668,157000,Piso,1.0,1.0,40.0,1.0,0,15
5404,8,Hortaleza,3668,218000,Piso,2.0,1.0,75.0,1.0,0,15
5405,8,Hortaleza,3668,355000,Piso,2.0,2.0,74.0,5.0,0,15
5406,8,Hortaleza,3668,149000,Apartamento,1.0,1.0,49.0,,0,15
5407,8,Hortaleza,3668,170000,Piso,1.0,1.0,50.0,1.0,0,15
5408,8,Hortaleza,3668,168000,Piso,2.0,1.0,72.0,,0,15
5409,8,Hortaleza,3668,399000,Piso,2.0,2.0,100.0,2.0,1,15
5410,8,Hortaleza,3668,324000,Piso,2.0,2.0,100.0,,1,15
5411,8,Hortaleza,3668,1085000,Piso,4.0,4.0,201.0,7.0,1,15
5412,8,Hortaleza,3668,121000,Piso,2.0,1.0,63.0,,0,15
5413,8,Hortaleza,3668,204000,Piso,3.0,1.0,95.0,,0,15
5414,8,Hortaleza,3668,350000,Piso,1.0,1.0,73.0,4.0,0,15
5415,8,Hortaleza,3668,360000,Piso,2.0,1.0,108.0,8.0,0,15
5416,8,Hortaleza,3668,170000,Piso,1.0,1.0,50.0,1.0,0,15
5417,8,Hortaleza,3668,214000,Piso,3.0,1.0,93.0,,0,15
5418,8,Hortaleza,3668,820000,Piso,5.0,4.0,235.0,1.0,1,15
5419,8,Hortaleza,3668,235000,Piso,1.0,,49.0,6.0,0,15
5420,8,Hortaleza,3668,660000,Piso,3.0,2.0,103.0,1.0,0,15
5421,8,Hortaleza,3668,4000000,Casa o chalet,6.0,6.0,1500.0,,1,15
5422,8,Hortaleza,3668,134500,Piso,3.0,1.0,63.0,,0,15
5423,8,Hortaleza,3668,108000,Piso,2.0,1.0,54.0,3.0,0,15
5424,8,Hortaleza,3668,620000,Piso,4.0,3.0,163.0,3.0,1,15
5425,8,Hortaleza,3668,545000,Piso,4.0,3.0,164.0,,1,15
5426,8,Hortaleza,3668,345000,Piso,3.0,2.0,103.0,,1,15
5427,8,Hortaleza,3668,159000,Piso,3.0,1.0,76.0,6.0,0,15
5428,8,Hortaleza,3668,620000,Piso,4.0,3.0,163.0,3.0,1,15
5429,8,Hortaleza,3668,235000,Piso,1.0,,49.0,6.0,0,15
5430,8,Hortaleza,3668,179000,Piso,2.0,1.0,62.0,,0,15
5431,8,Hortaleza,3668,780000,Casa adosada,3.0,4.0,209.0,,1,15
5432,8,Hortaleza,3668,1545000,Casa adosada,5.0,6.0,384.0,,1,15
5433,8,Hortaleza,3668,125000,Piso,4.0,2.0,80.0,2.0,0,15
5434,8,Hortaleza,3668,235000,Piso,1.0,,49.0,6.0,0,15
5435,8,Hortaleza,3668,472000,Piso,3.0,2.0,109.0,2.0,1,15
5436,8,Hortaleza,3668,2190000,Casa o chalet,5.0,4.0,500.0,,1,15
5437,8,Hortaleza,3668,214000,Piso,3.0,1.0,93.0,,0,15
5438,8,Hortaleza,3668,99900,Piso,3.0,1.0,55.0,3.0,0,15
5439,8,Hortaleza,3668,170000,Piso,1.0,1.0,50.0,1.0,0,15
5440,8,Hortaleza,3668,545000,Piso,4.0,3.0,164.0,,1,15
5441,8,Hortaleza,3668,795000,Ático,2.0,1.0,151.0,7.0,0,15
5442,8,Hortaleza,3668,255000,Piso,3.0,1.0,86.0,5.0,0,15
5443,8,Hortaleza,3668,1230000,Piso,4.0,5.0,361.0,1.0,0,15
5444,8,Hortaleza,3668,269900,Piso,3.0,1.0,80.0,2.0,0,15
5445,8,Hortaleza,3668,576000,Piso,5.0,3.0,190.0,2.0,0,15
5446,8,Hortaleza,3668,370000,Piso,2.0,2.0,80.0,5.0,1,15
5447,8,Hortaleza,3668,214900,Piso,3.0,2.0,85.0,2.0,0,15
5448,8,Hortaleza,3668,545000,Piso,4.0,3.0,164.0,,1,15
5449,8,Hortaleza,3668,789000,Ático,,2.0,178.0,,1,15
5450,8,Hortaleza,3668,235000,Piso,,,49.0,,0,15
5451,8,Hortaleza,3668,620000,Piso,4.0,3.0,163.0,3.0,1,15
5452,8,Hortaleza,3668,795000,Ático,4.0,2.0,172.0,7.0,1,15
5453,8,Hortaleza,3668,315000,Piso,4.0,2.0,128.0,2.0,1,15
5454,8,Hortaleza,3668,99000,Piso,3.0,1.0,55.0,,0,15
5455,8,Hortaleza,3668,255000,Piso,3.0,2.0,110.0,4.0,0,15
5456,8,Hortaleza,3668,505000,Piso,2.0,2.0,120.0,2.0,1,15
5457,8,Hortaleza,3668,235000,Piso,1.0,,49.0,6.0,0,15
5458,8,Hortaleza,3668,339000,Piso,2.0,2.0,91.0,5.0,1,15
5459,8,Hortaleza,3668,156000,Piso,1.0,1.0,31.0,1.0,0,15
5460,8,Hortaleza,3668,260000,Loft,2.0,2.0,100.0,1.0,1,15
5461,8,Hortaleza,3668,129000,Piso,4.0,2.0,174.0,,0,15
5462,8,Hortaleza,3668,2495000,Casa adosada,5.0,6.0,460.0,,1,15
5463,8,Hortaleza,3668,129900,Piso,3.0,1.0,81.0,1.0,0,15
5464,8,Hortaleza,3668,170000,Piso,1.0,1.0,50.0,1.0,0,15
5465,8,Hortaleza,3668,125000,Piso,2.0,1.0,55.0,,0,15
5466,8,Hortaleza,3668,460000,Piso,3.0,2.0,101.0,5.0,1,15
5467,8,Hortaleza,3668,1200000,Piso,6.0,3.0,292.0,4.0,1,15
5468,8,Hortaleza,3668,620000,Piso,5.0,2.0,143.0,1.0,1,15
5469,8,Hortaleza,3668,445000,Piso,2.0,2.0,71.0,4.0,0,15
5470,8,Hortaleza,3668,1230000,Piso,4.0,5.0,361.0,1.0,0,15
5471,8,Hortaleza,3668,830000,Piso,5.0,3.0,275.0,1.0,1,15
5472,8,Hortaleza,3668,214000,Piso,3.0,1.0,93.0,,0,15
5473,8,Hortaleza,3668,370000,Piso,4.0,1.0,89.0,1.0,0,15
5474,8,Hortaleza,3668,137000,Piso,2.0,1.0,60.0,2.0,0,15
5475,8,Hortaleza,3668,170000,Piso,1.0,1.0,50.0,1.0,0,15
5476,8,Hortaleza,3668,1150000,Ático,2.0,2.0,151.0,8.0,1,15
5477,8,Hortaleza,3668,260000,Dúplex,2.0,1.0,90.0,,0,15
5478,8,Hortaleza,3668,170000,Piso,3.0,1.0,79.0,2.0,1,15
5479,8,Hortaleza,3668,180000,Dúplex,1.0,1.0,64.0,,1,15
5480,8,Hortaleza,3668,240000,Piso,2.0,1.0,75.0,4.0,0,15
5481,8,Hortaleza,3668,175000,Piso,1.0,1.0,47.0,2.0,0,15
5482,8,Hortaleza,3668,228400,Piso,3.0,1.0,91.0,2.0,0,15
5483,8,Hortaleza,3668,170000,Piso,1.0,1.0,50.0,1.0,0,15
5484,8,Hortaleza,3668,2700000,Casa o chalet,5.0,5.0,1770.0,,1,15
5485,8,Hortaleza,3668,350000,Piso,4.0,2.0,117.0,11.0,0,15
5486,8,Hortaleza,3668,750000,Apartamento,1.0,1.0,81.0,1.0,1,15
5487,8,Hortaleza,3668,1800000,Casa o chalet,6.0,6.0,452.0,,1,15
5488,8,Hortaleza,3668,360000,Piso,2.0,1.0,109.0,8.0,0,15
5489,8,Hortaleza,3668,620000,Piso,4.0,3.0,163.0,3.0,1,15
5490,8,Hortaleza,3668,1780000,Piso,5.0,5.0,514.0,4.0,1,15
5491,8,Hortaleza,3668,895000,Piso,7.0,3.0,292.0,1.0,1,15
5492,8,Hortaleza,3668,331000,Piso,1.0,1.0,72.0,,1,15
5493,8,Hortaleza,3668,672000,Ático,3.0,2.0,126.0,6.0,1,15
5494,8,Hortaleza,3668,840000,Casa adosada,5.0,4.0,285.0,,1,15
5495,8,Hortaleza,3668,218000,Piso,2.0,1.0,62.0,1.0,0,15
5496,8,Hortaleza,3668,210000,Dúplex,2.0,2.0,70.0,2.0,1,15
5497,8,Hortaleza,3668,109000,Piso,3.0,1.0,71.0,,0,15
5498,8,Hortaleza,3668,170000,Piso,1.0,1.0,50.0,1.0,0,15
5499,8,Hortaleza,3668,235000,Piso,1.0,,49.0,6.0,0,15
5500,8,Hortaleza,3668,300000,Piso,3.0,2.0,115.0,4.0,0,15
5501,8,Hortaleza,3668,545000,Piso,4.0,3.0,164.0,,1,15
5502,8,Hortaleza,3668,3700000,Casa o chalet,5.0,7.0,807.0,,1,15
5503,8,Hortaleza,3668,775000,Piso,4.0,4.0,171.0,4.0,1,15
5504,8,Hortaleza,3668,125000,Piso,2.0,1.0,51.0,,0,15
5505,8,Hortaleza,3668,170000,Piso,1.0,1.0,50.0,1.0,0,15
5506,8,Hortaleza,3668,134900,Piso,3.0,1.0,85.0,3.0,0,15
5507,8,Hortaleza,3668,221000,Piso,4.0,1.0,86.0,,0,15
5508,8,Hortaleza,3668,1500000,Piso,5.0,4.0,303.0,,1,15
5509,8,Hortaleza,3668,142000,Piso,1.0,1.0,47.0,,1,15
5510,8,Hortaleza,3668,280000,Piso,1.0,1.0,60.0,1.0,0,15
5511,8,Hortaleza,3668,1690000,Casa o chalet,5.0,6.0,511.0,,1,15
5512,8,Hortaleza,3668,495000,Piso,3.0,2.0,110.0,,1,15
5513,8,Hortaleza,3668,620000,Piso,4.0,3.0,163.0,3.0,1,15
5514,8,Hortaleza,3668,150000,Loft,,1.0,80.0,5.0,0,15
5515,8,Hortaleza,3668,301500,Piso,2.0,1.0,101.0,,0,15
5516,8,Hortaleza,3668,170000,Piso,1.0,1.0,50.0,1.0,0,15
5517,8,Hortaleza,3668,7525000,Ático,,6.0,655.0,,1,15
5518,8,Hortaleza,3668,620000,Piso,4.0,3.0,163.0,3.0,1,15
5519,8,Hortaleza,3668,330000,Piso,2.0,1.0,90.0,4.0,1,15
5520,8,Hortaleza,3668,2200000,Casa o chalet,5.0,5.0,554.0,,1,15
5521,8,Hortaleza,3668,620000,Piso,4.0,3.0,163.0,3.0,1,15
5522,8,Hortaleza,3668,575000,Piso,,2.0,135.0,4.0,1,15
5523,8,Hortaleza,3668,499000,Piso,3.0,2.0,127.0,,1,15
5524,8,Hortaleza,3668,99000,Piso,2.0,1.0,66.0,3.0,0,15
5525,8,Hortaleza,3668,215000,Piso,3.0,1.0,67.0,,0,15
5526,8,Hortaleza,3668,450000,Piso,2.0,2.0,103.0,,1,15
5527,8,Hortaleza,3668,160000,Loft,1.0,1.0,42.0,,0,15
5528,8,Hortaleza,3668,840000,Piso,2.0,2.0,137.0,5.0,1,15
5529,8,Hortaleza,3668,122000,Piso,3.0,1.0,91.0,3.0,0,15
5530,8,Hortaleza,3668,585000,Piso,3.0,2.0,144.0,,1,15
5531,8,Hortaleza,3668,1650000,Casa o chalet,6.0,5.0,600.0,,1,15
5532,8,Hortaleza,3668,214000,Piso,3.0,1.0,93.0,,0,15
5533,8,Hortaleza,3668,162000,Piso,3.0,2.0,92.0,1.0,0,15
5534,8,Hortaleza,3668,598000,Piso,3.0,2.0,121.0,3.0,1,15
5535,8,Hortaleza,3668,620000,Piso,4.0,3.0,163.0,3.0,1,15
5536,8,Hortaleza,3668,235000,Piso,1.0,,49.0,6.0,0,15
5537,8,Hortaleza,3668,990000,Ático,3.0,3.0,141.0,3.0,1,15
5538,8,Hortaleza,3668,1350000,Piso,5.0,4.0,274.0,1.0,1,15
5539,8,Hortaleza,3668,169000,Piso,3.0,1.0,85.0,2.0,0,15
5540,8,Hortaleza,3668,2750000,Casa o chalet,8.0,7.0,1000.0,,1,15
5541,8,Hortaleza,3668,249000,Piso,3.0,1.0,65.0,4.0,0,15
5542,8,Hortaleza,3668,775000,Casa adosada,4.0,6.0,246.0,,0,15
5543,8,Hortaleza,3668,535000,Piso,3.0,1.0,90.0,2.0,0,15
5544,8,Hortaleza,3668,620000,Piso,4.0,3.0,163.0,3.0,1,15
5545,8,Hortaleza,3668,340000,Piso,,2.0,93.0,,0,15
5546,8,Hortaleza,3668,175000,Piso,2.0,1.0,70.0,,0,15
5547,8,Hortaleza,3668,365000,Piso,1.0,1.0,97.0,,1,15
5548,8,Hortaleza,3668,795000,Casa o chalet,4.0,3.0,291.0,,0,15
5549,8,Hortaleza,3668,620000,Piso,4.0,3.0,163.0,3.0,1,15
5550,8,Hortaleza,3668,850000,Piso,5.0,3.0,243.0,3.0,1,15
5551,8,Hortaleza,3668,20000,Casa o chalet,4.0,2.0,250.0,,0,15
5552,8,Hortaleza,3668,545000,Piso,4.0,3.0,164.0,,1,15
5553,8,Hortaleza,3668,591500,Piso,3.0,2.0,127.0,1.0,0,15
5554,8,Hortaleza,3668,899000,Piso,4.0,3.0,168.0,5.0,0,15
5555,8,Hortaleza,3668,620000,Piso,4.0,3.0,163.0,3.0,1,15
5556,8,Hortaleza,3668,149000,Piso,3.0,1.0,74.0,4.0,0,15
5557,8,Hortaleza,3668,499000,Piso,4.0,4.0,227.0,,0,15
5558,8,Hortaleza,3668,620000,Piso,4.0,3.0,163.0,3.0,1,15
5559,8,Hortaleza,3668,275000,Piso,3.0,2.0,105.0,,1,15
5560,8,Hortaleza,3668,235000,Piso,1.0,,49.0,6.0,0,15
5561,8,Hortaleza,3668,167000,Dúplex,2.0,2.0,167.0,,0,15
5562,8,Hortaleza,3668,325000,Piso,3.0,1.0,107.0,4.0,0,15
5563,8,Hortaleza,3668,235000,Piso,1.0,,49.0,6.0,0,15
5564,8,Hortaleza,3668,1190000,Ático,5.0,4.0,221.0,4.0,1,15
5565,8,Hortaleza,3668,235000,Piso,4.0,2.0,103.0,2.0,0,15
5566,8,Hortaleza,3668,499000,Piso,3.0,2.0,140.0,1.0,1,15
5567,8,Hortaleza,3668,620000,Piso,4.0,3.0,163.0,3.0,1,15
5568,8,Hortaleza,3668,145000,Piso,2.0,1.0,52.0,,0,15
5569,8,Hortaleza,3668,269900,Ático,1.0,1.0,78.0,3.0,1,15
5570,8,Hortaleza,3668,1300000,Casa o chalet,,3.0,307.0,,1,15
5571,8,Hortaleza,3668,620000,Piso,4.0,3.0,163.0,3.0,1,15
5572,8,Hortaleza,3668,1155000,Casa adosada,6.0,5.0,450.0,,1,15
5573,8,Hortaleza,3668,620000,Piso,4.0,3.0,163.0,3.0,1,15
5574,8,Hortaleza,3668,185000,Piso,2.0,1.0,80.0,,1,15
5575,8,Hortaleza,3668,835000,Piso,2.0,2.0,157.0,2.0,0,15
5576,8,Hortaleza,3668,545000,Piso,4.0,3.0,164.0,,1,15
5577,8,Hortaleza,3668,179000,Ático,3.0,1.0,110.0,,0,15
5578,8,Hortaleza,3668,334500,Piso,2.0,1.0,89.0,,1,15
5579,8,Hortaleza,3668,915000,Casa o chalet,5.0,4.0,250.0,,1,15
5580,8,Hortaleza,3668,215000,Piso,3.0,2.0,95.0,,0,15
5581,8,Hortaleza,3668,530000,Piso,3.0,2.0,111.0,2.0,1,15
5582,8,Hortaleza,3668,618000,Piso,4.0,3.0,163.0,4.0,1,15
5583,8,Hortaleza,3668,775000,Casa o chalet,5.0,2.0,244.0,,1,15
5584,8,Hortaleza,3668,545000,Piso,4.0,3.0,164.0,,1,15
5585,8,Hortaleza,3668,620000,Piso,4.0,3.0,163.0,3.0,1,15
5586,8,Hortaleza,3668,139000,Piso,3.0,1.0,64.0,1.0,0,15
5587,8,Hortaleza,3668,269000,Piso,1.0,1.0,51.0,3.0,0,15
5588,8,Hortaleza,3668,620000,Piso,4.0,3.0,163.0,3.0,1,15
5589,8,Hortaleza,3668,235000,Estudio,1.0,1.0,51.0,6.0,1,15
5590,8,Hortaleza,3668,235000,Piso,1.0,,49.0,6.0,0,15
5591,8,Hortaleza,3668,170000,Piso,1.0,1.0,50.0,1.0,0,15
5592,8,Hortaleza,3668,170000,Piso,1.0,1.0,50.0,1.0,0,15
5593,8,Hortaleza,3668,530000,Piso,1.0,2.0,86.0,12.0,1,15
5594,8,Hortaleza,3668,2850000,Piso,,4.0,250.0,,0,15
5595,8,Hortaleza,3668,315000,Piso,1.0,1.0,57.0,6.0,0,15
5596,8,Hortaleza,3668,545000,Piso,4.0,3.0,164.0,,1,15
5597,8,Hortaleza,3668,170000,Piso,1.0,1.0,50.0,1.0,0,15
5598,8,Hortaleza,3668,620000,Piso,4.0,3.0,163.0,3.0,1,15
5599,8,Hortaleza,3668,119000,Piso,2.0,1.0,48.0,,0,15
5600,8,Hortaleza,3668,170000,Piso,1.0,1.0,50.0,1.0,0,15
5601,8,Hortaleza,3668,214000,Piso,3.0,1.0,93.0,,0,15
5602,8,Hortaleza,3668,259000,Piso,2.0,1.0,90.0,1.0,0,15
5603,8,Hortaleza,3668,545000,Piso,4.0,3.0,164.0,,1,15
5604,8,Hortaleza,3668,118500,Piso,3.0,1.0,64.0,,0,15
5605,8,Hortaleza,3668,1575000,Casa adosada,6.0,5.0,450.0,,1,15
5606,8,Hortaleza,3668,620000,Piso,4.0,3.0,163.0,3.0,1,15
5607,8,Hortaleza,3668,235000,Piso,1.0,,49.0,6.0,0,15
5608,8,Hortaleza,3668,260000,Piso,3.0,2.0,103.0,,0,15
5609,8,Hortaleza,3668,680000,Piso,3.0,2.0,135.0,4.0,1,15
5610,8,Hortaleza,3668,306000,Piso,2.0,1.0,65.0,5.0,0,15
5611,8,Hortaleza,3668,620000,Piso,4.0,3.0,163.0,3.0,1,15
5612,8,Hortaleza,3668,3100000,Piso,5.0,3.0,269.0,2.0,0,15
5613,8,Hortaleza,3668,214000,Piso,3.0,1.0,93.0,,0,15
5614,8,Hortaleza,3668,775000,Piso,4.0,4.0,171.0,4.0,1,15
5615,8,Hortaleza,3668,142000,Piso,3.0,1.0,73.0,4.0,0,15
5616,8,Hortaleza,3668,620000,Piso,4.0,3.0,163.0,3.0,1,15
5617,8,Hortaleza,3668,139000,Piso,3.0,1.0,77.0,1.0,0,15
5618,8,Hortaleza,3668,170000,Piso,1.0,1.0,50.0,1.0,0,15
5619,8,Hortaleza,3668,280000,Piso,3.0,1.0,88.0,,0,15
5620,8,Hortaleza,3668,1500000,Casa adosada,5.0,5.0,400.0,,1,15
5621,8,Hortaleza,3668,535000,Piso,4.0,2.0,153.0,3.0,0,15
5622,8,Hortaleza,3668,495000,Piso,2.0,1.0,66.0,,0,15
5623,8,Hortaleza,3668,175000,Piso,1.0,1.0,70.0,,0,15
5624,8,Hortaleza,3668,170000,Piso,1.0,1.0,50.0,1.0,0,15
5625,8,Hortaleza,3668,170000,Piso,1.0,1.0,50.0,1.0,0,15
5626,8,Hortaleza,3668,1980000,Casa o chalet,4.0,5.0,360.0,,1,15
5627,8,Hortaleza,3668,170000,Piso,1.0,1.0,50.0,1.0,0,15
5628,8,Hortaleza,3668,235000,Piso,1.0,,49.0,6.0,0,15
5629,8,Hortaleza,3668,330000,Piso,2.0,2.0,64.0,10.0,1,15
5630,8,Hortaleza,3668,285000,Piso,2.0,1.0,72.0,4.0,0,15
5631,8,Hortaleza,3668,2970000,Casa adosada,7.0,9.0,1100.0,,1,15
5632,8,Hortaleza,3668,289000,Piso,3.0,1.0,80.0,1.0,0,15
5633,8,Hortaleza,3668,620000,Piso,4.0,3.0,163.0,3.0,1,15
5634,8,Hortaleza,3668,199000,Piso,2.0,1.0,57.0,4.0,0,15
5635,8,Hortaleza,3668,252500,Piso,3.0,1.0,90.0,,0,15
5636,8,Hortaleza,3668,220000,Estudio,,1.0,56.0,3.0,1,15
5637,8,Hortaleza,3668,235000,Piso,1.0,,49.0,6.0,0,15
5638,8,Hortaleza,3668,620000,Piso,4.0,3.0,163.0,3.0,1,15
5639,8,Hortaleza,3668,679300,Piso,2.0,2.0,96.0,3.0,0,15
5640,8,Hortaleza,3668,159900,Piso,1.0,1.0,64.0,,0,15
5641,8,Hortaleza,3668,650000,Piso,4.0,3.0,118.0,1.0,0,15
5642,8,Hortaleza,3668,99000,Piso,2.0,1.0,50.0,,0,15
5643,8,Hortaleza,3668,520000,Planta baja,4.0,2.0,156.0,,1,15
5644,8,Hortaleza,3668,199000,Apartamento,1.0,1.0,39.0,,0,15
5645,8,Hortaleza,3668,410000,Piso,2.0,2.0,121.0,,0,15
5646,8,Hortaleza,3668,545000,Piso,4.0,3.0,164.0,,1,15
5647,8,Hortaleza,3668,255000,Apartamento,1.0,1.0,50.0,1.0,1,15
5648,8,Hortaleza,3668,1750000,Ático,2.0,2.0,183.0,,0,15
5649,8,Hortaleza,3668,325000,Piso,3.0,2.0,93.0,,1,15
5650,8,Hortaleza,3668,151000,Piso,3.0,2.0,93.0,3.0,0,15
5651,8,Hortaleza,3668,890000,Piso,6.0,2.0,160.0,6.0,0,15
5652,8,Hortaleza,3668,52700,Piso,3.0,1.0,56.0,,0,15
5653,8,Hortaleza,3668,305000,Piso,2.0,1.0,75.0,3.0,1,15
5654,8,Hortaleza,3668,137000,Planta baja,1.0,1.0,68.0,,0,15
5655,8,Hortaleza,3668,235000,Piso,1.0,,49.0,6.0,0,15
5656,8,Hortaleza,3668,235000,Piso,1.0,,49.0,6.0,0,15
5657,8,Hortaleza,3668,270000,Apartamento,1.0,1.0,51.0,,0,15
5658,8,Hortaleza,3668,575000,Piso,4.0,2.0,123.0,,0,15
5659,8,Hortaleza,3668,620000,Piso,4.0,3.0,163.0,3.0,1,15
5660,8,Hortaleza,3668,598000,Piso,3.0,2.0,121.0,3.0,1,15
5661,8,Hortaleza,3668,3100000,Casa o chalet,6.0,5.0,750.0,,1,15
5662,8,Hortaleza,3668,545000,Piso,4.0,3.0,164.0,,1,15
5663,8,Hortaleza,3668,214000,Piso,3.0,1.0,93.0,,0,15
5664,8,Hortaleza,3668,114500,Piso,3.0,1.0,77.0,,0,15
5665,8,Hortaleza,3668,499000,Piso,4.0,2.0,110.0,4.0,0,15
5666,8,Hortaleza,3668,545000,Piso,4.0,3.0,164.0,,1,15
5667,8,Hortaleza,3668,569000,Piso,5.0,2.0,119.0,6.0,0,15
5668,8,Hortaleza,3668,170000,Piso,1.0,1.0,50.0,1.0,0,15
5669,8,Hortaleza,3668,690000,Piso,2.0,1.0,85.0,4.0,1,15
5670,8,Hortaleza,3668,899000,Dúplex,4.0,2.0,180.0,,0,15
5671,8,Hortaleza,3668,165000,Apartamento,2.0,1.0,66.0,,0,15
5672,8,Hortaleza,3668,775000,Piso,4.0,4.0,171.0,4.0,1,15
5673,8,Hortaleza,3668,336000,Piso,4.0,2.0,108.0,3.0,0,15
5674,8,Hortaleza,3668,214000,Piso,3.0,1.0,93.0,,0,15
5675,8,Hortaleza,3668,169000,Piso,3.0,1.0,58.0,4.0,0,15
5676,8,Hortaleza,3668,170000,Piso,1.0,1.0,50.0,1.0,0,15
5677,8,Hortaleza,3668,225000,Estudio,,1.0,56.0,3.0,1,15
5678,8,Hortaleza,3668,250000,Piso,1.0,1.0,57.0,2.0,1,15
5679,8,Hortaleza,3668,122000,Piso,2.0,1.0,60.0,,0,15
5680,8,Hortaleza,3668,170000,Piso,1.0,1.0,50.0,1.0,0,15
5681,8,Hortaleza,3668,149000,Apartamento,1.0,1.0,46.0,1.0,1,15
5682,8,Hortaleza,3668,148000,Piso,2.0,1.0,77.0,6.0,0,15
5683,8,Hortaleza,3668,1125000,Piso,4.0,3.0,180.0,1.0,1,15
5684,8,Hortaleza,3668,1495000,Casa adosada,5.0,4.0,350.0,,1,15
5685,8,Hortaleza,3668,620000,Piso,4.0,3.0,163.0,3.0,1,15
5686,8,Hortaleza,3668,510000,Dúplex,2.0,2.0,110.0,,0,15
5687,8,Hortaleza,3668,695000,Piso,3.0,2.0,181.0,2.0,0,15
5688,8,Hortaleza,3668,427000,Piso,4.0,2.0,120.0,6.0,1,15
5689,8,Hortaleza,3668,620000,Piso,4.0,3.0,163.0,3.0,1,15
5690,8,Hortaleza,3668,540000,Piso,3.0,2.0,121.0,,1,15
5691,8,Hortaleza,3668,185000,Piso,2.0,1.0,56.0,2.0,0,15
5692,8,Hortaleza,3668,260000,Piso,3.0,1.0,89.0,7.0,0,15
5693,8,Hortaleza,3668,240000,Piso,1.0,1.0,49.0,2.0,0,15
5694,8,Hortaleza,3668,99000,Piso,2.0,1.0,52.0,,0,15
5695,8,Hortaleza,3668,214000,Piso,3.0,1.0,72.0,4.0,0,15
5696,8,Hortaleza,3668,620000,Piso,4.0,3.0,163.0,3.0,1,15
5697,8,Hortaleza,3668,109000,Piso,3.0,1.0,74.0,,0,15
5698,8,Hortaleza,3668,1300000,Casa adosada,5.0,6.0,423.0,,1,15
5699,17,Latina,2246,335000,Piso,2.0,2.0,100.0,2.0,0,20
5700,17,Latina,2246,105700,Casa o chalet,3.0,1.0,73.0,,0,20
5701,17,Latina,2246,125000,Piso,2.0,1.0,70.0,1.0,0,20
5702,17,Latina,2246,390000,Piso,3.0,1.0,84.0,4.0,0,20
5703,17,Latina,2246,159000,Piso,2.0,1.0,103.0,1.0,0,20
5704,17,Latina,2246,145000,Piso,2.0,1.0,63.0,,0,20
5705,17,Latina,2246,335000,Piso,3.0,2.0,95.0,2.0,1,20
5706,17,Latina,2246,297840,Piso,1.0,1.0,62.0,3.0,0,20
5707,17,Latina,2246,349000,Piso,2.0,2.0,72.0,4.0,0,20
5708,17,Latina,2246,285000,Dúplex,4.0,3.0,123.0,,0,20
5709,17,Latina,2246,349000,Piso,2.0,2.0,72.0,4.0,0,20
5710,17,Latina,2246,399000,Piso,5.0,2.0,184.0,3.0,1,20
5711,17,Latina,2246,335000,Piso,2.0,2.0,100.0,2.0,0,20
5712,17,Latina,2246,402900,Piso,2.0,1.0,86.0,1.0,0,20
5713,17,Latina,2246,119000,Piso,2.0,1.0,50.0,,0,20
5714,17,Latina,2246,125000,Piso,2.0,1.0,70.0,1.0,0,20
5715,17,Latina,2246,148000,Piso,3.0,2.0,71.0,,0,20
5716,17,Latina,2246,187000,Piso,3.0,1.0,81.0,4.0,0,20
5717,17,Latina,2246,139000,Piso,2.0,1.0,70.0,1.0,0,20
5718,17,Latina,2246,1300000,Piso,4.0,3.0,252.0,,0,20
5719,17,Latina,2246,185000,Piso,3.0,2.0,93.0,1.0,0,20
5720,17,Latina,2246,360000,Piso,2.0,2.0,122.0,4.0,1,20
5721,17,Latina,2246,3400000,Casa o chalet,6.0,7.0,1000.0,,0,20
5722,17,Latina,2246,100000,Piso,2.0,1.0,50.0,2.0,0,20
5723,17,Latina,2246,540000,Piso,2.0,2.0,100.0,,1,20
5724,17,Latina,2246,1300000,Piso,4.0,3.0,252.0,,0,20
5725,17,Latina,2246,70500,Piso,1.0,1.0,26.0,,0,20
5726,17,Latina,2246,117000,Piso,2.0,1.0,60.0,,0,20
5727,17,Latina,2246,196000,Planta baja,3.0,1.0,79.0,,0,20
5728,17,Latina,2246,190000,Apartamento,1.0,1.0,30.0,1.0,0,20
5729,17,Latina,2246,96000,Piso,3.0,1.0,75.0,3.0,0,20
5730,17,Latina,2246,925000,Piso,4.0,4.0,196.0,1.0,0,20
5731,17,Latina,2246,126000,Piso,3.0,1.0,72.0,,0,20
5732,17,Latina,2246,212500,Piso,1.0,1.0,69.0,,0,20
5733,17,Latina,2246,1025000,Piso,2.0,2.0,142.0,3.0,0,20
5734,17,Latina,2246,165000,Estudio,,1.0,38.0,,1,20
5735,17,Latina,2246,190000,Planta baja,3.0,2.0,129.0,,0,20
5736,17,Latina,2246,335000,Piso,2.0,2.0,100.0,2.0,0,20
5737,17,Latina,2246,162500,Apartamento,1.0,1.0,51.0,,0,20
5738,17,Latina,2246,630000,Ático,2.0,2.0,112.0,6.0,0,20
5739,17,Latina,2246,94000,Piso,2.0,1.0,56.0,,0,20
5740,17,Latina,2246,130000,Piso,,,68.0,,1,20
5741,17,Latina,2246,180000,Piso,5.0,2.0,115.0,,0,20
5742,17,Latina,2246,145000,Piso,2.0,1.0,63.0,,0,20
5743,17,Latina,2246,1025000,Piso,2.0,2.0,142.0,3.0,0,20
5744,17,Latina,2246,1300000,Piso,4.0,3.0,252.0,,0,20
5745,17,Latina,2246,1300000,Piso,4.0,3.0,252.0,,0,20
5746,17,Latina,2246,350000,Apartamento,1.0,1.0,73.0,2.0,0,20
5747,17,Latina,2246,365000,Piso,2.0,1.0,70.0,,0,20
5748,17,Latina,2246,1450000,Ático,3.0,3.0,230.0,7.0,0,20
5749,17,Latina,2246,119900,Piso,2.0,1.0,60.0,,0,20
5750,17,Latina,2246,150000,Piso,3.0,1.0,65.0,1.0,0,20
5751,17,Latina,2246,148000,Piso,2.0,1.0,77.0,6.0,0,20
5752,17,Latina,2246,279000,Piso,3.0,1.0,81.0,,0,20
5753,17,Latina,2246,175000,Piso,2.0,1.0,62.0,,1,20
5754,17,Latina,2246,350000,Piso,4.0,2.0,97.0,1.0,0,20
5755,17,Latina,2246,183500,Piso,3.0,2.0,83.0,3.0,0,20
5756,17,Latina,2246,130000,Piso,3.0,2.0,108.0,1.0,0,20
5757,17,Latina,2246,100000,Piso,2.0,1.0,50.0,2.0,0,20
5758,17,Latina,2246,148000,Piso,2.0,1.0,77.0,6.0,0,20
5759,17,Latina,2246,75500,Piso,2.0,1.0,62.0,,0,20
5760,17,Latina,2246,165750,Piso,1.0,1.0,37.0,,0,20
5761,17,Latina,2246,151000,Piso,2.0,1.0,61.0,4.0,0,20
5762,17,Latina,2246,145000,Apartamento,2.0,1.0,38.0,,0,20
5763,17,Latina,2246,105000,Piso,1.0,1.0,62.0,1.0,0,20
5764,17,Latina,2246,875000,Piso,4.0,3.0,200.0,7.0,1,20
5765,17,Latina,2246,97500,Piso,1.0,1.0,42.0,,0,20
5766,17,Latina,2246,175000,Piso,2.0,1.0,62.0,,1,20
5767,17,Latina,2246,280000,Piso,3.0,2.0,100.0,4.0,1,20
5768,17,Latina,2246,145000,Piso,2.0,1.0,63.0,,0,20
5769,17,Latina,2246,100000,Piso,2.0,1.0,50.0,2.0,0,20
5770,17,Latina,2246,150000,Piso,3.0,1.0,65.0,1.0,0,20
5771,17,Latina,2246,670000,Piso,2.0,2.0,83.0,1.0,0,20
5772,17,Latina,2246,175000,Piso,2.0,1.0,62.0,,1,20
5773,17,Latina,2246,152520,Piso,1.0,1.0,24.0,,0,20
5774,17,Latina,2246,145000,Piso,2.0,1.0,63.0,,0,20
5775,17,Latina,2246,175000,Piso,2.0,1.0,62.0,,1,20
5776,17,Latina,2246,165000,Piso,2.0,1.0,70.0,,0,20
5777,17,Latina,2246,210000,Piso,2.0,1.0,75.0,3.0,0,20
5778,17,Latina,2246,490000,Piso,4.0,3.0,169.0,3.0,0,20
5779,17,Latina,2246,124900,Apartamento,1.0,1.0,53.0,,0,20
5780,17,Latina,2246,139000,Piso,3.0,1.0,77.0,,0,20
5781,17,Latina,2246,349000,Piso,2.0,2.0,72.0,4.0,0,20
5782,17,Latina,2246,269000,Piso,4.0,2.0,145.0,2.0,0,20
5783,17,Latina,2246,180000,Piso,4.0,2.0,98.0,,0,20
5784,17,Latina,2246,145000,Piso,2.0,1.0,63.0,,0,20
5785,17,Latina,2246,335000,Piso,2.0,2.0,100.0,2.0,0,20
5786,17,Latina,2246,150000,Piso,4.0,2.0,104.0,,0,20
5787,17,Latina,2246,94000,Apartamento,1.0,1.0,41.0,,0,20
5788,17,Latina,2246,175000,Piso,2.0,1.0,62.0,,1,20
5789,17,Latina,2246,125000,Piso,2.0,1.0,70.0,1.0,0,20
5790,17,Latina,2246,150000,Piso,3.0,1.0,65.0,1.0,0,20
5791,17,Latina,2246,189000,Piso,3.0,1.0,69.0,4.0,0,20
5792,17,Latina,2246,185000,Piso,3.0,2.0,93.0,1.0,0,20
5793,17,Latina,2246,125000,Piso,,,81.0,3.0,0,20
5794,17,Latina,2246,269000,Piso,4.0,2.0,125.0,1.0,0,20
5795,17,Latina,2246,145000,Piso,2.0,1.0,63.0,,0,20
5796,17,Latina,2246,130000,Piso,1.0,1.0,43.0,,0,20
5797,17,Latina,2246,125000,Piso,2.0,1.0,70.0,1.0,0,20
5798,17,Latina,2246,735000,Piso,3.0,2.0,170.0,,0,20
5799,17,Latina,2246,295000,Piso,1.0,1.0,55.0,4.0,0,20
5800,17,Latina,2246,370000,Piso,3.0,1.0,88.0,3.0,1,20
5801,17,Latina,2246,125000,Piso,2.0,1.0,70.0,1.0,0,20
5802,17,Latina,2246,400000,Piso,6.0,2.0,134.0,4.0,0,20
5803,17,Latina,2246,156000,Piso,3.0,1.0,75.0,1.0,0,20
5804,17,Latina,2246,167000,Piso,3.0,1.0,62.0,,0,20
5805,17,Latina,2246,110000,Piso,3.0,1.0,56.0,2.0,0,20
5806,17,Latina,2246,2900000,Piso,4.0,3.0,300.0,1.0,1,20
5807,17,Latina,2246,100000,Piso,2.0,1.0,50.0,2.0,0,20
5808,17,Latina,2246,100000,Piso,2.0,1.0,50.0,2.0,0,20
5809,17,Latina,2246,169000,Piso,1.0,1.0,52.0,5.0,1,20
5810,17,Latina,2246,335000,Piso,2.0,2.0,100.0,2.0,0,20
5811,17,Latina,2246,166000,Piso,3.0,1.0,64.0,3.0,0,20
5812,17,Latina,2246,280000,Apartamento,1.0,1.0,64.0,1.0,0,20
5813,17,Latina,2246,145500,Piso,2.0,1.0,71.0,,0,20
5814,17,Latina,2246,249000,Piso,3.0,1.0,65.0,,0,20
5815,17,Latina,2246,1690000,Piso,2.0,3.0,146.0,2.0,0,20
5816,17,Latina,2246,345975,Piso,1.0,1.0,65.0,,0,20
5817,17,Latina,2246,434500,Piso,4.0,2.0,87.0,6.0,0,20
5818,17,Latina,2246,148000,Piso,2.0,1.0,77.0,6.0,0,20
5819,17,Latina,2246,119000,Piso,3.0,1.0,69.0,,0,20
5820,17,Latina,2246,189000,Piso,2.0,1.0,77.0,2.0,0,20
5821,17,Latina,2246,400000,Piso,2.0,2.0,80.0,1.0,0,20
5822,17,Latina,2246,194439,Piso,,1.0,74.0,,0,20
5823,17,Latina,2246,100000,Piso,2.0,1.0,50.0,2.0,0,20
5824,17,Latina,2246,795000,Casa adosada,6.0,6.0,2975.0,,1,20
5825,17,Latina,2246,185000,Piso,3.0,2.0,93.0,1.0,0,20
5826,17,Latina,2246,125000,Piso,3.0,1.0,74.0,,0,20
5827,17,Latina,2246,125000,Piso,2.0,1.0,59.0,1.0,0,20
5828,17,Latina,2246,175000,Piso,2.0,1.0,62.0,,1,20
5829,17,Latina,2246,125000,Piso,2.0,1.0,70.0,1.0,0,20
5830,17,Latina,2246,185000,Piso,3.0,2.0,93.0,1.0,0,20
5831,17,Latina,2246,105000,Piso,3.0,1.0,55.0,2.0,0,20
5832,17,Latina,2246,369000,Piso,1.0,1.0,65.0,,1,20
5833,17,Latina,2246,125000,Piso,2.0,1.0,70.0,1.0,0,20
5834,17,Latina,2246,145000,Piso,2.0,1.0,63.0,,0,20
5835,17,Latina,2246,100000,Piso,2.0,1.0,55.0,,0,20
5836,17,Latina,2246,153000,Piso,3.0,1.0,53.0,,0,20
5837,17,Latina,2246,166500,Piso,3.0,1.0,90.0,2.0,0,20
5838,17,Latina,2246,145000,Piso,2.0,1.0,63.0,,0,20
5839,17,Latina,2246,349000,Piso,2.0,2.0,72.0,4.0,0,20
5840,17,Latina,2246,175000,Piso,2.0,2.0,68.0,1.0,0,20
5841,17,Latina,2246,156000,Piso,3.0,1.0,75.0,1.0,0,20
5842,17,Latina,2246,695000,Piso,4.0,3.0,116.0,1.0,0,20
5843,17,Latina,2246,250000,Piso,2.0,1.0,88.0,2.0,1,20
5844,17,Latina,2246,175000,Piso,2.0,1.0,62.0,,1,20
5845,17,Latina,2246,685000,Piso,3.0,2.0,128.0,6.0,0,20
5846,17,Latina,2246,105000,Piso,3.0,1.0,53.0,,0,20
5847,17,Latina,2246,125000,Piso,2.0,1.0,70.0,1.0,0,20
5848,17,Latina,2246,130051,Piso,3.0,1.0,53.0,,0,20
5849,17,Latina,2246,275000,Piso,2.0,1.0,55.0,5.0,0,20
5850,17,Latina,2246,575000,Piso,3.0,2.0,120.0,,1,20
5851,17,Latina,2246,335000,Piso,2.0,2.0,100.0,2.0,0,20
5852,17,Latina,2246,1025000,Piso,2.0,2.0,142.0,3.0,0,20
5853,17,Latina,2246,790000,Piso,4.0,2.0,160.0,1.0,0,20
5854,17,Latina,2246,145000,Piso,2.0,1.0,63.0,,0,20
5855,17,Latina,2246,145000,Piso,2.0,1.0,63.0,,0,20
5856,17,Latina,2246,174900,Piso,1.0,1.0,55.0,4.0,0,20
5857,17,Latina,2246,154900,Piso,2.0,1.0,59.0,2.0,0,20
5858,17,Latina,2246,875000,Piso,3.0,3.0,183.0,7.0,0,20
5859,17,Latina,2246,770000,Piso,4.0,3.0,207.0,3.0,0,20
5860,17,Latina,2246,155900,Planta baja,3.0,1.0,82.0,,0,20
5861,17,Latina,2246,128000,Piso,3.0,1.0,82.0,,0,20
5862,17,Latina,2246,185000,Piso,3.0,2.0,93.0,1.0,0,20
5863,17,Latina,2246,162500,Piso,1.0,1.0,37.0,,0,20
5864,17,Latina,2246,125000,Piso,2.0,1.0,70.0,1.0,0,20
5865,17,Latina,2246,97000,Piso,3.0,1.0,68.0,7.0,0,20
5866,17,Latina,2246,780000,Piso,5.0,3.0,227.0,2.0,1,20
5867,17,Latina,2246,1300000,Piso,4.0,3.0,252.0,,0,20
5868,17,Latina,2246,139000,Piso,2.0,1.0,70.0,1.0,0,20
5869,17,Latina,2246,1850000,Piso,6.0,4.0,414.0,,1,20
5870,17,Latina,2246,120000,Piso,1.0,1.0,40.0,,0,20
5871,17,Latina,2246,165000,Piso,2.0,1.0,53.0,1.0,0,20
5872,17,Latina,2246,150000,Piso,3.0,1.0,65.0,1.0,0,20
5873,17,Latina,2246,156000,Piso,3.0,1.0,75.0,1.0,0,20
5874,17,Latina,2246,335000,Piso,2.0,2.0,100.0,2.0,0,20
5875,17,Latina,2246,115000,Piso,1.0,1.0,58.0,1.0,0,20
5876,17,Latina,2246,175000,Piso,2.0,1.0,62.0,,1,20
5877,17,Latina,2246,515000,Piso,3.0,2.0,134.0,1.0,1,20
5878,17,Latina,2246,131000,Piso,5.0,1.0,128.0,,1,20
5879,17,Latina,2246,175000,Piso,2.0,1.0,62.0,,1,20
5880,17,Latina,2246,349000,Piso,2.0,2.0,72.0,4.0,0,20
5881,17,Latina,2246,159650,Piso,2.0,1.0,84.0,1.0,0,20
5882,17,Latina,2246,114900,Piso,2.0,1.0,65.0,3.0,0,20
5883,17,Latina,2246,113193,Piso,3.0,1.0,70.0,,0,20
5884,17,Latina,2246,310000,Piso,3.0,2.0,134.0,4.0,1,20
5885,17,Latina,2246,1090000,Piso,3.0,3.0,248.0,1.0,0,20
5886,17,Latina,2246,218000,Piso,2.0,2.0,85.0,1.0,1,20
5887,17,Latina,2246,269000,Piso,3.0,2.0,125.0,1.0,0,20
5888,17,Latina,2246,385000,Piso,1.0,1.0,83.0,4.0,1,20
5889,17,Latina,2246,149000,Planta baja,1.0,1.0,70.0,,0,20
5890,17,Latina,2246,145000,Piso,2.0,1.0,63.0,,0,20
5891,17,Latina,2246,156000,Piso,3.0,1.0,75.0,1.0,0,20
5892,17,Latina,2246,110000,Piso,4.0,2.0,80.0,5.0,0,20
5893,17,Latina,2246,335000,Piso,2.0,2.0,100.0,2.0,0,20
5894,17,Latina,2246,156000,Piso,3.0,1.0,75.0,1.0,0,20
5895,17,Latina,2246,90000,Piso,3.0,1.0,59.0,,0,20
5896,17,Latina,2246,150000,Piso,3.0,2.0,101.0,5.0,0,20
5897,17,Latina,2246,245000,Piso,3.0,1.0,91.0,6.0,1,20
5898,17,Latina,2246,335000,Piso,2.0,2.0,100.0,2.0,0,20
5899,17,Latina,2246,185000,Piso,1.0,1.0,35.0,1.0,0,20
5900,17,Latina,2246,550000,Piso,2.0,2.0,105.0,8.0,0,20
5901,17,Latina,2246,139990,Piso,3.0,1.0,70.0,3.0,0,20
5902,17,Latina,2246,320000,Piso,1.0,1.0,42.0,4.0,0,20
5903,17,Latina,2246,102000,Piso,3.0,1.0,68.0,,0,20
5904,17,Latina,2246,139000,Piso,2.0,1.0,70.0,1.0,0,20
5905,17,Latina,2246,150100,Piso,2.0,1.0,74.0,3.0,0,20
5906,17,Latina,2246,1300000,Piso,4.0,3.0,252.0,,0,20
5907,17,Latina,2246,125000,Piso,2.0,1.0,70.0,1.0,0,20
5908,17,Latina,2246,150000,Piso,3.0,1.0,65.0,1.0,0,20
5909,17,Latina,2246,195000,Piso,2.0,1.0,58.0,,0,20
5910,17,Latina,2246,74000,Piso,2.0,1.0,67.0,1.0,0,20
5911,17,Latina,2246,1025000,Piso,2.0,2.0,142.0,3.0,0,20
5912,17,Latina,2246,125000,Piso,2.0,1.0,70.0,1.0,0,20
5913,17,Latina,2246,695000,Piso,1.0,2.0,137.0,2.0,1,20
5914,17,Latina,2246,1300000,Piso,4.0,3.0,252.0,,0,20
5915,17,Latina,2246,145000,Piso,2.0,1.0,63.0,,0,20
5916,17,Latina,2246,109939,Piso,3.0,1.0,55.0,4.0,0,20
5917,17,Latina,2246,349000,Piso,2.0,2.0,72.0,4.0,0,20
5918,17,Latina,2246,139000,Piso,2.0,1.0,70.0,1.0,0,20
5919,17,Latina,2246,169000,Piso,2.0,1.0,60.0,3.0,0,20
5920,17,Latina,2246,175000,Piso,2.0,1.0,62.0,,1,20
5921,17,Latina,2246,402900,Piso,2.0,1.0,86.0,1.0,0,20
5922,17,Latina,2246,94000,Planta baja,3.0,1.0,59.0,,0,20
5923,17,Latina,2246,125000,Piso,2.0,1.0,70.0,1.0,0,20
5924,17,Latina,2246,118000,Piso,3.0,1.0,67.0,2.0,0,20
5925,17,Latina,2246,2200000,Casa o chalet,5.0,5.0,360.0,,1,20
5926,17,Latina,2246,135000,Piso,1.0,1.0,50.0,2.0,0,20
5927,17,Latina,2246,960000,Piso,4.0,4.0,212.0,1.0,0,20
5928,17,Latina,2246,395000,Piso,3.0,2.0,70.0,,0,20
5929,17,Latina,2246,150000,Piso,3.0,1.0,65.0,1.0,0,20
5930,17,Latina,2246,225500,Piso,3.0,1.0,78.0,,0,20
5931,17,Latina,2246,99900,Piso,1.0,1.0,50.0,,0,20
5932,17,Latina,2246,175000,Piso,3.0,1.0,91.0,1.0,0,20
5933,17,Latina,2246,1300000,Piso,4.0,3.0,252.0,,0,20
5934,17,Latina,2246,124000,Piso,2.0,1.0,45.0,2.0,0,20
5935,17,Latina,2246,145000,Piso,2.0,1.0,63.0,,0,20
5936,17,Latina,2246,100000,Piso,2.0,1.0,50.0,2.0,0,20
5937,17,Latina,2246,145000,Piso,2.0,1.0,63.0,,0,20
5938,17,Latina,2246,100000,Piso,2.0,1.0,50.0,2.0,0,20
5939,17,Latina,2246,860000,Piso,4.0,3.0,151.0,6.0,1,20
5940,17,Latina,2246,156000,Piso,3.0,1.0,75.0,1.0,0,20
5941,17,Latina,2246,930000,Casa o chalet,6.0,4.0,360.0,,1,20
5942,17,Latina,2246,125000,Piso,2.0,1.0,70.0,1.0,0,20
5943,17,Latina,2246,936430,Piso,2.0,2.0,123.0,9.0,0,20
5944,17,Latina,2246,91000,Piso,2.0,1.0,51.0,,0,20
5945,17,Latina,2246,110000,Piso,3.0,1.0,65.0,,0,20
5946,17,Latina,2246,189000,Piso,2.0,1.0,67.0,,0,20
5947,17,Latina,2246,300000,Piso,3.0,2.0,90.0,,1,20
5948,17,Latina,2246,295000,Piso,4.0,2.0,111.0,9.0,1,20
5949,17,Latina,2246,139000,Piso,2.0,1.0,70.0,1.0,0,20
5950,17,Latina,2246,100000,Piso,2.0,1.0,50.0,2.0,0,20
5951,17,Latina,2246,125510,Piso,3.0,1.0,77.0,,0,20
5952,17,Latina,2246,145000,Piso,2.0,1.0,63.0,,0,20
5953,17,Latina,2246,180000,Apartamento,1.0,1.0,56.0,1.0,0,20
5954,17,Latina,2246,198000,Piso,3.0,2.0,109.0,10.0,1,20
5955,17,Latina,2246,1140000,Piso,4.0,3.0,206.0,7.0,1,20
5956,17,Latina,2246,159000,Piso,3.0,1.0,70.0,1.0,0,20
5957,17,Latina,2246,1270000,Piso,5.0,4.0,300.0,9.0,1,20
5958,17,Latina,2246,145000,Piso,2.0,1.0,63.0,,0,20
5959,17,Latina,2246,700000,Casa adosada,6.0,5.0,346.0,,1,20
5960,17,Latina,2246,86000,Piso,3.0,1.0,67.0,3.0,0,20
5961,17,Latina,2246,76000,Planta baja,2.0,1.0,37.0,,0,20
5962,17,Latina,2246,1290000,Dúplex,7.0,6.0,350.0,,1,20
5963,17,Latina,2246,1025000,Piso,2.0,2.0,142.0,3.0,0,20
5964,17,Latina,2246,100000,Piso,2.0,1.0,50.0,2.0,0,20
5965,17,Latina,2246,198000,Piso,2.0,1.0,70.0,1.0,0,20
5966,17,Latina,2246,100000,Piso,2.0,1.0,50.0,2.0,0,20
5967,17,Latina,2246,1200000,Piso,2.0,2.0,210.0,1.0,0,20
5968,17,Latina,2246,169000,Piso,2.0,1.0,82.0,,0,20
5969,17,Latina,2246,100000,Piso,2.0,1.0,50.0,2.0,0,20
5970,17,Latina,2246,147000,Piso,3.0,1.0,96.0,3.0,0,20
5971,17,Latina,2246,185000,Piso,3.0,1.0,90.0,3.0,0,20
5972,17,Latina,2246,109939,Piso,3.0,1.0,55.0,,0,20
5973,17,Latina,2246,335000,Piso,2.0,2.0,100.0,2.0,0,20
5974,17,Latina,2246,129000,Piso,3.0,1.0,79.0,4.0,0,20
5975,17,Latina,2246,375000,Piso,4.0,1.0,90.0,3.0,0,20
5976,17,Latina,2246,335000,Piso,2.0,2.0,100.0,2.0,0,20
5977,17,Latina,2246,995000,Casa adosada,8.0,6.0,480.0,,1,20
5978,17,Latina,2246,280000,Piso,5.0,1.0,116.0,5.0,0,20
5979,17,Latina,2246,79000,Piso,2.0,2.0,50.0,,0,20
5980,17,Latina,2246,1300000,Piso,4.0,3.0,252.0,,0,20
5981,17,Latina,2246,1300000,Piso,4.0,3.0,252.0,,0,20
5982,17,Latina,2246,329700,Piso,3.0,1.0,58.0,,0,20
5983,17,Latina,2246,335000,Piso,2.0,2.0,100.0,2.0,0,20
5984,17,Latina,2246,158000,Piso,1.0,1.0,59.0,2.0,0,20
5985,17,Latina,2246,150000,Piso,3.0,1.0,65.0,1.0,0,20
5986,17,Latina,2246,175000,Piso,2.0,1.0,62.0,,1,20
5987,17,Latina,2246,125000,Piso,2.0,1.0,70.0,1.0,0,20
5988,17,Latina,2246,139000,Piso,2.0,1.0,70.0,1.0,0,20
5989,17,Latina,2246,235000,Piso,2.0,2.0,77.0,,1,20
5990,17,Latina,2246,640000,Piso,6.0,2.0,192.0,1.0,0,20
5991,17,Latina,2246,140000,Piso,3.0,1.0,83.0,2.0,0,20
5992,17,Latina,2246,208500,Apartamento,3.0,2.0,102.0,,0,20
5993,17,Latina,2246,349000,Piso,2.0,2.0,72.0,4.0,0,20
5994,17,Latina,2246,132000,Piso,2.0,1.0,60.0,,0,20
5995,17,Latina,2246,1025000,Piso,2.0,2.0,142.0,3.0,0,20
5996,17,Latina,2246,1025000,Piso,2.0,2.0,142.0,3.0,0,20
5997,17,Latina,2246,80000,Apartamento,1.0,1.0,38.0,,0,20
5998,17,Latina,2246,156000,Piso,3.0,1.0,75.0,1.0,0,20
5999,17,Latina,2246,139000,Piso,2.0,1.0,70.0,1.0,0,20
6000,17,Latina,2246,249000,Piso,1.0,1.0,97.0,,1,20
6001,17,Latina,2246,1300000,Piso,4.0,3.0,252.0,,0,20
6002,17,Latina,2246,4700000,Casa adosada,5.0,11.0,901.0,,1,20
6003,17,Latina,2246,174900,Piso,2.0,1.0,42.0,,0,20
6004,17,Latina,2246,145000,Piso,2.0,1.0,63.0,,0,20
6005,17,Latina,2246,105000,Piso,3.0,1.0,53.0,6.0,0,20
6006,17,Latina,2246,349000,Piso,2.0,2.0,72.0,4.0,0,20
6007,17,Latina,2246,120000,Loft,,1.0,45.0,,0,20
6008,17,Latina,2246,155000,Piso,3.0,1.0,68.0,,0,20
6009,17,Latina,2246,150000,Piso,3.0,1.0,65.0,1.0,0,20
6010,17,Latina,2246,180000,Piso,2.0,1.0,60.0,,0,20
6011,17,Latina,2246,1800000,Piso,4.0,4.0,325.0,2.0,0,20
6012,17,Latina,2246,179000,Piso,2.0,1.0,36.0,,0,20
6013,17,Latina,2246,233400,Piso,4.0,2.0,106.0,2.0,0,20
6014,17,Latina,2246,145000,Piso,2.0,1.0,63.0,,0,20
6015,17,Latina,2246,169900,Piso,3.0,1.0,85.0,2.0,0,20
6016,17,Latina,2246,140300,Piso,3.0,1.0,63.0,1.0,0,20
6017,17,Latina,2246,335000,Piso,2.0,2.0,100.0,2.0,0,20
6018,17,Latina,2246,199000,Piso,2.0,1.0,50.0,,0,20
6019,17,Latina,2246,125000,Piso,2.0,1.0,70.0,1.0,0,20
6020,17,Latina,2246,145000,Piso,2.0,1.0,63.0,,0,20
6021,17,Latina,2246,175000,Piso,2.0,1.0,62.0,,1,20
6022,17,Latina,2246,179000,Piso,2.0,1.0,57.0,,0,20
6023,17,Latina,2246,590000,Piso,3.0,2.0,94.0,5.0,0,20
6024,17,Latina,2246,175000,Piso,2.0,1.0,62.0,,1,20
6025,17,Latina,2246,99900,Piso,2.0,1.0,53.0,4.0,0,20
6026,17,Latina,2246,187900,Piso,3.0,1.0,72.0,14.0,0,20
6027,17,Latina,2246,999999,Loft,4.0,2.0,175.0,,0,20
6028,17,Latina,2246,185000,Estudio,,1.0,35.0,2.0,0,20
6029,17,Latina,2246,129000,Piso,2.0,1.0,44.0,3.0,0,20
6030,17,Latina,2246,220000,Casa o chalet,3.0,1.0,140.0,,0,20
6031,17,Latina,2246,130000,Piso,3.0,1.0,55.0,,0,20
6032,17,Latina,2246,149990,Piso,3.0,1.0,85.0,8.0,0,20
6033,17,Latina,2246,175000,Piso,2.0,1.0,62.0,,1,20
6034,17,Latina,2246,335000,Piso,3.0,2.0,75.0,4.0,1,20
6035,17,Latina,2246,11200,Piso,,,12.0,,0,20
6036,17,Latina,2246,124000,Piso,3.0,1.0,52.0,,0,20
6037,17,Latina,2246,3100000,Piso,4.0,5.0,269.0,2.0,0,20
6038,17,Latina,2246,130000,Piso,2.0,1.0,55.0,2.0,0,20
6039,17,Latina,2246,145000,Piso,2.0,1.0,63.0,,0,20
6040,17,Latina,2246,242000,Piso,2.0,2.0,80.0,4.0,1,20
6041,17,Latina,2246,1650000,Piso,4.0,5.0,514.0,3.0,1,20
6042,17,Latina,2246,188000,Piso,3.0,1.0,91.0,2.0,1,20
6043,17,Latina,2246,330000,Piso,2.0,1.0,75.0,2.0,0,20
6044,17,Latina,2246,335000,Piso,2.0,2.0,100.0,2.0,0,20
6045,17,Latina,2246,550000,Casa o chalet,4.0,2.0,120.0,,0,20
6046,17,Latina,2246,145000,Piso,2.0,1.0,63.0,,0,20
6047,17,Latina,2246,648000,Piso,4.0,3.0,139.0,4.0,0,20
6048,17,Latina,2246,349000,Piso,2.0,2.0,72.0,4.0,0,20
6049,17,Latina,2246,139000,Piso,3.0,1.0,65.0,,0,20
6050,17,Latina,2246,1300000,Piso,4.0,3.0,252.0,,0,20
6051,17,Latina,2246,335000,Piso,2.0,2.0,100.0,2.0,0,20
6052,17,Latina,2246,145000,Piso,2.0,1.0,63.0,,0,20
6053,17,Latina,2246,150000,Piso,3.0,1.0,65.0,1.0,0,20
6054,17,Latina,2246,695000,Piso,2.0,2.0,82.0,3.0,0,20
6055,17,Latina,2246,169000,Piso,3.0,1.0,79.0,,0,20
6056,17,Latina,2246,306000,Piso,2.0,1.0,65.0,5.0,0,20
6057,17,Latina,2246,265000,Apartamento,1.0,1.0,50.0,,0,20
6058,17,Latina,2246,373730,Piso,3.0,1.0,78.0,6.0,0,20
6059,17,Latina,2246,150000,Piso,3.0,1.0,65.0,1.0,0,20
6060,17,Latina,2246,175000,Piso,2.0,1.0,62.0,,1,20
6061,17,Latina,2246,180000,Piso,5.0,2.0,98.0,,0,20
6062,17,Latina,2246,185000,Piso,3.0,1.0,79.0,6.0,0,20
6063,17,Latina,2246,156000,Piso,3.0,1.0,75.0,1.0,0,20
6064,17,Latina,2246,280000,Dúplex,1.0,1.0,130.0,,0,20
6065,17,Latina,2246,156000,Piso,3.0,1.0,75.0,1.0,0,20
6066,17,Latina,2246,175000,Piso,2.0,1.0,62.0,,1,20
6067,17,Latina,2246,150000,Piso,3.0,1.0,52.0,,0,20
6068,17,Latina,2246,335000,Piso,2.0,2.0,100.0,2.0,0,20
6069,17,Latina,2246,119000,Piso,3.0,1.0,66.0,4.0,0,20
6070,17,Latina,2246,310500,Dúplex,3.0,2.0,78.0,,0,20
6071,17,Latina,2246,865000,Piso,5.0,2.0,141.0,5.0,0,20
6072,17,Latina,2246,801800,Piso,4.0,3.0,178.0,1.0,1,20
6073,17,Latina,2246,89000,Piso,2.0,1.0,49.0,,0,20
6074,17,Latina,2246,768000,Piso,2.0,2.0,121.0,,1,20
6075,17,Latina,2246,335000,Piso,2.0,2.0,100.0,2.0,0,20
6076,17,Latina,2246,145000,Piso,2.0,1.0,63.0,,0,20
6077,17,Latina,2246,400000,Piso,2.0,2.0,80.0,1.0,0,20
6078,17,Latina,2246,156000,Piso,3.0,1.0,75.0,1.0,0,20
6079,17,Latina,2246,167000,Piso,3.0,1.0,141.0,,1,20
6080,17,Latina,2246,110000,Piso,2.0,1.0,58.0,2.0,0,20
6081,17,Latina,2246,1200000,Ático,3.0,3.0,160.0,6.0,0,20
6082,17,Latina,2246,349000,Piso,2.0,2.0,72.0,4.0,0,20
6083,17,Latina,2246,78900,Piso,3.0,1.0,63.0,6.0,0,20
6084,17,Latina,2246,237900,Piso,3.0,1.0,79.0,,0,20
6085,17,Latina,2246,79000,Piso,2.0,2.0,50.0,,0,20
6086,17,Latina,2246,150000,Piso,3.0,1.0,65.0,1.0,0,20
6087,17,Latina,2246,100000,Piso,2.0,1.0,50.0,2.0,0,20
6088,17,Latina,2246,190000,Piso,1.0,1.0,40.0,1.0,0,20
6089,17,Latina,2246,166500,Piso,3.0,1.0,90.0,2.0,0,20
6090,17,Latina,2246,335000,Piso,2.0,2.0,100.0,2.0,0,20
6091,17,Latina,2246,679300,Piso,2.0,2.0,96.0,3.0,0,20
6092,17,Latina,2246,323700,Piso,1.0,,62.0,,0,20
6093,17,Latina,2246,940000,Piso,3.0,3.0,179.0,4.0,0,20
6094,17,Latina,2246,269000,Piso,3.0,2.0,125.0,6.0,0,20
6095,17,Latina,2246,437000,Piso,2.0,1.0,93.0,2.0,0,20
6096,17,Latina,2246,207000,Piso,1.0,1.0,57.0,,1,20
6097,17,Latina,2246,219000,Piso,2.0,1.0,71.0,,0,20
6098,17,Latina,2246,145500,Piso,3.0,1.0,76.0,,0,20
6099,17,Latina,2246,129000,Piso,3.0,1.0,70.0,2.0,0,20
6100,17,Latina,2246,335000,Piso,2.0,2.0,100.0,2.0,0,20
6101,17,Latina,2246,795000,Casa adosada,4.0,4.0,273.0,,1,20
6102,17,Latina,2246,154900,Piso,3.0,1.0,72.0,1.0,0,20
6103,17,Latina,2246,95000,Piso,2.0,1.0,50.0,,0,20
6104,17,Latina,2246,145000,Piso,1.0,1.0,30.0,,0,20
6105,17,Latina,2246,110000,Planta baja,1.0,1.0,62.0,,0,20
6106,17,Latina,2246,349000,Piso,2.0,2.0,72.0,4.0,0,20
6107,17,Latina,2246,156000,Piso,3.0,1.0,75.0,1.0,0,20
6108,17,Latina,2246,845000,Piso,2.0,2.0,100.0,3.0,0,20
6109,17,Latina,2246,1025000,Piso,2.0,2.0,142.0,3.0,0,20
6110,17,Latina,2246,145000,Piso,2.0,1.0,63.0,,0,20
6111,17,Latina,2246,380000,Piso,4.0,2.0,140.0,,1,20
6112,17,Latina,2246,175000,Piso,2.0,1.0,62.0,,1,20
6113,17,Latina,2246,125000,Piso,2.0,1.0,70.0,1.0,0,20
6114,17,Latina,2246,251500,Dúplex,2.0,3.0,72.0,,0,20
6115,17,Latina,2246,1025000,Piso,2.0,2.0,142.0,3.0,0,20
6116,17,Latina,2246,820000,Piso,5.0,2.0,168.0,,0,20
6117,17,Latina,2246,330000,Ático,2.0,1.0,72.0,4.0,0,20
6118,17,Latina,2246,150000,Piso,3.0,1.0,65.0,1.0,0,20
6119,17,Latina,2246,420000,Piso,2.0,1.0,62.0,,0,20
6120,17,Latina,2246,259990,Piso,2.0,2.0,66.0,2.0,1,20
6121,17,Latina,2246,100000,Piso,2.0,1.0,50.0,2.0,0,20
6122,17,Latina,2246,100000,Piso,2.0,1.0,50.0,2.0,0,20
6123,17,Latina,2246,175000,Piso,2.0,1.0,62.0,,1,20
6124,17,Latina,2246,119000,Piso,3.0,1.0,69.0,,0,20
6125,17,Latina,2246,207000,Piso,2.0,2.0,69.0,6.0,1,20
6126,17,Latina,2246,360000,Piso,3.0,2.0,127.0,1.0,1,20
6127,17,Latina,2246,139000,Piso,3.0,1.0,69.0,1.0,0,20
6128,17,Latina,2246,77000,Piso,,1.0,52.0,,0,20
6129,17,Latina,2246,130000,Piso,2.0,1.0,45.0,,0,20
6130,17,Latina,2246,370000,Piso,1.0,1.0,60.0,1.0,1,20
6131,17,Latina,2246,230000,Piso,3.0,2.0,60.0,,0,20
6132,17,Latina,2246,156000,Piso,3.0,1.0,75.0,1.0,0,20
6133,17,Latina,2246,210000,Piso,2.0,1.0,75.0,3.0,0,20
6134,17,Latina,2246,125000,Piso,2.0,1.0,70.0,1.0,0,20
6135,17,Latina,2246,139000,Piso,2.0,1.0,70.0,1.0,0,20
6136,17,Latina,2246,240000,Piso,3.0,2.0,98.0,5.0,1,20
6137,17,Latina,2246,145000,Piso,2.0,1.0,63.0,,0,20
6138,17,Latina,2246,720000,Piso,3.0,2.0,179.0,3.0,0,20
6139,17,Latina,2246,349000,Piso,2.0,2.0,72.0,4.0,0,20
6140,17,Latina,2246,175000,Piso,2.0,1.0,62.0,,1,20
6141,17,Latina,2246,175000,Piso,2.0,1.0,62.0,,1,20
6142,17,Latina,2246,150100,Piso,2.0,1.0,74.0,3.0,0,20
6143,17,Latina,2246,335000,Piso,2.0,2.0,100.0,2.0,0,20
6144,17,Latina,2246,79000,Piso,2.0,2.0,50.0,,0,20
6145,17,Latina,2246,145000,Piso,2.0,1.0,63.0,,0,20
6146,17,Latina,2246,189000,Piso,2.0,1.0,51.0,1.0,0,20
6147,17,Latina,2246,219900,Piso,4.0,2.0,115.0,4.0,0,20
6148,17,Latina,2246,100000,Piso,2.0,1.0,58.0,4.0,0,20
6149,17,Latina,2246,544600,Piso,2.0,2.0,87.0,1.0,0,20
6150,17,Latina,2246,375000,Piso,4.0,2.0,140.0,3.0,1,20
6151,17,Latina,2246,900000,Piso,8.0,2.0,190.0,3.0,1,20
6152,17,Latina,2246,175000,Piso,2.0,1.0,62.0,,1,20
6153,17,Latina,2246,650000,Dúplex,3.0,3.0,145.0,3.0,1,20
6154,17,Latina,2246,180000,Piso,3.0,1.0,80.0,,0,20
6155,17,Latina,2246,330000,Piso,3.0,2.0,110.0,11.0,1,20
6156,17,Latina,2246,990000,Piso,4.0,2.0,205.0,3.0,0,20
6157,17,Latina,2246,247000,Piso,1.0,1.0,31.0,4.0,0,20
6158,17,Latina,2246,335000,Piso,2.0,2.0,100.0,2.0,0,20
6159,17,Latina,2246,162500,Apartamento,1.0,1.0,51.0,,0,20
6160,17,Latina,2246,159000,Piso,,1.0,34.0,3.0,0,20
6161,17,Latina,2246,175000,Piso,2.0,1.0,62.0,,1,20
6162,17,Latina,2246,156000,Piso,3.0,1.0,75.0,1.0,0,20
6163,17,Latina,2246,349000,Piso,2.0,2.0,72.0,4.0,0,20
6164,17,Latina,2246,460000,Piso,2.0,1.0,90.0,,1,20
6165,17,Latina,2246,120000,Piso,2.0,1.0,65.0,4.0,0,20
6166,17,Latina,2246,354000,Piso,1.0,2.0,94.0,,0,20
6167,17,Latina,2246,145000,Piso,2.0,1.0,63.0,,0,20
6168,17,Latina,2246,1300000,Piso,4.0,3.0,252.0,,0,20
6169,17,Latina,2246,339999,Piso,3.0,2.0,123.0,2.0,1,20
6170,17,Latina,2246,125000,Piso,2.0,1.0,70.0,1.0,0,20
6171,17,Latina,2246,76000,Piso,2.0,1.0,37.0,1.0,0,20
6172,17,Latina,2246,175000,Piso,2.0,1.0,62.0,,1,20
6173,17,Latina,2246,335000,Piso,2.0,2.0,100.0,2.0,0,20
6174,17,Latina,2246,229000,Piso,1.0,1.0,61.0,2.0,0,20
6175,17,Latina,2246,349000,Piso,2.0,2.0,72.0,4.0,0,20
6176,17,Latina,2246,349000,Piso,2.0,2.0,72.0,4.0,0,20
6177,17,Latina,2246,122000,Piso,1.0,1.0,50.0,,0,20
6178,17,Latina,2246,100000,Piso,2.0,1.0,50.0,2.0,0,20
6179,17,Latina,2246,100000,Piso,2.0,1.0,50.0,2.0,0,20
6180,17,Latina,2246,260000,Piso,1.0,1.0,30.0,2.0,1,20
6181,17,Latina,2246,145000,Piso,2.0,1.0,63.0,,0,20
6182,17,Latina,2246,93000,Piso,3.0,1.0,65.0,,0,20
6183,17,Latina,2246,335000,Piso,2.0,2.0,100.0,2.0,0,20
6184,17,Latina,2246,820000,Dúplex,5.0,3.0,281.0,3.0,1,20
6185,17,Latina,2246,127400,Piso,2.0,1.0,70.0,,0,20
6186,17,Latina,2246,185000,Piso,3.0,2.0,93.0,1.0,0,20
6187,17,Latina,2246,435000,Piso,2.0,2.0,52.0,1.0,0,20
6188,17,Latina,2246,139000,Piso,2.0,1.0,70.0,1.0,0,20
6189,17,Latina,2246,175000,Piso,2.0,1.0,62.0,,1,20
6190,17,Latina,2246,1025000,Piso,2.0,2.0,142.0,3.0,0,20
6191,17,Latina,2246,102500,Piso,2.0,1.0,60.0,,0,20
6192,17,Latina,2246,129000,Piso,3.0,1.0,79.0,4.0,0,20
6193,17,Latina,2246,770000,Piso,3.0,4.0,128.0,1.0,0,20
6194,17,Latina,2246,265000,Piso,1.0,1.0,56.0,3.0,1,20
6195,17,Latina,2246,122400,Piso,1.0,1.0,36.0,,0,20
6196,17,Latina,2246,210000,Piso,2.0,1.0,75.0,3.0,0,20
6197,17,Latina,2246,113000,Piso,1.0,1.0,24.0,1.0,0,20
6198,17,Latina,2246,349000,Piso,2.0,2.0,72.0,4.0,0,20
6199,17,Latina,2246,1090000,Piso,3.0,3.0,248.0,1.0,0,20
6200,17,Latina,2246,185000,Piso,3.0,2.0,93.0,1.0,0,20
6201,17,Latina,2246,214000,Piso,3.0,1.0,72.0,,0,20
6202,17,Latina,2246,770000,Piso,4.0,3.0,232.0,7.0,1,20
6203,17,Latina,2246,348273,Ático,4.0,2.0,181.0,,1,20
6204,17,Latina,2246,122400,Piso,1.0,1.0,36.0,,0,20
6205,17,Latina,2246,150000,Piso,3.0,1.0,65.0,1.0,0,20
6206,17,Latina,2246,172000,Piso,1.0,1.0,75.0,5.0,1,20
6207,17,Latina,2246,140300,Piso,,1.0,63.0,6.0,0,20
6208,17,Latina,2246,83000,Piso,3.0,1.0,53.0,,0,20
6209,17,Latina,2246,137500,Piso,3.0,1.0,60.0,3.0,0,20
6210,17,Latina,2246,93000,Piso,2.0,1.0,50.0,,0,20
6211,17,Latina,2246,207000,Piso,1.0,1.0,57.0,,1,20
6212,17,Latina,2246,185000,Piso,3.0,1.0,77.0,1.0,0,20
6213,17,Latina,2246,175000,Piso,2.0,1.0,62.0,,1,20
6214,17,Latina,2246,349000,Piso,2.0,2.0,72.0,4.0,0,20
6215,17,Latina,2246,175000,Piso,2.0,1.0,62.0,,1,20
6216,17,Latina,2246,128000,Loft,1.0,1.0,80.0,,0,20
6217,17,Latina,2246,1300000,Piso,4.0,3.0,252.0,,0,20
6218,17,Latina,2246,145000,Piso,2.0,1.0,63.0,,0,20
6219,17,Latina,2246,520000,Piso,3.0,2.0,80.0,6.0,0,20
6220,17,Latina,2246,136000,Piso,3.0,1.0,68.0,4.0,0,20
6221,17,Latina,2246,335000,Piso,1.0,2.0,96.0,,0,20
6222,17,Latina,2246,175000,Piso,2.0,1.0,62.0,,1,20
6223,17,Latina,2246,145000,Piso,2.0,1.0,63.0,,0,20
6224,17,Latina,2246,109000,Piso,3.0,1.0,81.0,4.0,0,20
6225,17,Latina,2246,225000,Piso,2.0,1.0,38.0,,0,20
6226,17,Latina,2246,157000,Piso,,1.0,53.0,2.0,0,20
6227,17,Latina,2246,129000,Piso,3.0,1.0,74.0,4.0,0,20
6228,17,Latina,2246,156000,Piso,3.0,1.0,75.0,1.0,0,20
6229,17,Latina,2246,100000,Piso,2.0,1.0,50.0,1.0,0,20
6230,17,Latina,2246,1300000,Piso,4.0,3.0,252.0,,0,20
6231,17,Latina,2246,375000,Piso,3.0,1.0,67.0,3.0,0,20
6232,17,Latina,2246,125000,Piso,2.0,1.0,70.0,1.0,0,20
6233,17,Latina,2246,349000,Piso,2.0,2.0,72.0,4.0,0,20
6234,17,Latina,2246,1200000,Piso,2.0,2.0,150.0,4.0,0,20
6235,17,Latina,2246,1025000,Piso,2.0,2.0,142.0,3.0,0,20
6236,17,Latina,2246,899000,Piso,4.0,3.0,260.0,,1,20
6237,17,Latina,2246,79000,Piso,,1.0,65.0,,0,20
6238,17,Latina,2246,139000,Piso,2.0,1.0,51.0,,0,20
6239,17,Latina,2246,148000,Piso,3.0,2.0,71.0,,0,20
6240,17,Latina,2246,335000,Piso,2.0,2.0,100.0,2.0,0,20
6241,17,Latina,2246,145000,Piso,2.0,1.0,63.0,,0,20
6242,17,Latina,2246,180000,Piso,5.0,2.0,98.0,,0,20
6243,17,Latina,2246,235000,Estudio,1.0,1.0,51.0,6.0,1,20
6244,17,Latina,2246,175000,Piso,2.0,1.0,62.0,,1,20
6245,17,Latina,2246,290000,Piso,2.0,1.0,87.0,6.0,1,20
6246,17,Latina,2246,215000,Piso,2.0,1.0,68.0,5.0,1,20
6247,17,Latina,2246,349000,Piso,2.0,2.0,72.0,4.0,0,20
6248,17,Latina,2246,154900,Piso,1.0,1.0,59.0,2.0,0,20
6249,17,Latina,2246,130000,Piso,2.0,1.0,68.0,,0,20
6250,17,Latina,2246,145000,Piso,2.0,1.0,63.0,,0,20
6251,17,Latina,2246,191000,Piso,3.0,1.0,71.0,,0,20
6252,17,Latina,2246,105000,Apartamento,1.0,1.0,52.0,,1,20
6253,17,Latina,2246,175000,Piso,2.0,1.0,62.0,,1,20
6254,17,Latina,2246,145000,Piso,3.0,1.0,82.0,3.0,0,20
6255,17,Latina,2246,170000,Piso,,,40.0,5.0,0,20
6256,17,Latina,2246,227000,Piso,2.0,1.0,66.0,1.0,1,20
6257,17,Latina,2246,1550000,Piso,4.0,5.0,242.0,2.0,0,20
6258,17,Latina,2246,1025000,Piso,2.0,2.0,142.0,3.0,0,20
6259,17,Latina,2246,250000,Piso,2.0,1.0,86.0,1.0,0,20
6260,17,Latina,2246,75000,Piso,2.0,1.0,65.0,3.0,0,20
6261,17,Latina,2246,335000,Piso,2.0,2.0,100.0,2.0,0,20
6262,17,Latina,2246,690000,Piso,5.0,3.0,226.0,2.0,1,20
6263,17,Latina,2246,136000,Piso,3.0,1.0,68.0,4.0,0,20
6264,17,Latina,2246,107000,Piso,2.0,1.0,60.0,,0,20
6265,17,Latina,2246,420000,Dúplex,1.0,1.0,78.0,,0,20
6266,17,Latina,2246,139000,Piso,2.0,1.0,70.0,1.0,0,20
6267,17,Latina,2246,180000,Piso,3.0,1.0,98.0,1.0,0,20
6268,17,Latina,2246,230000,Piso,2.0,1.0,90.0,7.0,0,20
6269,17,Latina,2246,175000,Piso,2.0,1.0,62.0,,1,20
6270,17,Latina,2246,349000,Piso,2.0,2.0,72.0,4.0,0,20
6271,17,Latina,2246,94000,Piso,,2.0,59.0,,0,20
6272,17,Latina,2246,159900,Piso,3.0,1.0,78.0,4.0,0,20
6273,17,Latina,2246,1025000,Piso,2.0,2.0,142.0,3.0,0,20
6274,17,Latina,2246,124500,Piso,2.0,1.0,52.0,,0,20
6275,6,Moncloa,3912,384900,Piso,2.0,2.0,89.0,3.0,1,9
6276,6,Moncloa,3912,620000,Piso,4.0,2.0,149.0,,0,9
6277,6,Moncloa,3912,193000,Piso,4.0,2.0,89.0,1.0,0,9
6278,6,Moncloa,3912,280000,Piso,2.0,1.0,55.0,2.0,0,9
6279,6,Moncloa,3912,3595000,Piso,4.0,5.0,307.0,3.0,0,9
6280,6,Moncloa,3912,235000,Piso,2.0,1.0,54.0,1.0,0,9
6281,6,Moncloa,3912,413000,Piso,2.0,2.0,90.0,7.0,1,9
6282,6,Moncloa,3912,214000,Piso,3.0,1.0,72.0,4.0,0,9
6283,6,Moncloa,3912,1995000,Piso,5.0,4.0,370.0,12.0,1,9
6284,6,Moncloa,3912,6533000,Piso,3.0,2.0,150.0,3.0,1,9
6285,6,Moncloa,3912,1950000,Piso,5.0,6.0,315.0,2.0,0,9
6286,6,Moncloa,3912,1050000,Piso,5.0,4.0,291.0,1.0,1,9
6287,6,Moncloa,3912,999600,Piso,3.0,4.0,292.0,,1,9
6288,6,Moncloa,3912,158000,Piso,3.0,1.0,91.0,3.0,0,9
6289,6,Moncloa,3912,252000,Piso,4.0,2.0,130.0,,0,9
6290,6,Moncloa,3912,1650000,Casa adosada,5.0,6.0,583.0,,0,9
6291,6,Moncloa,3912,475000,Piso,3.0,2.0,108.0,,0,9
6292,6,Moncloa,3912,114500,Piso,3.0,1.0,65.0,,0,9
6293,6,Moncloa,3912,320000,Piso,3.0,1.0,73.0,6.0,1,9
6294,6,Moncloa,3912,515000,Piso,4.0,3.0,172.0,,1,9
6295,6,Moncloa,3912,900000,Piso,8.0,2.0,190.0,3.0,1,9
6296,6,Moncloa,3912,99900,Estudio,,1.0,26.0,,0,9
6297,6,Moncloa,3912,995000,Piso,4.0,3.0,209.0,6.0,0,9
6298,6,Moncloa,3912,320000,Piso,3.0,1.0,73.0,6.0,1,9
6299,6,Moncloa,3912,2339900,Casa o chalet,6.0,6.0,1381.0,,1,9
6300,6,Moncloa,3912,165000,Piso,3.0,1.0,71.0,,0,9
6301,6,Moncloa,3912,650000,Dúplex,3.0,4.0,246.0,,0,9
6302,6,Moncloa,3912,330000,Piso,2.0,2.0,117.0,,1,9
6303,6,Moncloa,3912,320000,Piso,2.0,1.0,69.0,3.0,0,9
6304,6,Moncloa,3912,169000,Piso,3.0,2.0,88.0,3.0,1,9
6305,6,Moncloa,3912,720000,Casa o chalet,5.0,4.0,200.0,,1,9
6306,6,Moncloa,3912,430000,Casa o chalet,3.0,1.0,123.0,,0,9
6307,6,Moncloa,3912,699000,Piso,3.0,2.0,134.0,,1,9
6308,6,Moncloa,3912,204000,Piso,3.0,1.0,96.0,,0,9
6309,6,Moncloa,3912,78000,Piso,2.0,1.0,60.0,4.0,0,9
6310,6,Moncloa,3912,380000,Piso,1.0,1.0,93.0,3.0,0,9
6311,6,Moncloa,3912,350000,Piso,1.0,1.0,73.0,2.0,0,9
6312,6,Moncloa,3912,734000,Piso,4.0,3.0,170.0,7.0,0,9
6313,6,Moncloa,3912,510000,Piso,3.0,1.0,78.0,2.0,0,9
6314,6,Moncloa,3912,350000,Apartamento,1.0,1.0,72.0,1.0,0,9
6315,6,Moncloa,3912,160000,Planta baja,1.0,1.0,71.0,,1,9
6316,6,Moncloa,3912,1750000,Piso,2.0,3.0,166.0,3.0,0,9
6317,6,Moncloa,3912,995000,Piso,4.0,3.0,209.0,6.0,0,9
6318,6,Moncloa,3912,280000,Piso,1.0,1.0,60.0,1.0,0,9
6319,6,Moncloa,3912,875000,Piso,5.0,3.0,233.0,2.0,1,9
6320,6,Moncloa,3912,550000,Piso,2.0,2.0,109.0,,1,9
6321,6,Moncloa,3912,219000,Piso,1.0,1.0,42.0,1.0,0,9
6322,6,Moncloa,3912,1220000,Ático,3.0,3.0,206.0,,1,9
6323,6,Moncloa,3912,290000,Piso,2.0,1.0,56.0,3.0,0,9
6324,6,Moncloa,3912,145000,Piso,2.0,1.0,83.0,,0,9
6325,6,Moncloa,3912,2000000,Casa o chalet,7.0,8.0,918.0,,1,9
6326,6,Moncloa,3912,850000,Piso,3.0,3.0,162.0,,0,9
6327,6,Moncloa,3912,1175000,Piso,4.0,3.0,232.0,,1,9
6328,6,Moncloa,3912,430000,Piso,2.0,1.0,68.0,4.0,0,9
6329,6,Moncloa,3912,1807400,Casa o chalet,5.0,3.0,696.0,,0,9
6330,6,Moncloa,3912,650000,Piso,4.0,1.0,106.0,,0,9
6331,6,Moncloa,3912,380000,Piso,1.0,1.0,93.0,3.0,0,9
6332,6,Moncloa,3912,171900,Piso,3.0,2.0,73.0,,0,9
6333,6,Moncloa,3912,2339900,Casa o chalet,7.0,6.0,1245.0,,0,9
6334,6,Moncloa,3912,770000,Piso,4.0,3.0,207.0,3.0,0,9
6335,6,Moncloa,3912,1530000,Piso,3.0,2.0,151.0,4.0,0,9
6336,6,Moncloa,3912,1250000,Piso,5.0,3.0,254.0,7.0,1,9
6337,6,Moncloa,3912,1085000,Dúplex,5.0,5.0,250.0,2.0,0,9
6338,6,Moncloa,3912,495000,Piso,3.0,2.0,110.0,,1,9
6339,6,Moncloa,3912,365000,Piso,1.0,1.0,86.0,,1,9
6340,6,Moncloa,3912,116000,Piso,3.0,1.0,68.0,,0,9
6341,6,Moncloa,3912,117000,Piso,3.0,1.0,65.0,1.0,0,9
6342,6,Moncloa,3912,995000,Piso,4.0,3.0,209.0,6.0,0,9
6343,6,Moncloa,3912,500000,Piso,2.0,1.0,100.0,3.0,1,9
6344,6,Moncloa,3912,925000,Ático,3.0,4.0,204.0,2.0,1,9
6345,6,Moncloa,3912,3500000,Casa o chalet,6.0,6.0,937.0,,1,9
6346,6,Moncloa,3912,1050000,Piso,5.0,4.0,291.0,1.0,1,9
6347,6,Moncloa,3912,285000,Piso,2.0,1.0,70.0,,0,9
6348,6,Moncloa,3912,235000,Piso,2.0,1.0,54.0,1.0,0,9
6349,6,Moncloa,3912,495000,Piso,2.0,2.0,99.0,,1,9
6350,6,Moncloa,3912,918000,Piso,3.0,2.0,210.0,5.0,0,9
6351,6,Moncloa,3912,280000,Piso,1.0,1.0,60.0,1.0,0,9
6352,6,Moncloa,3912,2044100,Casa o chalet,5.0,8.0,855.0,,0,9
6353,6,Moncloa,3912,345000,Piso,1.0,1.0,87.0,1.0,1,9
6354,6,Moncloa,3912,178000,Piso,3.0,1.0,60.0,3.0,0,9
6355,6,Moncloa,3912,280000,Piso,1.0,1.0,60.0,1.0,0,9
6356,6,Moncloa,3912,230000,Piso,1.0,1.0,35.0,1.0,0,9
6357,6,Moncloa,3912,3241600,Casa o chalet,6.0,7.0,1282.0,,0,9
6358,6,Moncloa,3912,320000,Piso,3.0,1.0,73.0,6.0,1,9
6359,6,Moncloa,3912,1650000,Piso,3.0,3.0,220.0,5.0,1,9
6360,6,Moncloa,3912,995000,Piso,4.0,3.0,209.0,6.0,0,9
6361,6,Moncloa,3912,380000,Piso,1.0,1.0,93.0,3.0,0,9
6362,6,Moncloa,3912,495000,Piso,3.0,1.0,112.0,2.0,0,9
6363,6,Moncloa,3912,690000,Piso,3.0,2.0,145.0,2.0,0,9
6364,6,Moncloa,3912,830000,Piso,3.0,2.0,116.0,3.0,0,9
6365,6,Moncloa,3912,399000,Piso,2.0,1.0,94.0,,1,9
6366,6,Moncloa,3912,1650000,Casa adosada,5.0,6.0,500.0,,0,9
6367,6,Moncloa,3912,2975000,Casa adosada,6.0,5.0,840.0,,1,9
6368,6,Moncloa,3912,235000,Piso,2.0,1.0,54.0,1.0,0,9
6369,6,Moncloa,3912,350000,Piso,2.0,1.0,91.0,,0,9
6370,6,Moncloa,3912,1057000,Piso,4.0,2.0,297.0,2.0,0,9
6371,6,Moncloa,3912,1450000,Casa adosada,5.0,5.0,380.0,,1,9
6372,6,Moncloa,3912,730000,Casa o chalet,4.0,4.0,225.0,,1,9
6373,6,Moncloa,3912,235000,Piso,2.0,1.0,54.0,1.0,0,9
6374,6,Moncloa,3912,137000,Piso,3.0,1.0,75.0,,0,9
6375,6,Moncloa,3912,1050000,Piso,5.0,4.0,291.0,1.0,1,9
6376,6,Moncloa,3912,890000,Piso,3.0,2.0,128.0,,0,9
6377,6,Moncloa,3912,850000,Casa adosada,5.0,5.0,300.0,,1,9
6378,6,Moncloa,3912,715000,Piso,2.0,2.0,126.0,3.0,0,9
6379,6,Moncloa,3912,996999,Piso,5.0,2.0,270.0,,0,9
6380,6,Moncloa,3912,139000,Piso,3.0,1.0,80.0,3.0,0,9
6381,6,Moncloa,3912,159900,Dúplex,3.0,3.0,142.0,,0,9
6382,6,Moncloa,3912,659000,Piso,3.0,2.0,182.0,2.0,0,9
6383,6,Moncloa,3912,845000,Ático,3.0,4.0,152.0,4.0,1,9
6384,6,Moncloa,3912,85000,Piso,1.0,1.0,17.0,,0,9
6385,6,Moncloa,3912,1990000,Piso,3.0,3.0,322.0,3.0,1,9
6386,6,Moncloa,3912,1090000,Piso,5.0,3.0,297.0,3.0,0,9
6387,6,Moncloa,3912,398000,Piso,3.0,2.0,123.0,,0,9
6388,6,Moncloa,3912,4950000,Casa adosada,7.0,6.0,1150.0,,1,9
6389,6,Moncloa,3912,1050000,Piso,5.0,4.0,291.0,1.0,1,9
6390,6,Moncloa,3912,97500,Piso,1.0,1.0,42.0,,0,9
6391,6,Moncloa,3912,1340000,Casa o chalet,4.0,2.0,184.0,,1,9
6392,6,Moncloa,3912,875000,Piso,4.0,3.0,197.0,5.0,0,9
6393,6,Moncloa,3912,320000,Piso,3.0,1.0,73.0,6.0,1,9
6394,6,Moncloa,3912,585000,Piso,3.0,2.0,144.0,2.0,1,9
6395,6,Moncloa,3912,280000,Piso,1.0,1.0,60.0,1.0,0,9
6396,6,Moncloa,3912,799000,Piso,3.0,3.0,213.0,,0,9
6397,6,Moncloa,3912,380000,Piso,1.0,1.0,93.0,3.0,0,9
6398,6,Moncloa,3912,699000,Piso,5.0,1.0,145.0,,0,9
6399,6,Moncloa,3912,1050000,Piso,5.0,4.0,291.0,1.0,1,9
6400,6,Moncloa,3912,250000,Piso,2.0,1.0,46.0,,0,9
6401,6,Moncloa,3912,845000,Piso,3.0,2.0,114.0,2.0,0,9
6402,6,Moncloa,3912,479000,Piso,3.0,2.0,109.0,,0,9
6403,6,Moncloa,3912,1675000,Casa o chalet,5.0,5.0,450.0,,1,9
6404,6,Moncloa,3912,1500000,Piso,10.0,2.0,247.0,2.0,0,9
6405,6,Moncloa,3912,920000,Ático,4.0,4.0,220.0,2.0,1,9
6406,6,Moncloa,3912,215000,Piso,2.0,1.0,57.0,2.0,0,9
6407,6,Moncloa,3912,161000,Piso,1.0,1.0,49.0,,0,9
6408,6,Moncloa,3912,129900,Piso,3.0,1.0,64.0,1.0,0,9
6409,6,Moncloa,3912,140000,Piso,2.0,1.0,71.0,4.0,0,9
6410,6,Moncloa,3912,1780000,Casa o chalet,5.0,5.0,491.0,,1,9
6411,6,Moncloa,3912,830000,Piso,3.0,3.0,189.0,,0,9
6412,6,Moncloa,3912,475000,Piso,3.0,2.0,113.0,3.0,1,9
6413,6,Moncloa,3912,137000,Piso,3.0,1.0,65.0,,0,9
6414,6,Moncloa,3912,975000,Piso,,2.0,173.0,,0,9
6415,6,Moncloa,3912,350000,Apartamento,1.0,1.0,72.0,1.0,0,9
6416,6,Moncloa,3912,166500,Piso,3.0,1.0,83.0,7.0,0,9
6417,6,Moncloa,3912,380000,Piso,1.0,1.0,93.0,3.0,0,9
6418,6,Moncloa,3912,530000,Piso,3.0,2.0,119.0,1.0,1,9
6419,6,Moncloa,3912,660000,Casa adosada,4.0,3.0,180.0,,1,9
6420,6,Moncloa,3912,235000,Piso,2.0,1.0,54.0,1.0,0,9
6421,6,Moncloa,3912,124000,Piso,2.0,1.0,45.0,2.0,0,9
6422,6,Moncloa,3912,235000,Piso,2.0,1.0,54.0,1.0,0,9
6423,6,Moncloa,3912,470000,Piso,4.0,1.0,104.0,5.0,0,9
6424,6,Moncloa,3912,370000,Piso,4.0,2.0,118.0,,1,9
6425,6,Moncloa,3912,750000,Piso,4.0,2.0,121.0,4.0,0,9
6426,6,Moncloa,3912,186000,Piso,3.0,2.0,95.0,1.0,0,9
6427,6,Moncloa,3912,430000,Piso,4.0,2.0,122.0,3.0,1,9
6428,6,Moncloa,3912,590000,Piso,,2.0,101.0,,0,9
6429,6,Moncloa,3912,830000,Casa adosada,4.0,4.0,210.0,,1,9
6430,6,Moncloa,3912,251620,Piso,3.0,2.0,60.0,6.0,0,9
6431,6,Moncloa,3912,230000,Piso,2.0,1.0,73.0,,0,9
6432,6,Moncloa,3912,290000,Apartamento,1.0,1.0,59.0,5.0,0,9
6433,6,Moncloa,3912,2800000,Casa o chalet,8.0,8.0,1225.0,,1,9
6434,6,Moncloa,3912,1900000,Casa adosada,6.0,8.0,643.0,,1,9
6435,6,Moncloa,3912,230000,Piso,2.0,1.0,90.0,7.0,0,9
6436,6,Moncloa,3912,1292970,Piso,6.0,4.0,394.0,2.0,0,9
6437,6,Moncloa,3912,895000,Piso,4.0,2.0,194.0,4.0,0,9
6438,6,Moncloa,3912,280000,Piso,1.0,1.0,60.0,1.0,0,9
6439,6,Moncloa,3912,2500000,Casa o chalet,6.0,6.0,500.0,,0,9
6440,6,Moncloa,3912,433000,Piso,3.0,2.0,84.0,3.0,0,9
6441,6,Moncloa,3912,1600000,Piso,10.0,2.0,247.0,2.0,0,9
6442,6,Moncloa,3912,235000,Piso,2.0,1.0,54.0,1.0,0,9
6443,6,Moncloa,3912,1500000,Piso,4.0,3.0,250.0,1.0,0,9
6444,6,Moncloa,3912,2995000,Piso,6.0,5.0,485.0,2.0,1,9
6445,6,Moncloa,3912,523500,Piso,3.0,2.0,126.0,2.0,0,9
6446,6,Moncloa,3912,280000,Piso,1.0,1.0,60.0,1.0,0,9
6447,6,Moncloa,3912,325000,Piso,,1.0,38.0,2.0,0,9
6448,6,Moncloa,3912,2700000,Piso,4.0,5.0,303.0,,1,9
6449,6,Moncloa,3912,1050000,Piso,5.0,4.0,291.0,1.0,1,9
6450,6,Moncloa,3912,280000,Piso,1.0,1.0,60.0,1.0,0,9
6451,6,Moncloa,3912,800000,Casa o chalet,3.0,1.0,132.0,,0,9
6452,6,Moncloa,3912,255000,Estudio,1.0,1.0,50.0,,1,9
6453,6,Moncloa,3912,749000,Piso,3.0,3.0,175.0,1.0,1,9
6454,6,Moncloa,3912,380000,Piso,1.0,1.0,93.0,3.0,0,9
6455,6,Moncloa,3912,1750000,Casa adosada,8.0,7.0,998.0,,1,9
6456,6,Moncloa,3912,1050000,Piso,5.0,4.0,291.0,1.0,1,9
6457,6,Moncloa,3912,1942500,Casa o chalet,4.0,5.0,316.0,,1,9
6458,6,Moncloa,3912,1050000,Piso,5.0,4.0,291.0,1.0,1,9
6459,6,Moncloa,3912,236000,Piso,3.0,2.0,105.0,1.0,1,9
6460,6,Moncloa,3912,235000,Piso,2.0,1.0,54.0,1.0,0,9
6461,6,Moncloa,3912,122500,Piso,2.0,1.0,51.0,1.0,0,9
6462,6,Moncloa,3912,3250000,Casa o chalet,8.0,9.0,1560.0,,1,9
6463,6,Moncloa,3912,105000,Piso,3.0,1.0,60.0,,0,9
6464,6,Moncloa,3912,190000,Piso,3.0,1.0,93.0,5.0,0,9
6465,6,Moncloa,3912,1395000,Casa adosada,4.0,5.0,463.0,,1,9
6466,6,Moncloa,3912,290000,Piso,1.0,1.0,64.0,2.0,0,9
6467,6,Moncloa,3912,635000,Piso,3.0,2.0,139.0,4.0,0,9
6468,6,Moncloa,3912,235000,Piso,1.0,1.0,30.0,1.0,0,9
6469,6,Moncloa,3912,89500,Piso,2.0,1.0,51.0,3.0,0,9
6470,6,Moncloa,3912,280000,Piso,1.0,1.0,60.0,1.0,0,9
6471,6,Moncloa,3912,3500000,Casa o chalet,7.0,9.0,1186.0,,1,9
6472,6,Moncloa,3912,276420,Piso,1.0,1.0,45.0,,0,9
6473,6,Moncloa,3912,280000,Piso,1.0,1.0,60.0,1.0,0,9
6474,6,Moncloa,3912,430250,Ático,1.0,2.0,69.0,4.0,0,9
6475,6,Moncloa,3912,380000,Piso,1.0,1.0,93.0,3.0,0,9
6476,6,Moncloa,3912,995000,Piso,4.0,3.0,209.0,6.0,0,9
6477,6,Moncloa,3912,380000,Piso,1.0,1.0,93.0,3.0,0,9
6478,6,Moncloa,3912,490000,Piso,3.0,3.0,208.0,5.0,1,9
6479,6,Moncloa,3912,975000,Ático,3.0,4.0,232.0,,1,9
6480,6,Moncloa,3912,355000,Piso,2.0,2.0,76.0,1.0,1,9
6481,6,Moncloa,3912,280000,Piso,1.0,1.0,60.0,1.0,0,9
6482,6,Moncloa,3912,829000,Casa adosada,5.0,4.0,287.0,,1,9
6483,6,Moncloa,3912,235000,Piso,2.0,1.0,54.0,1.0,0,9
6484,6,Moncloa,3912,2044100,Casa o chalet,6.0,8.0,885.0,,1,9
6485,6,Moncloa,3912,95000,Piso,2.0,1.0,91.0,1.0,0,9
6486,6,Moncloa,3912,275000,Apartamento,1.0,2.0,45.0,,0,9
6487,6,Moncloa,3912,670000,Piso,4.0,3.0,158.0,1.0,1,9
6488,6,Moncloa,3912,1630000,Casa o chalet,4.0,5.0,443.0,,1,9
6489,6,Moncloa,3912,535000,Piso,3.0,2.0,130.0,,0,9
6490,6,Moncloa,3912,1050000,Piso,5.0,4.0,291.0,1.0,1,9
6491,6,Moncloa,3912,920000,Ático,4.0,2.0,242.0,7.0,0,9
6492,6,Moncloa,3912,150000,Piso,3.0,1.0,74.0,,0,9
6493,6,Moncloa,3912,150000,Piso,1.0,1.0,38.0,4.0,0,9
6494,6,Moncloa,3912,665000,Piso,3.0,2.0,130.0,8.0,1,9
6495,6,Moncloa,3912,225000,Piso,2.0,1.0,60.0,,0,9
6496,6,Moncloa,3912,296000,Piso,3.0,1.0,67.0,,0,9
6497,6,Moncloa,3912,450000,Ático,2.0,2.0,95.0,5.0,1,9
6498,6,Moncloa,3912,215000,Piso,1.0,1.0,43.0,,0,9
6499,6,Moncloa,3912,390000,Piso,1.0,1.0,55.0,,0,9
6500,6,Moncloa,3912,544600,Piso,2.0,2.0,87.0,1.0,0,9
6501,6,Moncloa,3912,2490000,Casa adosada,7.0,7.0,835.0,,1,9
6502,6,Moncloa,3912,495000,Piso,2.0,2.0,99.0,,0,9
6503,6,Moncloa,3912,380000,Piso,1.0,1.0,93.0,3.0,0,9
6504,6,Moncloa,3912,785000,Piso,5.0,4.0,273.0,,1,9
6505,6,Moncloa,3912,280000,Piso,1.0,1.0,60.0,1.0,0,9
6506,6,Moncloa,3912,889000,Casa o chalet,7.0,5.0,447.0,,1,9
6507,6,Moncloa,3912,319000,Piso,2.0,2.0,66.0,1.0,0,9
6508,6,Moncloa,3912,385000,Piso,2.0,2.0,92.0,,1,9
6509,6,Moncloa,3912,425000,Piso,3.0,2.0,134.0,,0,9
6510,6,Moncloa,3912,895000,Piso,,3.0,218.0,,0,9
6511,6,Moncloa,3912,309900,Piso,4.0,2.0,90.0,3.0,0,9
6512,6,Moncloa,3912,698000,Ático,3.0,2.0,115.0,8.0,0,9
6513,6,Moncloa,3912,101500,Piso,2.0,1.0,61.0,,0,9
6514,6,Moncloa,3912,2000000,Casa o chalet,7.0,8.0,918.0,,1,9
6515,6,Moncloa,3912,320000,Piso,3.0,1.0,73.0,6.0,1,9
6516,6,Moncloa,3912,499000,Piso,3.0,3.0,223.0,,1,9
6517,6,Moncloa,3912,816000,Ático,2.0,3.0,156.0,7.0,0,9
6518,6,Moncloa,3912,280000,Piso,1.0,1.0,60.0,1.0,0,9
6519,6,Moncloa,3912,380000,Piso,1.0,1.0,93.0,3.0,0,9
6520,6,Moncloa,3912,560000,Ático,3.0,2.0,141.0,,1,9
6521,6,Moncloa,3912,110000,Piso,3.0,1.0,60.0,2.0,0,9
6522,6,Moncloa,3912,235000,Piso,2.0,1.0,54.0,1.0,0,9
6523,6,Moncloa,3912,640000,Piso,3.0,2.0,150.0,4.0,1,9
6524,6,Moncloa,3912,129900,Piso,2.0,1.0,77.0,1.0,0,9
6525,6,Moncloa,3912,980000,Piso,4.0,3.0,195.0,4.0,0,9
6526,6,Moncloa,3912,1480000,Casa o chalet,7.0,6.0,603.0,,1,9
6527,6,Moncloa,3912,2500000,Casa adosada,11.0,10.0,,,1,9
6528,6,Moncloa,3912,550500,Piso,1.0,1.0,92.0,3.0,0,9
6529,6,Moncloa,3912,515920,Piso,4.0,2.0,149.0,,0,9
6530,6,Moncloa,3912,310000,Piso,2.0,2.0,96.0,4.0,1,9
6531,6,Moncloa,3912,770000,Piso,4.0,2.0,154.0,,0,9
6532,6,Moncloa,3912,360000,Piso,3.0,1.0,87.0,,0,9
6533,6,Moncloa,3912,1090000,Casa adosada,7.0,5.0,539.0,,1,9
6534,6,Moncloa,3912,799000,Piso,3.0,2.0,163.0,5.0,0,9
6535,6,Moncloa,3912,384000,Apartamento,1.0,1.0,55.0,9.0,0,9
6536,6,Moncloa,3912,700000,Piso,4.0,3.0,174.0,2.0,0,9
6537,6,Moncloa,3912,358000,Piso,3.0,2.0,103.0,4.0,1,9
6538,6,Moncloa,3912,235000,Piso,2.0,1.0,54.0,1.0,0,9
6539,6,Moncloa,3912,499000,Piso,2.0,2.0,120.0,2.0,1,9
6540,6,Moncloa,3912,799000,Piso,3.0,2.0,163.0,5.0,0,9
6541,6,Moncloa,3912,375000,Apartamento,1.0,1.0,50.0,6.0,1,9
6542,6,Moncloa,3912,995000,Piso,4.0,3.0,209.0,6.0,0,9
6543,6,Moncloa,3912,2044100,Casa o chalet,5.0,8.0,855.0,,0,9
6544,6,Moncloa,3912,2800000,Casa adosada,7.0,9.0,750.0,,1,9
6545,6,Moncloa,3912,280000,Piso,1.0,1.0,60.0,1.0,0,9
6546,6,Moncloa,3912,1680000,Casa o chalet,6.0,5.0,660.0,,1,9
6547,6,Moncloa,3912,340000,Piso,3.0,2.0,70.0,1.0,0,9
6548,6,Moncloa,3912,185000,Piso,2.0,1.0,60.0,,0,9
6549,6,Moncloa,3912,155000,Piso,3.0,1.0,79.0,3.0,0,9
6550,6,Moncloa,3912,280000,Piso,1.0,1.0,60.0,1.0,0,9
6551,6,Moncloa,3912,695000,Casa o chalet,4.0,4.0,265.0,,1,9
6552,6,Moncloa,3912,1390000,Piso,5.0,3.0,155.0,3.0,0,9
6553,6,Moncloa,3912,1050000,Piso,5.0,4.0,291.0,1.0,1,9
6554,6,Moncloa,3912,280000,Piso,1.0,1.0,60.0,1.0,0,9
6555,6,Moncloa,3912,199000,Piso,3.0,1.0,82.0,1.0,0,9
6556,6,Moncloa,3912,280000,Piso,1.0,1.0,60.0,1.0,0,9
6557,6,Moncloa,3912,100000,Piso,2.0,1.0,60.0,1.0,0,9
6558,6,Moncloa,3912,625000,Piso,4.0,2.0,149.0,1.0,1,9
6559,6,Moncloa,3912,449000,Apartamento,1.0,1.0,68.0,5.0,0,9
6560,6,Moncloa,3912,3000000,Casa adosada,11.0,14.0,2400.0,,1,9
6561,6,Moncloa,3912,162000,Piso,1.0,1.0,62.0,,0,9
6562,6,Moncloa,3912,375000,Piso,3.0,1.0,84.0,1.0,0,9
6563,6,Moncloa,3912,130000,Piso,1.0,1.0,52.0,,0,9
6564,6,Moncloa,3912,1050000,Piso,5.0,4.0,291.0,1.0,1,9
6565,6,Moncloa,3912,235000,Piso,2.0,1.0,54.0,1.0,0,9
6566,6,Moncloa,3912,315000,Piso,3.0,1.0,94.0,2.0,1,9
6567,6,Moncloa,3912,305000,Piso,1.0,1.0,60.0,,1,9
6568,6,Moncloa,3912,750000,Piso,4.0,3.0,170.0,5.0,1,9
6569,6,Moncloa,3912,490000,Piso,5.0,1.0,139.0,2.0,0,9
6570,6,Moncloa,3912,320000,Piso,3.0,2.0,110.0,2.0,1,9
6571,6,Moncloa,3912,377000,Piso,2.0,2.0,83.0,2.0,0,9
6572,6,Moncloa,3912,125000,Piso,1.0,1.0,26.0,,0,9
6573,6,Moncloa,3912,1080000,Casa adosada,5.0,5.0,360.0,,1,9
6574,6,Moncloa,3912,995000,Piso,4.0,3.0,209.0,6.0,0,9
6575,6,Moncloa,3912,380000,Piso,1.0,1.0,93.0,3.0,0,9
6576,6,Moncloa,3912,485000,Piso,2.0,2.0,95.0,2.0,1,9
6577,6,Moncloa,3912,575000,Piso,2.0,1.0,102.0,,0,9
6578,6,Moncloa,3912,265000,Piso,1.0,1.0,64.0,3.0,1,9
6579,6,Moncloa,3912,1975000,Casa o chalet,6.0,3.0,1180.0,,1,9
6580,6,Moncloa,3912,260000,Estudio,,1.0,41.0,,0,9
6581,6,Moncloa,3912,990000,Casa o chalet,5.0,5.0,360.0,,1,9
6582,6,Moncloa,3912,3241600,Casa o chalet,6.0,7.0,1282.0,,0,9
6583,6,Moncloa,3912,715000,Casa adosada,5.0,3.0,383.0,,1,9
6584,6,Moncloa,3912,995000,Piso,4.0,3.0,209.0,6.0,0,9
6585,6,Moncloa,3912,995000,Piso,4.0,3.0,209.0,6.0,0,9
6586,6,Moncloa,3912,280000,Piso,1.0,1.0,60.0,1.0,0,9
6587,6,Moncloa,3912,110000,Piso,4.0,14.0,72.0,4.0,0,9
6588,6,Moncloa,3912,235000,Piso,2.0,1.0,54.0,1.0,0,9
6589,6,Moncloa,3912,957000,Piso,4.0,3.0,213.0,,1,9
6590,6,Moncloa,3912,1195000,Piso,4.0,4.0,242.0,,1,9
6591,6,Moncloa,3912,641000,Piso,5.0,2.0,181.0,4.0,0,9
6592,6,Moncloa,3912,2350000,Casa o chalet,8.0,9.0,1140.0,,1,9
6593,6,Moncloa,3912,1750000,Casa o chalet,7.0,3.0,700.0,,1,9
6594,6,Moncloa,3912,107000,Piso,1.0,1.0,54.0,,1,9
6595,6,Moncloa,3912,2250000,Casa o chalet,6.0,,691.0,,0,9
6596,6,Moncloa,3912,429000,Piso,4.0,2.0,109.0,5.0,0,9
6597,6,Moncloa,3912,580000,Piso,4.0,2.0,124.0,4.0,1,9
6598,6,Moncloa,3912,350000,Apartamento,1.0,1.0,72.0,1.0,0,9
6599,6,Moncloa,3912,1650000,Casa o chalet,3.0,4.0,509.0,,1,9
6600,6,Moncloa,3912,150000,Piso,3.0,1.0,70.0,4.0,0,9
6601,6,Moncloa,3912,800000,Piso,4.0,3.0,170.0,2.0,1,9
6602,6,Moncloa,3912,280000,Piso,1.0,1.0,60.0,1.0,0,9
6603,6,Moncloa,3912,380000,Piso,1.0,1.0,93.0,3.0,0,9
6604,6,Moncloa,3912,895100,Piso,5.0,4.0,218.0,,1,9
6605,6,Moncloa,3912,1050000,Piso,5.0,4.0,291.0,1.0,1,9
6606,6,Moncloa,3912,699999,Dúplex,3.0,2.0,160.0,3.0,1,9
6607,6,Moncloa,3912,1950000,Casa adosada,8.0,6.0,450.0,,0,9
6608,6,Moncloa,3912,310000,Piso,2.0,1.0,80.0,,0,9
6609,6,Moncloa,3912,320000,Piso,3.0,1.0,73.0,6.0,1,9
6610,6,Moncloa,3912,745000,Piso,3.0,2.0,167.0,7.0,0,9
6611,6,Moncloa,3912,1485000,Piso,3.0,3.0,180.0,7.0,1,9
6612,6,Moncloa,3912,720000,Casa o chalet,5.0,4.0,192.0,,0,9
6613,6,Moncloa,3912,177500,Piso,2.0,1.0,57.0,1.0,0,9
6614,6,Moncloa,3912,159900,Dúplex,1.0,1.0,55.0,5.0,1,9
6615,6,Moncloa,3912,136000,Estudio,,1.0,25.0,1.0,0,9
6616,6,Moncloa,3912,280000,Piso,1.0,1.0,60.0,1.0,0,9
6617,6,Moncloa,3912,235000,Piso,2.0,1.0,54.0,1.0,0,9
6618,6,Moncloa,3912,995000,Piso,4.0,3.0,209.0,6.0,0,9
6619,6,Moncloa,3912,90000,Piso,3.0,1.0,60.0,2.0,0,9
6620,6,Moncloa,3912,280000,Piso,1.0,1.0,60.0,1.0,0,9
6621,6,Moncloa,3912,840000,Casa adosada,4.0,4.0,286.0,,0,9
6622,6,Moncloa,3912,2200000,Casa adosada,6.0,6.0,677.0,,1,9
6623,6,Moncloa,3912,950000,Casa o chalet,4.0,4.0,330.0,,1,9
6624,6,Moncloa,3912,1595000,Casa adosada,5.0,5.0,400.0,,1,9
6625,6,Moncloa,3912,118000,Piso,2.0,1.0,63.0,,0,9
6626,6,Moncloa,3912,415000,Piso,,1.0,105.0,6.0,0,9
6627,6,Moncloa,3912,2950000,Casa o chalet,5.0,7.0,800.0,,0,9
6628,6,Moncloa,3912,495000,Piso,3.0,2.0,107.0,,0,9
6629,6,Moncloa,3912,134000,Estudio,,,39.0,,0,9
6630,6,Moncloa,3912,210000,Piso,1.0,1.0,60.0,,0,9
6631,6,Moncloa,3912,235000,Piso,2.0,1.0,54.0,1.0,0,9
6632,6,Moncloa,3912,345000,Piso,1.0,1.0,69.0,,1,9
6633,6,Moncloa,3912,235000,Piso,2.0,1.0,54.0,1.0,0,9
6634,6,Moncloa,3912,995000,Piso,4.0,3.0,209.0,6.0,0,9
6635,6,Moncloa,3912,235000,Piso,2.0,1.0,54.0,1.0,0,9
6636,6,Moncloa,3912,995000,Piso,4.0,3.0,209.0,6.0,0,9
6637,6,Moncloa,3912,169000,Apartamento,1.0,1.0,32.0,,0,9
6638,6,Moncloa,3912,407000,Piso,3.0,2.0,154.0,11.0,1,9
6639,6,Moncloa,3912,220000,Piso,4.0,1.0,78.0,2.0,0,9
6640,6,Moncloa,3912,216000,Piso,3.0,2.0,97.0,2.0,1,9
6641,6,Moncloa,3912,3200000,Casa o chalet,7.0,6.0,1000.0,,1,9
6642,6,Moncloa,3912,1630000,Casa o chalet,,5.0,443.0,,1,9
6643,6,Moncloa,3912,3200000,Casa o chalet,7.0,6.0,1000.0,,1,9
6644,6,Moncloa,3912,1190000,Casa adosada,6.0,5.0,432.0,,1,9
6645,6,Moncloa,3912,799000,Piso,3.0,2.0,163.0,5.0,0,9
6646,6,Moncloa,3912,670000,Piso,3.0,3.0,217.0,,0,9
6647,6,Moncloa,3912,162500,Piso,1.0,1.0,37.0,,0,9
6648,6,Moncloa,3912,1800000,Casa o chalet,5.0,4.0,467.0,,1,9
6649,6,Moncloa,3912,335000,Piso,2.0,1.0,97.0,11.0,0,9
6650,6,Moncloa,3912,699000,Piso,6.0,3.0,150.0,3.0,0,9
6651,6,Moncloa,3912,1050000,Piso,5.0,4.0,291.0,1.0,1,9
6652,6,Moncloa,3912,270000,Piso,1.0,2.0,122.0,,1,9
6653,6,Moncloa,3912,1390000,Casa o chalet,5.0,6.0,400.0,,1,9
6654,6,Moncloa,3912,595000,Piso,5.0,2.0,159.0,1.0,0,9
6655,6,Moncloa,3912,435000,Piso,1.0,1.0,77.0,,0,9
6656,6,Moncloa,3912,185000,Estudio,,1.0,49.0,6.0,0,9
6657,6,Moncloa,3912,345000,Piso,3.0,2.0,91.0,12.0,1,9
6658,6,Moncloa,3912,998000,Piso,4.0,3.0,212.0,,1,9
6659,6,Moncloa,3912,280000,Piso,1.0,1.0,60.0,1.0,0,9
6660,6,Moncloa,3912,1600000,Casa o chalet,6.0,4.0,920.0,,1,9
6661,6,Moncloa,3912,750000,Casa o chalet,5.0,4.0,320.0,,1,9
6662,6,Moncloa,3912,280000,Piso,1.0,1.0,60.0,1.0,0,9
6663,6,Moncloa,3912,115000,Piso,1.0,1.0,34.0,,0,9
6664,6,Moncloa,3912,539000,Piso,3.0,2.0,150.0,5.0,1,9
6665,6,Moncloa,3912,2500000,Casa o chalet,11.0,10.0,,,1,9
6666,6,Moncloa,3912,695000,Dúplex,2.0,1.0,68.0,1.0,0,9
6667,6,Moncloa,3912,112000,Piso,,2.0,70.0,2.0,0,9
6668,6,Moncloa,3912,2800000,Casa o chalet,16.0,10.0,1308.0,,1,9
6669,6,Moncloa,3912,350000,Apartamento,1.0,1.0,72.0,1.0,0,9
6670,6,Moncloa,3912,280000,Piso,1.0,1.0,60.0,1.0,0,9
6671,6,Moncloa,3912,280000,Piso,1.0,1.0,60.0,1.0,0,9
6672,6,Moncloa,3912,132500,Piso,1.0,1.0,56.0,1.0,0,9
6673,6,Moncloa,3912,2386700,Casa o chalet,7.0,6.0,1245.0,,1,9
6674,6,Moncloa,3912,1400000,Casa o chalet,3.0,5.0,750.0,,1,9
6675,6,Moncloa,3912,1050000,Piso,5.0,4.0,291.0,1.0,1,9
6676,6,Moncloa,3912,280000,Piso,1.0,1.0,60.0,1.0,0,9
6677,6,Moncloa,3912,1450000,Piso,5.0,2.0,379.0,,0,9
6678,6,Moncloa,3912,920000,Casa adosada,7.0,4.0,484.0,,1,9
6679,6,Moncloa,3912,680000,Piso,4.0,3.0,194.0,10.0,1,9
6680,6,Moncloa,3912,2900000,Casa o chalet,6.0,6.0,790.0,,1,9
6681,6,Moncloa,3912,380000,Piso,1.0,1.0,93.0,3.0,0,9
6682,6,Moncloa,3912,523500,Piso,3.0,2.0,126.0,2.0,0,9
6683,6,Moncloa,3912,1750000,Casa o chalet,8.0,7.0,998.0,,1,9
6684,6,Moncloa,3912,3295000,Casa adosada,6.0,7.0,982.0,,1,9
6685,6,Moncloa,3912,715000,Piso,2.0,2.0,112.0,3.0,0,9
6686,6,Moncloa,3912,745000,Piso,3.0,2.0,167.0,7.0,1,9
6687,6,Moncloa,3912,795000,Piso,4.0,2.0,170.0,,0,9
6688,6,Moncloa,3912,850000,Casa adosada,4.0,4.0,254.0,,0,9
6689,6,Moncloa,3912,225000,Piso,1.0,1.0,33.0,4.0,0,9
6690,6,Moncloa,3912,1385000,Casa adosada,5.0,5.0,500.0,,1,9
6691,6,Moncloa,3912,280000,Piso,1.0,1.0,60.0,1.0,0,9
6692,6,Moncloa,3912,280000,Piso,1.0,1.0,60.0,1.0,0,9
6693,6,Moncloa,3912,1190000,Casa adosada,6.0,5.0,432.0,,1,9
6694,6,Moncloa,3912,460000,Dúplex,4.0,3.0,168.0,,0,9
6695,6,Moncloa,3912,160000,Piso,3.0,1.0,88.0,4.0,0,9
6696,6,Moncloa,3912,280000,Piso,1.0,1.0,60.0,1.0,0,9
6697,6,Moncloa,3912,380000,Piso,1.0,1.0,93.0,3.0,0,9
6698,6,Moncloa,3912,115000,Piso,3.0,1.0,68.0,1.0,0,9
6699,6,Moncloa,3912,780000,Piso,4.0,3.0,185.0,,1,9
6700,6,Moncloa,3912,1890000,Piso,5.0,4.0,326.0,,1,9
6701,6,Moncloa,3912,95000,Piso,3.0,1.0,48.0,,0,9
6702,6,Moncloa,3912,359000,Piso,2.0,2.0,90.0,,0,9
6703,6,Moncloa,3912,1050000,Piso,5.0,4.0,291.0,1.0,1,9
6704,6,Moncloa,3912,1190000,Piso,4.0,4.0,237.0,,1,9
6705,6,Moncloa,3912,995000,Piso,4.0,3.0,209.0,6.0,0,9
6706,6,Moncloa,3912,225000,Piso,1.0,1.0,45.0,3.0,0,9
6707,6,Moncloa,3912,125500,Piso,3.0,1.0,60.0,,0,9
6708,6,Moncloa,3912,280000,Piso,1.0,1.0,60.0,1.0,0,9
6709,6,Moncloa,3912,205000,Piso,3.0,1.0,98.0,,1,9
6710,6,Moncloa,3912,368000,Piso,2.0,2.0,92.0,,1,9
6711,6,Moncloa,3912,239000,Piso,3.0,1.0,84.0,7.0,0,9
6712,6,Moncloa,3912,995000,Piso,4.0,3.0,209.0,6.0,0,9
6713,6,Moncloa,3912,4950000,Casa o chalet,7.0,6.0,1150.0,,1,9
6714,6,Moncloa,3912,670000,Piso,4.0,3.0,176.0,1.0,1,9
6715,6,Moncloa,3912,445000,Piso,1.0,1.0,94.0,5.0,1,9
6716,6,Moncloa,3912,920000,Ático,4.0,4.0,220.0,2.0,1,9
6717,6,Moncloa,3912,995000,Piso,3.0,2.0,175.0,12.0,0,9
6718,6,Moncloa,3912,139800,Piso,2.0,2.0,68.0,1.0,0,9
6719,6,Moncloa,3912,1807400,Casa o chalet,5.0,3.0,696.0,,0,9
6720,6,Moncloa,3912,689000,Piso,3.0,2.0,127.0,,1,9
6721,6,Moncloa,3912,955000,Piso,4.0,3.0,185.0,,1,9
6722,6,Moncloa,3912,4350000,Piso,5.0,10.0,404.0,2.0,1,9
6723,6,Moncloa,3912,1050000,Piso,5.0,4.0,291.0,1.0,1,9
6724,6,Moncloa,3912,146000,Piso,2.0,,53.0,,0,9
6725,6,Moncloa,3912,860000,Piso,6.0,4.0,291.0,3.0,1,9
6726,6,Moncloa,3912,382000,Piso,1.0,1.0,58.0,3.0,1,9
6727,6,Moncloa,3912,360000,Piso,2.0,2.0,107.0,1.0,1,9
6728,6,Moncloa,3912,280000,Piso,1.0,1.0,60.0,1.0,0,9
6729,6,Moncloa,3912,995000,Piso,4.0,3.0,209.0,6.0,0,9
6730,6,Moncloa,3912,280000,Piso,3.0,1.0,92.0,,0,9
6731,6,Moncloa,3912,1600000,Casa o chalet,6.0,4.0,825.0,,1,9
6732,6,Moncloa,3912,320000,Piso,3.0,1.0,73.0,6.0,1,9
6733,6,Moncloa,3912,555000,Piso,2.0,2.0,101.0,4.0,0,9
6734,6,Moncloa,3912,480000,Piso,1.0,1.0,65.0,3.0,1,9
6735,6,Moncloa,3912,1100000,Dúplex,6.0,4.0,281.0,3.0,1,9
6736,6,Moncloa,3912,219000,Piso,2.0,1.0,73.0,,0,9
6737,6,Moncloa,3912,1630000,Casa o chalet,4.0,5.0,443.0,,0,9
6738,6,Moncloa,3912,390000,Piso,4.0,2.0,111.0,1.0,0,9
6739,6,Moncloa,3912,297840,Piso,1.0,1.0,62.0,8.0,0,9
6740,6,Moncloa,3912,1050000,Piso,5.0,4.0,291.0,1.0,1,9
6741,6,Moncloa,3912,3500000,Casa adosada,5.0,6.0,1229.0,,1,9
6742,6,Moncloa,3912,799900,Piso,2.0,2.0,177.0,,0,9
6743,6,Moncloa,3912,235000,Piso,2.0,1.0,54.0,1.0,0,9
6744,6,Moncloa,3912,2500000,Casa o chalet,4.0,7.0,700.0,,1,9
6745,6,Moncloa,3912,165000,Piso,3.0,1.0,70.0,2.0,0,9
6746,6,Moncloa,3912,287370,Piso,2.0,2.0,95.0,3.0,0,9
6747,6,Moncloa,3912,379900,Piso,2.0,2.0,89.0,2.0,1,9
6748,6,Moncloa,3912,2200000,Piso,4.0,4.0,300.0,2.0,0,9
6749,6,Moncloa,3912,995000,Piso,4.0,3.0,209.0,6.0,0,9
6750,6,Moncloa,3912,235000,Piso,2.0,1.0,54.0,1.0,0,9
6751,6,Moncloa,3912,380000,Piso,1.0,1.0,93.0,3.0,0,9
6752,6,Moncloa,3912,154500,Piso,1.0,1.0,42.0,1.0,0,9
6753,6,Moncloa,3912,2990000,Dúplex,3.0,4.0,383.0,10.0,1,9
6754,6,Moncloa,3912,329000,Piso,3.0,2.0,80.0,,0,9
6755,6,Moncloa,3912,880000,Apartamento,4.0,2.0,132.0,,0,9
6756,6,Moncloa,3912,1500000,Casa adosada,6.0,5.0,606.0,,1,9
6757,6,Moncloa,3912,2686500,Piso,6.0,2.0,272.0,6.0,0,9
6758,6,Moncloa,3912,1595000,Casa o chalet,5.0,5.0,400.0,,1,9
6759,6,Moncloa,3912,1425000,Piso,4.0,4.0,203.0,14.0,0,9
6760,6,Moncloa,3912,320000,Piso,3.0,1.0,73.0,6.0,1,9
6761,6,Moncloa,3912,565000,Piso,3.0,3.0,157.0,1.0,0,9
6762,6,Moncloa,3912,179000,Piso,2.0,1.0,58.0,,0,9
6763,6,Moncloa,3912,985000,Casa adosada,7.0,6.0,259.0,,1,9
6764,6,Moncloa,3912,995000,Piso,4.0,3.0,249.0,8.0,1,9
6765,6,Moncloa,3912,780000,Dúplex,4.0,3.0,287.0,8.0,0,9
6766,6,Moncloa,3912,3500000,Casa o chalet,5.0,6.0,1229.0,,1,9
6767,6,Moncloa,3912,159400,Piso,1.0,1.0,48.0,1.0,0,9
6768,6,Moncloa,3912,995000,Piso,4.0,3.0,260.0,1.0,1,9
6769,6,Moncloa,3912,168000,Piso,2.0,1.0,66.0,,0,9
6770,6,Moncloa,3912,740000,Ático,4.0,3.0,200.0,,0,9
6771,6,Moncloa,3912,950000,Casa o chalet,4.0,4.0,330.0,,1,9
6772,6,Moncloa,3912,1500000,Casa adosada,6.0,5.0,606.0,,1,9
6773,6,Moncloa,3912,190000,Piso,2.0,1.0,71.0,3.0,0,9
6774,6,Moncloa,3912,235000,Piso,2.0,1.0,54.0,1.0,0,9
6775,6,Moncloa,3912,895000,Piso,3.0,3.0,148.0,1.0,1,9
6776,6,Moncloa,3912,665000,Piso,2.0,2.0,139.0,3.0,0,9
6777,6,Moncloa,3912,235000,Piso,2.0,1.0,54.0,1.0,0,9
6778,6,Moncloa,3912,199000,Piso,2.0,1.0,65.0,3.0,0,9
6779,6,Moncloa,3912,544600,Piso,2.0,2.0,87.0,1.0,0,9
6780,6,Moncloa,3912,235000,Piso,2.0,1.0,54.0,1.0,0,9
6781,6,Moncloa,3912,154000,Piso,3.0,1.0,78.0,3.0,0,9
6782,6,Moncloa,3912,560000,Piso,3.0,2.0,145.0,3.0,0,9
6783,6,Moncloa,3912,995000,Piso,4.0,3.0,209.0,6.0,0,9
6784,6,Moncloa,3912,160000,Piso,3.0,1.0,70.0,,0,9
6785,6,Moncloa,3912,483000,Piso,3.0,2.0,120.0,,1,9
6786,6,Moncloa,3912,245000,Piso,3.0,2.0,110.0,1.0,1,9
6787,6,Moncloa,3912,235000,Piso,2.0,1.0,54.0,1.0,0,9
6788,6,Moncloa,3912,270000,Piso,1.0,1.0,58.0,,0,9
6789,6,Moncloa,3912,734000,Piso,4.0,2.0,155.0,,0,9
6790,6,Moncloa,3912,1050000,Piso,5.0,4.0,291.0,1.0,1,9
6791,6,Moncloa,3912,665000,Piso,6.0,2.0,157.0,,0,9
6792,6,Moncloa,3912,620000,Piso,4.0,3.0,170.0,5.0,1,9
6793,6,Moncloa,3912,1840000,Apartamento,3.0,3.0,223.0,,1,9
6794,6,Moncloa,3912,4950000,Casa o chalet,7.0,6.0,1150.0,,1,9
6795,6,Moncloa,3912,540000,Piso,1.0,1.0,65.0,5.0,1,9
6796,6,Moncloa,3912,184000,Piso,1.0,1.0,37.0,,0,9
6797,6,Moncloa,3912,292000,Piso,1.0,1.0,66.0,3.0,0,9
6798,6,Moncloa,3912,205000,Piso,2.0,1.0,51.0,2.0,0,9
6799,6,Moncloa,3912,1850000,Piso,3.0,3.0,176.0,3.0,0,9
6800,6,Moncloa,3912,380000,Piso,1.0,1.0,93.0,3.0,0,9
6801,6,Moncloa,3912,380000,Piso,1.0,1.0,93.0,3.0,0,9
6802,6,Moncloa,3912,350000,Apartamento,1.0,1.0,72.0,1.0,0,9
6803,6,Moncloa,3912,1050000,Piso,5.0,4.0,291.0,1.0,1,9
6804,6,Moncloa,3912,320000,Piso,3.0,1.0,73.0,6.0,1,9
6805,6,Moncloa,3912,280000,Piso,1.0,1.0,60.0,1.0,0,9
6806,6,Moncloa,3912,120000,Apartamento,3.0,1.0,90.0,2.0,0,9
6807,6,Moncloa,3912,155000,Piso,4.0,2.0,79.0,2.0,0,9
6808,6,Moncloa,3912,850000,Casa adosada,5.0,5.0,300.0,,1,9
6809,6,Moncloa,3912,370000,Piso,4.0,2.0,110.0,1.0,0,9
6810,6,Moncloa,3912,550000,Piso,4.0,2.0,140.0,5.0,1,9
6811,13,Moratalaz,2569,115000,Piso,3.0,1.0,64.0,3.0,0,10
6812,13,Moratalaz,2569,171900,Piso,3.0,1.0,90.0,,0,10
6813,13,Moratalaz,2569,130000,Piso,3.0,1.0,58.0,,0,10
6814,13,Moratalaz,2569,370000,Piso,4.0,2.0,154.0,,0,10
6815,13,Moratalaz,2569,115000,Piso,3.0,1.0,64.0,3.0,0,10
6816,13,Moratalaz,2569,195000,Piso,4.0,2.0,114.0,3.0,0,10
6817,13,Moratalaz,2569,171900,Piso,3.0,1.0,90.0,,0,10
6818,13,Moratalaz,2569,240000,Planta baja,3.0,2.0,92.0,,0,10
6819,13,Moratalaz,2569,225000,Piso,1.0,1.0,45.0,3.0,0,10
6820,13,Moratalaz,2569,85000,Dúplex,1.0,1.0,40.0,,0,10
6821,13,Moratalaz,2569,115000,Piso,3.0,1.0,64.0,3.0,0,10
6822,13,Moratalaz,2569,115000,Piso,3.0,1.0,64.0,3.0,0,10
6823,13,Moratalaz,2569,135000,Piso,3.0,1.0,70.0,2.0,0,10
6824,13,Moratalaz,2569,150000,Piso,3.0,,71.0,2.0,0,10
6825,13,Moratalaz,2569,171900,Piso,3.0,1.0,90.0,,0,10
6826,13,Moratalaz,2569,224000,Piso,3.0,2.0,92.0,5.0,1,10
6827,13,Moratalaz,2569,171900,Piso,3.0,1.0,90.0,,0,10
6828,13,Moratalaz,2569,479900,Piso,4.0,2.0,118.0,1.0,1,10
6829,13,Moratalaz,2569,171900,Piso,3.0,1.0,90.0,,0,10
6830,13,Moratalaz,2569,225000,Piso,3.0,2.0,95.0,,0,10
6831,13,Moratalaz,2569,115000,Piso,3.0,1.0,64.0,3.0,0,10
6832,13,Moratalaz,2569,125000,Piso,3.0,1.0,72.0,3.0,0,10
6833,13,Moratalaz,2569,171900,Piso,3.0,1.0,90.0,,0,10
6834,13,Moratalaz,2569,178000,Piso,3.0,1.0,60.0,3.0,0,10
6835,13,Moratalaz,2569,171900,Piso,3.0,1.0,90.0,,0,10
6836,13,Moratalaz,2569,100000,Piso,2.0,1.0,46.0,1.0,0,10
6837,13,Moratalaz,2569,589000,Piso,4.0,2.0,179.0,5.0,0,10
6838,13,Moratalaz,2569,85000,Apartamento,1.0,1.0,51.0,,0,10
6839,13,Moratalaz,2569,112000,Piso,1.0,1.0,35.0,2.0,0,10
6840,13,Moratalaz,2569,129000,Piso,,1.0,68.0,,0,10
6841,13,Moratalaz,2569,149000,Piso,3.0,1.0,50.0,,0,10
6842,13,Moratalaz,2569,99000,Piso,2.0,1.0,60.0,3.0,0,10
6843,13,Moratalaz,2569,150000,Dúplex,2.0,4.0,99.0,,1,10
6844,13,Moratalaz,2569,115000,Piso,3.0,1.0,64.0,3.0,0,10
6845,13,Moratalaz,2569,880000,Piso,4.0,2.0,148.0,3.0,1,10
6846,13,Moratalaz,2569,115000,Piso,3.0,1.0,64.0,3.0,0,10
6847,13,Moratalaz,2569,141000,Piso,3.0,1.0,60.0,,0,10
6848,13,Moratalaz,2569,151000,Piso,3.0,2.0,94.0,3.0,0,10
6849,13,Moratalaz,2569,214000,Piso,3.0,1.0,85.0,2.0,1,10
6850,13,Moratalaz,2569,940000,Piso,5.0,5.0,166.0,1.0,0,10
6851,13,Moratalaz,2569,171900,Piso,3.0,1.0,90.0,,0,10
6852,13,Moratalaz,2569,127000,Piso,3.0,1.0,72.0,1.0,0,10
6853,13,Moratalaz,2569,300000,Piso,3.0,2.0,117.0,4.0,0,10
6854,13,Moratalaz,2569,159000,Apartamento,,,40.0,,0,10
6855,13,Moratalaz,2569,115000,Piso,3.0,1.0,64.0,3.0,0,10
6856,13,Moratalaz,2569,265000,Piso,3.0,1.0,70.0,4.0,0,10
6857,13,Moratalaz,2569,115000,Piso,3.0,1.0,64.0,3.0,0,10
6858,13,Moratalaz,2569,176000,Piso,3.0,1.0,74.0,,0,10
6859,13,Moratalaz,2569,230000,Piso,1.0,1.0,109.0,,0,10
6860,13,Moratalaz,2569,330630,Piso,3.0,1.0,98.0,,0,10
6861,13,Moratalaz,2569,115000,Piso,3.0,1.0,64.0,3.0,0,10
6862,13,Moratalaz,2569,115000,Piso,3.0,1.0,64.0,3.0,0,10
6863,13,Moratalaz,2569,399000,Piso,4.0,2.0,132.0,,0,10
6864,13,Moratalaz,2569,76000,Piso,2.0,1.0,48.0,2.0,0,10
6865,13,Moratalaz,2569,151290,Piso,3.0,1.0,59.0,4.0,0,10
6866,13,Moratalaz,2569,171900,Piso,3.0,1.0,90.0,,0,10
6867,13,Moratalaz,2569,399000,Piso,4.0,2.0,132.0,,0,10
6868,13,Moratalaz,2569,157000,Piso,3.0,1.0,75.0,1.0,0,10
6869,13,Moratalaz,2569,430000,Piso,4.0,2.0,129.0,4.0,0,10
6870,13,Moratalaz,2569,326000,Piso,3.0,2.0,108.0,3.0,1,10
6871,13,Moratalaz,2569,115000,Piso,3.0,1.0,64.0,3.0,0,10
6872,13,Moratalaz,2569,221000,Piso,2.0,1.0,73.0,1.0,1,10
6873,13,Moratalaz,2569,1490000,Piso,4.0,2.0,218.0,2.0,0,10
6874,13,Moratalaz,2569,159000,Loft,,,135.0,,0,10
6875,13,Moratalaz,2569,190000,Piso,2.0,2.0,69.0,,0,10
6876,13,Moratalaz,2569,115000,Piso,3.0,1.0,64.0,3.0,0,10
6877,13,Moratalaz,2569,159000,Piso,2.0,1.0,65.0,,0,10
6878,13,Moratalaz,2569,171900,Piso,3.0,1.0,90.0,,0,10
6879,13,Moratalaz,2569,115000,Piso,3.0,1.0,64.0,3.0,0,10
6880,13,Moratalaz,2569,130000,Piso,3.0,1.0,58.0,,0,10
6881,13,Moratalaz,2569,140000,Piso,2.0,1.0,54.0,2.0,0,10
6882,13,Moratalaz,2569,171900,Piso,3.0,1.0,90.0,,0,10
6883,13,Moratalaz,2569,171900,Piso,3.0,1.0,90.0,,0,10
6884,13,Moratalaz,2569,115000,Piso,3.0,1.0,64.0,3.0,0,10
6885,13,Moratalaz,2569,171900,Piso,3.0,1.0,90.0,,0,10
6886,13,Moratalaz,2569,115000,Piso,3.0,1.0,64.0,3.0,0,10
6887,13,Moratalaz,2569,144900,Piso,3.0,2.0,76.0,2.0,0,10
6888,13,Moratalaz,2569,265000,Ático,3.0,1.0,138.0,7.0,1,10
6889,13,Moratalaz,2569,259000,Piso,3.0,2.0,96.0,1.0,0,10
6890,13,Moratalaz,2569,115000,Piso,3.0,1.0,64.0,3.0,0,10
6891,13,Moratalaz,2569,115000,Piso,3.0,1.0,64.0,3.0,0,10
6892,13,Moratalaz,2569,163500,Piso,3.0,2.0,69.0,,0,10
6893,13,Moratalaz,2569,2350000,Casa o chalet,5.0,3.0,450.0,,0,10
6894,13,Moratalaz,2569,620000,Piso,4.0,2.0,135.0,6.0,1,10
6895,13,Moratalaz,2569,171900,Piso,3.0,1.0,90.0,,0,10
6896,13,Moratalaz,2569,375000,Piso,3.0,2.0,143.0,,1,10
6897,13,Moratalaz,2569,399000,Piso,4.0,2.0,132.0,,0,10
6898,13,Moratalaz,2569,149000,Apartamento,1.0,1.0,30.0,1.0,0,10
6899,13,Moratalaz,2569,171900,Piso,3.0,1.0,90.0,,0,10
6900,13,Moratalaz,2569,742000,Ático,4.0,3.0,175.0,,1,10
6901,13,Moratalaz,2569,399000,Piso,4.0,2.0,132.0,,0,10
6902,13,Moratalaz,2569,171900,Piso,3.0,1.0,90.0,,0,10
6903,13,Moratalaz,2569,130000,Piso,3.0,2.0,64.0,,0,10
6904,13,Moratalaz,2569,171900,Piso,3.0,1.0,90.0,,0,10
6905,13,Moratalaz,2569,171900,Piso,3.0,1.0,90.0,,0,10
6906,13,Moratalaz,2569,115000,Piso,3.0,1.0,64.0,3.0,0,10
6907,13,Moratalaz,2569,130000,Piso,2.0,1.0,60.0,5.0,0,10
6908,13,Moratalaz,2569,300000,Piso,2.0,1.0,65.0,10.0,0,10
6909,13,Moratalaz,2569,1240000,Piso,3.0,3.0,163.0,4.0,0,10
6910,13,Moratalaz,2569,139500,Planta baja,2.0,1.0,55.0,,0,10
6911,13,Moratalaz,2569,140000,Piso,3.0,2.0,60.0,1.0,0,10
6912,13,Moratalaz,2569,115000,Piso,3.0,1.0,64.0,3.0,0,10
6913,13,Moratalaz,2569,498000,Piso,3.0,2.0,109.0,1.0,0,10
6914,13,Moratalaz,2569,570000,Piso,4.0,1.0,135.0,4.0,0,10
6915,13,Moratalaz,2569,225000,Piso,1.0,1.0,42.0,,0,10
6916,13,Moratalaz,2569,149000,Piso,3.0,1.0,70.0,2.0,0,10
6917,13,Moratalaz,2569,240000,Piso,3.0,1.0,83.0,,1,10
6918,13,Moratalaz,2569,420000,Piso,2.0,2.0,122.0,,0,10
6919,13,Moratalaz,2569,350000,Piso,3.0,2.0,134.0,3.0,1,10
6920,13,Moratalaz,2569,115000,Piso,3.0,1.0,64.0,3.0,0,10
6921,13,Moratalaz,2569,95000,Estudio,,1.0,33.0,,0,10
6922,13,Moratalaz,2569,178000,Piso,3.0,1.0,60.0,3.0,0,10
6923,13,Moratalaz,2569,115000,Piso,3.0,1.0,64.0,3.0,0,10
6924,13,Moratalaz,2569,115000,Piso,3.0,1.0,64.0,3.0,0,10
6925,13,Moratalaz,2569,250000,Piso,4.0,2.0,105.0,,1,10
6926,13,Moratalaz,2569,115000,Piso,3.0,1.0,64.0,3.0,0,10
6927,13,Moratalaz,2569,385000,Piso,3.0,1.0,85.0,9.0,1,10
6928,13,Moratalaz,2569,149000,Piso,3.0,1.0,65.0,1.0,0,10
6929,13,Moratalaz,2569,399000,Piso,4.0,2.0,132.0,,0,10
6930,13,Moratalaz,2569,171900,Piso,3.0,1.0,90.0,,0,10
6931,13,Moratalaz,2569,252000,Piso,3.0,2.0,121.0,3.0,1,10
6932,13,Moratalaz,2569,124000,Piso,2.0,1.0,60.0,,0,10
6933,13,Moratalaz,2569,178000,Piso,3.0,1.0,60.0,3.0,0,10
6934,13,Moratalaz,2569,399000,Piso,4.0,2.0,132.0,,0,10
6935,13,Moratalaz,2569,1150000,Piso,4.0,2.0,184.0,1.0,0,10
6936,13,Moratalaz,2569,115000,Piso,3.0,1.0,64.0,3.0,0,10
6937,13,Moratalaz,2569,1690000,Casa o chalet,5.0,4.0,250.0,,1,10
6938,13,Moratalaz,2569,129000,Piso,,1.0,68.0,,0,10
6939,13,Moratalaz,2569,166000,Piso,3.0,1.0,60.0,,0,10
6940,13,Moratalaz,2569,171900,Piso,3.0,1.0,90.0,,0,10
6941,13,Moratalaz,2569,145000,Piso,3.0,1.0,75.0,,0,10
6942,13,Moratalaz,2569,81200,Piso,2.0,1.0,61.0,,0,10
6943,13,Moratalaz,2569,115000,Piso,3.0,1.0,64.0,3.0,0,10
6944,13,Moratalaz,2569,299000,Piso,3.0,2.0,95.0,6.0,0,10
6945,13,Moratalaz,2569,399000,Piso,4.0,2.0,132.0,,0,10
6946,13,Moratalaz,2569,238000,Piso,3.0,2.0,85.0,,0,10
6947,13,Moratalaz,2569,178000,Piso,3.0,1.0,60.0,3.0,0,10
6948,13,Moratalaz,2569,4350000,Piso,5.0,5.0,400.0,,0,10
6949,13,Moratalaz,2569,171900,Piso,3.0,1.0,90.0,,0,10
6950,13,Moratalaz,2569,115000,Piso,3.0,1.0,64.0,3.0,0,10
6951,13,Moratalaz,2569,130000,Piso,3.0,1.0,58.0,,0,10
6952,13,Moratalaz,2569,186000,Piso,3.0,2.0,103.0,1.0,0,10
6953,13,Moratalaz,2569,330000,Piso,3.0,2.0,106.0,5.0,1,10
6954,13,Moratalaz,2569,93000,Piso,3.0,1.0,65.0,4.0,0,10
6955,13,Moratalaz,2569,675000,Piso,2.0,2.0,133.0,6.0,0,10
6956,13,Moratalaz,2569,325000,Piso,2.0,1.0,54.0,2.0,0,10
6957,13,Moratalaz,2569,1290000,Piso,3.0,2.0,144.0,3.0,0,10
6958,13,Moratalaz,2569,570000,Piso,4.0,1.0,135.0,4.0,0,10
6959,13,Moratalaz,2569,171900,Piso,3.0,1.0,90.0,,0,10
6960,13,Moratalaz,2569,399000,Piso,4.0,2.0,132.0,,0,10
6961,13,Moratalaz,2569,399000,Piso,4.0,2.0,132.0,,0,10
6962,13,Moratalaz,2569,690000,Piso,5.0,2.0,138.0,4.0,0,10
6963,13,Moratalaz,2569,155000,Piso,3.0,2.0,95.0,1.0,0,10
6964,13,Moratalaz,2569,399000,Piso,4.0,2.0,132.0,,0,10
6965,13,Moratalaz,2569,265000,Piso,3.0,2.0,88.0,6.0,0,10
6966,13,Moratalaz,2569,110000,Piso,3.0,1.0,75.0,2.0,0,10
6967,13,Moratalaz,2569,115000,Piso,3.0,1.0,64.0,3.0,0,10
6968,13,Moratalaz,2569,144000,Piso,3.0,2.0,116.0,,0,10
6969,13,Moratalaz,2569,3200000,Piso,4.0,4.0,430.0,10.0,1,10
6970,13,Moratalaz,2569,748000,Ático,4.0,2.0,166.0,7.0,1,10
6971,13,Moratalaz,2569,490000,Piso,2.0,2.0,80.0,,0,10
6972,13,Moratalaz,2569,171900,Piso,3.0,1.0,90.0,,0,10
6973,13,Moratalaz,2569,369000,Piso,3.0,2.0,84.0,2.0,0,10
6974,13,Moratalaz,2569,260000,Piso,2.0,1.0,60.0,2.0,0,10
6975,13,Moratalaz,2569,115000,Piso,3.0,1.0,64.0,3.0,0,10
6976,13,Moratalaz,2569,590000,Piso,4.0,1.0,135.0,4.0,0,10
6977,13,Moratalaz,2569,258500,Piso,3.0,1.0,95.0,1.0,0,10
6978,13,Moratalaz,2569,171900,Piso,3.0,1.0,90.0,,0,10
6979,13,Moratalaz,2569,171900,Piso,3.0,1.0,90.0,,0,10
6980,13,Moratalaz,2569,399000,Piso,4.0,2.0,132.0,,0,10
6981,13,Moratalaz,2569,229900,Piso,3.0,1.0,72.0,1.0,0,10
6982,13,Moratalaz,2569,399000,Piso,4.0,2.0,132.0,,0,10
6983,13,Moratalaz,2569,163900,Piso,3.0,1.0,47.0,2.0,0,10
6984,13,Moratalaz,2569,115000,Piso,3.0,1.0,64.0,3.0,0,10
6985,13,Moratalaz,2569,145000,Piso,3.0,1.0,64.0,,0,10
6986,13,Moratalaz,2569,133000,Piso,2.0,1.0,62.0,,0,10
6987,13,Moratalaz,2569,109000,Piso,2.0,1.0,45.0,2.0,0,10
6988,13,Moratalaz,2569,178000,Piso,3.0,1.0,60.0,3.0,0,10
6989,13,Moratalaz,2569,399000,Piso,4.0,2.0,132.0,,0,10
6990,13,Moratalaz,2569,115000,Piso,3.0,1.0,64.0,3.0,0,10
6991,13,Moratalaz,2569,171900,Piso,3.0,1.0,90.0,,0,10
6992,13,Moratalaz,2569,171900,Piso,3.0,1.0,90.0,,0,10
6993,13,Moratalaz,2569,399000,Piso,4.0,2.0,132.0,,0,10
6994,13,Moratalaz,2569,260000,Loft,1.0,1.0,72.0,3.0,1,10
6995,20,Puente de Vallecas,1887,115000,Piso,3.0,1.0,60.0,,0,25
6996,20,Puente de Vallecas,1887,95000,Piso,2.0,1.0,41.0,1.0,0,25
6997,20,Puente de Vallecas,1887,99900,Piso,2.0,1.0,56.0,1.0,0,25
6998,20,Puente de Vallecas,1887,1000000,Piso,3.0,2.0,292.0,,0,25
6999,20,Puente de Vallecas,1887,175000,Piso,3.0,1.0,70.0,,0,25
7000,20,Puente de Vallecas,1887,830000,Piso,7.0,3.0,195.0,3.0,0,25
7001,20,Puente de Vallecas,1887,165000,Piso,4.0,2.0,106.0,,1,25
7002,20,Puente de Vallecas,1887,110000,Piso,3.0,1.0,60.0,4.0,1,25
7003,20,Puente de Vallecas,1887,208000,Piso,2.0,2.0,94.0,3.0,1,25
7004,20,Puente de Vallecas,1887,240000,Ático,2.0,1.0,35.0,6.0,0,25
7005,20,Puente de Vallecas,1887,109000,Piso,1.0,1.0,53.0,1.0,0,25
7006,20,Puente de Vallecas,1887,88000,Piso,2.0,1.0,51.0,6.0,0,25
7007,20,Puente de Vallecas,1887,299000,Piso,3.0,1.0,63.0,1.0,0,25
7008,20,Puente de Vallecas,1887,210000,Planta baja,3.0,1.0,71.0,,0,25
7009,20,Puente de Vallecas,1887,299000,Piso,3.0,1.0,63.0,1.0,0,25
7010,20,Puente de Vallecas,1887,111380,Piso,2.0,1.0,50.0,2.0,0,25
7011,20,Puente de Vallecas,1887,135000,Piso,1.0,1.0,68.0,2.0,0,25
7012,20,Puente de Vallecas,1887,535000,Piso,1.0,2.0,198.0,,0,25
7013,20,Puente de Vallecas,1887,170920,Piso,2.0,2.0,78.0,,0,25
7014,20,Puente de Vallecas,1887,240000,Ático,2.0,1.0,35.0,6.0,0,25
7015,20,Puente de Vallecas,1887,170000,Piso,2.0,1.0,55.0,2.0,0,25
7016,20,Puente de Vallecas,1887,109000,Piso,3.0,1.0,57.0,4.0,0,25
7017,20,Puente de Vallecas,1887,90427,Piso,3.0,1.0,69.0,,0,25
7018,20,Puente de Vallecas,1887,197000,Piso,3.0,1.0,90.0,,0,25
7019,20,Puente de Vallecas,1887,133000,Piso,3.0,1.0,61.0,,0,25
7020,20,Puente de Vallecas,1887,87500,Piso,3.0,1.0,61.0,,0,25
7021,20,Puente de Vallecas,1887,99900,Piso,2.0,1.0,56.0,1.0,0,25
7022,20,Puente de Vallecas,1887,208000,Piso,2.0,2.0,94.0,3.0,1,25
7023,20,Puente de Vallecas,1887,105000,Piso,2.0,1.0,52.0,1.0,0,25
7024,20,Puente de Vallecas,1887,70000,Piso,,,45.0,,0,25
7025,20,Puente de Vallecas,1887,230000,Piso,4.0,2.0,124.0,,1,25
7026,20,Puente de Vallecas,1887,139500,Piso,2.0,1.0,69.0,1.0,0,25
7027,20,Puente de Vallecas,1887,375000,Piso,4.0,2.0,134.0,1.0,0,25
7028,20,Puente de Vallecas,1887,262500,Ático,4.0,2.0,135.0,3.0,0,25
7029,20,Puente de Vallecas,1887,103400,Piso,2.0,1.0,51.0,1.0,0,25
7030,20,Puente de Vallecas,1887,186000,Piso,3.0,2.0,95.0,1.0,0,25
7031,20,Puente de Vallecas,1887,149500,Piso,3.0,1.0,78.0,,0,25
7032,20,Puente de Vallecas,1887,299000,Ático,1.0,1.0,80.0,5.0,0,25
7033,20,Puente de Vallecas,1887,116000,Piso,3.0,1.0,68.0,,0,25
7034,20,Puente de Vallecas,1887,449000,Piso,3.0,2.0,114.0,4.0,0,25
7035,20,Puente de Vallecas,1887,157900,Piso,3.0,1.0,85.0,3.0,0,25
7036,20,Puente de Vallecas,1887,105000,Apartamento,1.0,1.0,50.0,,1,25
7037,20,Puente de Vallecas,1887,155000,Piso,2.0,1.0,50.0,,0,25
7038,20,Puente de Vallecas,1887,214000,Piso,3.0,1.0,72.0,4.0,0,25
7039,20,Puente de Vallecas,1887,125200,Piso,3.0,1.0,54.0,,0,25
7040,20,Puente de Vallecas,1887,299000,Piso,3.0,1.0,63.0,1.0,0,25
7041,20,Puente de Vallecas,1887,2339900,Casa o chalet,7.0,6.0,1245.0,,1,25
7042,20,Puente de Vallecas,1887,299000,Piso,3.0,1.0,63.0,1.0,0,25
7043,20,Puente de Vallecas,1887,988000,Piso,5.0,3.0,190.0,,0,25
7044,20,Puente de Vallecas,1887,262500,Ático,4.0,2.0,135.0,3.0,0,25
7045,20,Puente de Vallecas,1887,299000,Piso,3.0,1.0,63.0,1.0,0,25
7046,20,Puente de Vallecas,1887,194000,Piso,3.0,1.0,72.0,,1,25
7047,20,Puente de Vallecas,1887,230000,Piso,2.0,1.0,90.0,7.0,0,25
7048,20,Puente de Vallecas,1887,688900,Piso,3.0,2.0,140.0,,0,25
7049,20,Puente de Vallecas,1887,76000,Piso,2.0,1.0,48.0,2.0,0,25
7050,20,Puente de Vallecas,1887,128000,Piso,1.0,1.0,56.0,,0,25
7051,20,Puente de Vallecas,1887,299000,Piso,3.0,1.0,63.0,1.0,0,25
7052,20,Puente de Vallecas,1887,208000,Piso,2.0,2.0,94.0,3.0,1,25
7053,20,Puente de Vallecas,1887,262500,Ático,4.0,2.0,135.0,3.0,0,25
7054,20,Puente de Vallecas,1887,147500,Piso,1.0,1.0,44.0,,0,25
7055,20,Puente de Vallecas,1887,220000,Piso,3.0,2.0,90.0,2.0,1,25
7056,20,Puente de Vallecas,1887,208000,Piso,2.0,2.0,94.0,3.0,1,25
7057,20,Puente de Vallecas,1887,290000,Piso,3.0,2.0,120.0,3.0,1,25
7058,20,Puente de Vallecas,1887,110000,Piso,3.0,1.0,72.0,2.0,0,25
7059,20,Puente de Vallecas,1887,153000,Piso,3.0,1.0,61.0,,0,25
7060,20,Puente de Vallecas,1887,120000,Piso,2.0,1.0,59.0,3.0,0,25
7061,20,Puente de Vallecas,1887,208000,Piso,2.0,2.0,94.0,3.0,1,25
7062,20,Puente de Vallecas,1887,103400,Piso,2.0,1.0,51.0,1.0,0,25
7063,20,Puente de Vallecas,1887,475000,Apartamento,2.0,2.0,87.0,,0,25
7064,20,Puente de Vallecas,1887,208000,Piso,2.0,2.0,94.0,3.0,1,25
7065,20,Puente de Vallecas,1887,135000,Piso,2.0,1.0,56.0,5.0,0,25
7066,20,Puente de Vallecas,1887,168000,Piso,3.0,2.0,70.0,2.0,0,25
7067,20,Puente de Vallecas,1887,209000,Estudio,,,40.0,1.0,0,25
7068,20,Puente de Vallecas,1887,61000,Piso,3.0,1.0,77.0,,0,25
7069,20,Puente de Vallecas,1887,56000,Piso,2.0,1.0,33.0,1.0,0,25
7070,20,Puente de Vallecas,1887,214000,Piso,3.0,2.0,131.0,2.0,1,25
7071,20,Puente de Vallecas,1887,100000,Apartamento,1.0,1.0,44.0,,0,25
7072,20,Puente de Vallecas,1887,185000,Planta baja,2.0,1.0,48.0,,0,25
7073,20,Puente de Vallecas,1887,241500,Piso,2.0,2.0,86.0,1.0,0,25
7074,20,Puente de Vallecas,1887,95000,Piso,2.0,1.0,61.0,,0,25
7075,20,Puente de Vallecas,1887,349900,Piso,2.0,1.0,85.0,2.0,0,25
7076,20,Puente de Vallecas,1887,450000,Piso,5.0,3.0,301.0,1.0,1,25
7077,20,Puente de Vallecas,1887,145000,Piso,3.0,1.0,78.0,,0,25
7078,20,Puente de Vallecas,1887,240000,Ático,2.0,1.0,35.0,6.0,0,25
7079,20,Puente de Vallecas,1887,91500,Piso,3.0,1.0,70.0,2.0,0,25
7080,20,Puente de Vallecas,1887,125000,Piso,2.0,1.0,70.0,1.0,0,25
7081,20,Puente de Vallecas,1887,88000,Estudio,,1.0,46.0,,0,25
7082,20,Puente de Vallecas,1887,209000,Piso,3.0,1.0,81.0,,1,25
7083,20,Puente de Vallecas,1887,1795000,Apartamento,4.0,4.0,192.0,,0,25
7084,20,Puente de Vallecas,1887,125000,Piso,2.0,1.0,70.0,1.0,0,25
7085,20,Puente de Vallecas,1887,158000,Piso,3.0,1.0,70.0,,0,25
7086,20,Puente de Vallecas,1887,128000,Piso,2.0,1.0,66.0,,0,25
7087,20,Puente de Vallecas,1887,615000,Piso,4.0,2.0,153.0,4.0,0,25
7088,20,Puente de Vallecas,1887,218000,Piso,2.0,1.0,68.0,,0,25
7089,20,Puente de Vallecas,1887,125000,Piso,2.0,1.0,60.0,4.0,0,25
7090,20,Puente de Vallecas,1887,168000,Piso,2.0,1.0,66.0,1.0,0,25
7091,20,Puente de Vallecas,1887,208000,Piso,2.0,2.0,94.0,3.0,1,25
7092,20,Puente de Vallecas,1887,103400,Piso,3.0,1.0,47.0,1.0,0,25
7093,20,Puente de Vallecas,1887,123500,Piso,3.0,1.0,63.0,,0,25
7094,20,Puente de Vallecas,1887,365000,Piso,2.0,2.0,80.0,4.0,1,25
7095,20,Puente de Vallecas,1887,154000,Piso,3.0,2.0,91.0,,0,25
7096,20,Puente de Vallecas,1887,515000,Piso,2.0,2.0,106.0,,0,25
7097,20,Puente de Vallecas,1887,137000,Piso,2.0,1.0,65.0,,0,25
7098,20,Puente de Vallecas,1887,1300000,Dúplex,4.0,3.0,210.0,2.0,1,25
7099,20,Puente de Vallecas,1887,1026100,Dúplex,2.0,2.0,139.0,9.0,0,25
7100,20,Puente de Vallecas,1887,125000,Piso,3.0,1.0,84.0,,0,25
7101,20,Puente de Vallecas,1887,208000,Piso,2.0,2.0,94.0,3.0,1,25
7102,20,Puente de Vallecas,1887,149000,Piso,3.0,1.0,70.0,,0,25
7103,20,Puente de Vallecas,1887,975000,Piso,5.0,2.0,175.0,2.0,0,25
7104,20,Puente de Vallecas,1887,88000,Piso,2.0,1.0,55.0,,0,25
7105,20,Puente de Vallecas,1887,849000,Ático,3.0,2.0,149.0,12.0,1,25
7106,20,Puente de Vallecas,1887,110000,Piso,1.0,1.0,40.0,,0,25
7107,20,Puente de Vallecas,1887,249000,Piso,2.0,1.0,57.0,,0,25
7108,20,Puente de Vallecas,1887,162500,Planta baja,1.0,1.0,37.0,,0,25
7109,20,Puente de Vallecas,1887,280000,Piso,4.0,2.0,144.0,6.0,1,25
7110,20,Puente de Vallecas,1887,190683,Piso,1.0,1.0,82.0,,0,25
7111,20,Puente de Vallecas,1887,262500,Ático,4.0,2.0,135.0,3.0,0,25
7112,20,Puente de Vallecas,1887,387000,Piso,,1.0,105.0,6.0,0,25
7113,20,Puente de Vallecas,1887,293000,Piso,4.0,2.0,105.0,2.0,0,25
7114,20,Puente de Vallecas,1887,93100,Piso,2.0,1.0,41.0,,0,25
7115,20,Puente de Vallecas,1887,262500,Ático,4.0,2.0,135.0,3.0,0,25
7116,20,Puente de Vallecas,1887,148000,Piso,3.0,2.0,90.0,1.0,0,25
7117,20,Puente de Vallecas,1887,137000,Piso,2.0,1.0,55.0,2.0,0,25
7118,20,Puente de Vallecas,1887,125000,Piso,2.0,1.0,70.0,1.0,0,25
7119,20,Puente de Vallecas,1887,669000,Piso,3.0,2.0,212.0,1.0,0,25
7120,20,Puente de Vallecas,1887,125000,Piso,2.0,1.0,70.0,1.0,0,25
7121,20,Puente de Vallecas,1887,258000,Piso,3.0,1.0,90.0,3.0,0,25
7122,20,Puente de Vallecas,1887,480000,Apartamento,1.0,1.0,80.0,1.0,0,25
7123,20,Puente de Vallecas,1887,142000,Piso,3.0,1.0,75.0,3.0,0,25
7124,20,Puente de Vallecas,1887,126000,Piso,1.0,1.0,39.0,,0,25
7125,20,Puente de Vallecas,1887,692890,Piso,2.0,2.0,96.0,3.0,0,25
7126,20,Puente de Vallecas,1887,310000,Ático,3.0,1.0,105.0,3.0,1,25
7127,20,Puente de Vallecas,1887,550000,Piso,3.0,1.0,96.0,,0,25
7128,20,Puente de Vallecas,1887,99900,Piso,2.0,1.0,56.0,1.0,0,25
7129,20,Puente de Vallecas,1887,192000,Piso,3.0,2.0,110.0,,1,25
7130,20,Puente de Vallecas,1887,208000,Piso,2.0,2.0,94.0,3.0,1,25
7131,20,Puente de Vallecas,1887,175000,Casa adosada,3.0,2.0,106.0,,1,25
7132,20,Puente de Vallecas,1887,189000,Piso,1.0,1.0,33.0,2.0,0,25
7133,20,Puente de Vallecas,1887,208000,Piso,2.0,2.0,94.0,3.0,1,25
7134,20,Puente de Vallecas,1887,60000,Piso,2.0,1.0,41.0,,0,25
7135,20,Puente de Vallecas,1887,2300000,Piso,4.0,4.0,291.0,5.0,1,25
7136,20,Puente de Vallecas,1887,599000,Piso,4.0,2.0,138.0,,1,25
7137,20,Puente de Vallecas,1887,199000,Piso,3.0,1.0,88.0,2.0,1,25
7138,20,Puente de Vallecas,1887,119000,Apartamento,1.0,1.0,52.0,1.0,0,25
7139,20,Puente de Vallecas,1887,259000,Piso,3.0,1.0,79.0,1.0,0,25
7140,20,Puente de Vallecas,1887,620000,Piso,3.0,2.0,113.0,2.0,0,25
7141,20,Puente de Vallecas,1887,99900,Piso,2.0,1.0,56.0,1.0,0,25
7142,20,Puente de Vallecas,1887,128000,Piso,2.0,1.0,56.0,,0,25
7143,20,Puente de Vallecas,1887,102000,Piso,3.0,1.0,63.0,4.0,0,25
7144,20,Puente de Vallecas,1887,315000,Piso,2.0,1.0,118.0,2.0,1,25
7145,20,Puente de Vallecas,1887,150200,Estudio,,1.0,52.0,1.0,0,25
7146,20,Puente de Vallecas,1887,93500,Piso,1.0,1.0,32.0,4.0,0,25
7147,20,Puente de Vallecas,1887,239000,Piso,3.0,1.0,68.0,3.0,0,25
7148,20,Puente de Vallecas,1887,185000,Piso,4.0,2.0,101.0,,1,25
7149,20,Puente de Vallecas,1887,115000,Apartamento,1.0,1.0,60.0,,1,25
7150,20,Puente de Vallecas,1887,279000,Piso,2.0,1.0,50.0,6.0,0,25
7151,20,Puente de Vallecas,1887,315000,Piso,3.0,2.0,98.0,6.0,1,25
7152,20,Puente de Vallecas,1887,165000,Piso,3.0,1.0,65.0,3.0,0,25
7153,20,Puente de Vallecas,1887,786000,Piso,4.0,3.0,199.0,,1,25
7154,20,Puente de Vallecas,1887,85000,Piso,2.0,1.0,68.0,,0,25
7155,20,Puente de Vallecas,1887,262500,Ático,4.0,2.0,135.0,3.0,0,25
7156,20,Puente de Vallecas,1887,165000,Piso,2.0,1.0,74.0,4.0,0,25
7157,20,Puente de Vallecas,1887,122700,Planta baja,2.0,1.0,59.0,,0,25
7158,20,Puente de Vallecas,1887,1220700,Piso,6.0,2.0,211.0,1.0,0,25
7159,20,Puente de Vallecas,1887,99000,Piso,3.0,1.0,56.0,,0,25
7160,20,Puente de Vallecas,1887,100000,Piso,2.0,1.0,52.0,2.0,0,25
7161,20,Puente de Vallecas,1887,165000,Piso,3.0,2.0,85.0,,0,25
7162,20,Puente de Vallecas,1887,240000,Ático,2.0,1.0,35.0,6.0,0,25
7163,20,Puente de Vallecas,1887,299000,Piso,3.0,1.0,63.0,1.0,0,25
7164,20,Puente de Vallecas,1887,145000,Piso,3.0,1.0,56.0,4.0,0,25
7165,20,Puente de Vallecas,1887,495000,Piso,2.0,2.0,121.0,2.0,1,25
7166,20,Puente de Vallecas,1887,299000,Piso,3.0,1.0,63.0,1.0,0,25
7167,20,Puente de Vallecas,1887,112000,Piso,2.0,1.0,49.0,1.0,0,25
7168,20,Puente de Vallecas,1887,299000,Piso,3.0,1.0,63.0,1.0,0,25
7169,20,Puente de Vallecas,1887,91500,Estudio,,1.0,36.0,,0,25
7170,20,Puente de Vallecas,1887,99000,Piso,2.0,1.0,50.0,1.0,0,25
7171,20,Puente de Vallecas,1887,119900,Piso,3.0,1.0,60.0,,1,25
7172,20,Puente de Vallecas,1887,122000,Piso,2.0,1.0,57.0,,0,25
7173,20,Puente de Vallecas,1887,295000,Piso,3.0,1.0,74.0,3.0,0,25
7174,20,Puente de Vallecas,1887,260000,Piso,1.0,1.0,30.0,4.0,0,25
7175,20,Puente de Vallecas,1887,208000,Piso,2.0,2.0,94.0,3.0,1,25
7176,20,Puente de Vallecas,1887,225000,Piso,2.0,2.0,89.0,5.0,1,25
7177,20,Puente de Vallecas,1887,249000,Piso,3.0,2.0,99.0,2.0,1,25
7178,20,Puente de Vallecas,1887,99900,Piso,2.0,1.0,56.0,1.0,0,25
7179,20,Puente de Vallecas,1887,240000,Ático,2.0,1.0,35.0,6.0,0,25
7180,20,Puente de Vallecas,1887,85500,Piso,2.0,1.0,54.0,3.0,0,25
7181,20,Puente de Vallecas,1887,125000,Piso,2.0,1.0,70.0,1.0,0,25
7182,20,Puente de Vallecas,1887,190000,Piso,3.0,1.0,100.0,,1,25
7183,20,Puente de Vallecas,1887,1179000,Piso,4.0,3.0,250.0,,0,25
7184,20,Puente de Vallecas,1887,930000,Ático,4.0,2.0,149.0,6.0,0,25
7185,20,Puente de Vallecas,1887,198999,Piso,3.0,1.0,91.0,10.0,0,25
7186,20,Puente de Vallecas,1887,161000,Piso,3.0,1.0,77.0,4.0,0,25
7187,20,Puente de Vallecas,1887,86050,Piso,2.0,1.0,65.0,4.0,0,25
7188,20,Puente de Vallecas,1887,449900,Piso,2.0,2.0,109.0,,1,25
7189,20,Puente de Vallecas,1887,105000,Piso,2.0,1.0,52.0,1.0,0,25
7190,20,Puente de Vallecas,1887,208000,Piso,2.0,2.0,94.0,3.0,1,25
7191,20,Puente de Vallecas,1887,240000,Ático,2.0,1.0,35.0,6.0,0,25
7192,20,Puente de Vallecas,1887,60000,Piso,2.0,1.0,41.0,,0,25
7193,20,Puente de Vallecas,1887,435000,Piso,5.0,2.0,111.0,5.0,0,25
7194,20,Puente de Vallecas,1887,52000,Piso,1.0,1.0,20.0,,0,25
7195,20,Puente de Vallecas,1887,155300,Piso,2.0,1.0,66.0,2.0,0,25
7196,20,Puente de Vallecas,1887,189000,Piso,1.0,1.0,60.0,7.0,1,25
7197,20,Puente de Vallecas,1887,103400,Piso,2.0,1.0,51.0,1.0,0,25
7198,20,Puente de Vallecas,1887,174000,Piso,3.0,1.0,82.0,,0,25
7199,20,Puente de Vallecas,1887,515920,Piso,4.0,2.0,149.0,,0,25
7200,20,Puente de Vallecas,1887,139990,Piso,3.0,1.0,64.0,2.0,0,25
7201,20,Puente de Vallecas,1887,145990,Dúplex,3.0,2.0,110.0,1.0,0,25
7202,20,Puente de Vallecas,1887,434999,Piso,4.0,2.0,130.0,1.0,0,25
7203,20,Puente de Vallecas,1887,70000,Piso,,,45.0,,0,25
7204,20,Puente de Vallecas,1887,123000,Piso,1.0,1.0,50.0,,0,25
7205,20,Puente de Vallecas,1887,103400,Piso,2.0,1.0,51.0,1.0,0,25
7206,20,Puente de Vallecas,1887,90000,Piso,2.0,1.0,53.0,,0,25
7207,20,Puente de Vallecas,1887,152000,Piso,3.0,1.0,65.0,3.0,0,25
7208,20,Puente de Vallecas,1887,119000,Piso,2.0,1.0,69.0,,0,25
7209,20,Puente de Vallecas,1887,94000,Piso,1.0,1.0,38.0,,0,25
7210,20,Puente de Vallecas,1887,265000,Piso,4.0,3.0,184.0,1.0,0,25
7211,20,Puente de Vallecas,1887,111380,Piso,2.0,1.0,50.0,8.0,0,25
7212,20,Puente de Vallecas,1887,323000,Piso,1.0,2.0,82.0,4.0,0,25
7213,20,Puente de Vallecas,1887,125000,Piso,3.0,1.0,84.0,2.0,0,25
7214,20,Puente de Vallecas,1887,230000,Piso,2.0,1.0,86.0,7.0,0,25
7215,20,Puente de Vallecas,1887,80000,Piso,2.0,1.0,69.0,2.0,0,25
7216,20,Puente de Vallecas,1887,208000,Piso,2.0,2.0,94.0,3.0,1,25
7217,20,Puente de Vallecas,1887,240000,Ático,2.0,1.0,35.0,6.0,0,25
7218,20,Puente de Vallecas,1887,84000,Piso,3.0,1.0,53.0,,0,25
7219,20,Puente de Vallecas,1887,88000,Piso,2.0,1.0,55.0,,0,25
7220,20,Puente de Vallecas,1887,128500,Piso,2.0,1.0,69.0,9.0,0,25
7221,20,Puente de Vallecas,1887,1220000,Dúplex,5.0,4.0,290.0,2.0,1,25
7222,20,Puente de Vallecas,1887,225000,Piso,3.0,1.0,69.0,,1,25
7223,20,Puente de Vallecas,1887,215000,Piso,2.0,1.0,75.0,,0,25
7224,20,Puente de Vallecas,1887,104400,Piso,3.0,1.0,53.0,,0,25
7225,20,Puente de Vallecas,1887,154000,Piso,3.0,2.0,91.0,2.0,0,25
7226,20,Puente de Vallecas,1887,208000,Piso,2.0,2.0,94.0,3.0,1,25
7227,20,Puente de Vallecas,1887,111000,Planta baja,1.0,1.0,58.0,,0,25
7228,20,Puente de Vallecas,1887,78000,Piso,3.0,1.0,70.0,2.0,0,25
7229,20,Puente de Vallecas,1887,88000,Piso,2.0,1.0,55.0,,0,25
7230,20,Puente de Vallecas,1887,820000,Piso,3.0,1.0,152.0,,0,25
7231,20,Puente de Vallecas,1887,220000,Piso,2.0,1.0,57.0,2.0,0,25
7232,20,Puente de Vallecas,1887,208000,Piso,2.0,2.0,94.0,3.0,1,25
7233,20,Puente de Vallecas,1887,208000,Piso,2.0,2.0,94.0,3.0,1,25
7234,20,Puente de Vallecas,1887,91907,Piso,1.0,2.0,96.0,,0,25
7235,20,Puente de Vallecas,1887,112000,Piso,3.0,1.0,63.0,,0,25
7236,20,Puente de Vallecas,1887,125000,Piso,2.0,1.0,80.0,3.0,1,25
7237,20,Puente de Vallecas,1887,330000,Casa o chalet,4.0,2.0,136.0,,0,25
7238,20,Puente de Vallecas,1887,120000,Piso,3.0,1.0,66.0,3.0,0,25
7239,20,Puente de Vallecas,1887,155000,Piso,,1.0,43.0,,0,25
7240,20,Puente de Vallecas,1887,73000,Piso,1.0,1.0,41.0,,0,25
7241,20,Puente de Vallecas,1887,240000,Ático,2.0,1.0,35.0,6.0,0,25
7242,20,Puente de Vallecas,1887,299000,Piso,3.0,1.0,63.0,1.0,0,25
7243,20,Puente de Vallecas,1887,93000,Piso,3.0,1.0,65.0,,0,25
7244,20,Puente de Vallecas,1887,1750000,Piso,,3.0,172.0,1.0,0,25
7245,20,Puente de Vallecas,1887,99900,Piso,2.0,1.0,56.0,1.0,0,25
7246,20,Puente de Vallecas,1887,429000,Ático,3.0,2.0,83.0,6.0,0,25
7247,20,Puente de Vallecas,1887,495000,Piso,3.0,1.0,85.0,1.0,0,25
7248,20,Puente de Vallecas,1887,141000,Piso,3.0,1.0,60.0,4.0,0,25
7249,20,Puente de Vallecas,1887,103400,Piso,2.0,1.0,51.0,1.0,0,25
7250,20,Puente de Vallecas,1887,857000,Piso,3.0,3.0,177.0,1.0,1,25
7251,20,Puente de Vallecas,1887,112700,Piso,3.0,1.0,63.0,,0,25
7252,20,Puente de Vallecas,1887,73000,Piso,1.0,1.0,38.0,1.0,0,25
7253,20,Puente de Vallecas,1887,262500,Ático,4.0,2.0,135.0,3.0,0,25
7254,20,Puente de Vallecas,1887,346000,Piso,2.0,1.0,90.0,,1,25
7255,20,Puente de Vallecas,1887,208000,Piso,2.0,2.0,94.0,3.0,1,25
7256,20,Puente de Vallecas,1887,134900,Piso,2.0,1.0,65.0,1.0,0,25
7257,20,Puente de Vallecas,1887,132500,Piso,3.0,1.0,61.0,,0,25
7258,20,Puente de Vallecas,1887,125000,Piso,3.0,1.0,70.0,3.0,0,25
7259,20,Puente de Vallecas,1887,225000,Piso,3.0,3.0,156.0,,0,25
7260,20,Puente de Vallecas,1887,66000,Piso,1.0,1.0,25.0,,0,25
7261,20,Puente de Vallecas,1887,165000,Dúplex,3.0,1.0,80.0,2.0,0,25
7262,20,Puente de Vallecas,1887,1500000,Piso,4.0,3.0,215.0,5.0,1,25
7263,20,Puente de Vallecas,1887,199000,Piso,2.0,1.0,95.0,3.0,1,25
7264,20,Puente de Vallecas,1887,170000,Apartamento,1.0,1.0,30.0,2.0,0,25
7265,20,Puente de Vallecas,1887,82700,Piso,2.0,1.0,57.0,,0,25
7266,20,Puente de Vallecas,1887,145000,Piso,2.0,1.0,64.0,2.0,0,25
7267,20,Puente de Vallecas,1887,304000,Ático,3.0,2.0,128.0,8.0,1,25
7268,20,Puente de Vallecas,1887,112500,Piso,2.0,1.0,42.0,2.0,0,25
7269,20,Puente de Vallecas,1887,75000,Piso,2.0,1.0,65.0,,0,25
7270,20,Puente de Vallecas,1887,299900,Piso,1.0,1.0,70.0,,0,25
7271,20,Puente de Vallecas,1887,650000,Casa o chalet,4.0,4.0,326.0,,1,25
7272,20,Puente de Vallecas,1887,74000,Estudio,1.0,1.0,26.0,,0,25
7273,20,Puente de Vallecas,1887,550000,Piso,4.0,2.0,110.0,5.0,0,25
7274,20,Puente de Vallecas,1887,513600,Apartamento,1.0,2.0,67.0,1.0,0,25
7275,20,Puente de Vallecas,1887,113000,Piso,3.0,1.0,61.0,5.0,0,25
7276,20,Puente de Vallecas,1887,395000,Piso,3.0,2.0,100.0,,1,25
7277,20,Puente de Vallecas,1887,208000,Piso,2.0,2.0,94.0,3.0,1,25
7278,20,Puente de Vallecas,1887,86800,Apartamento,2.0,1.0,53.0,,0,25
7279,20,Puente de Vallecas,1887,299000,Piso,3.0,1.0,63.0,1.0,0,25
7280,20,Puente de Vallecas,1887,198000,Piso,3.0,2.0,109.0,10.0,1,25
7281,20,Puente de Vallecas,1887,515920,Piso,4.0,2.0,149.0,,0,25
7282,20,Puente de Vallecas,1887,154000,Piso,3.0,2.0,90.0,,0,25
7283,20,Puente de Vallecas,1887,875000,Piso,,1.0,196.0,1.0,0,25
7284,20,Puente de Vallecas,1887,299000,Piso,3.0,1.0,63.0,1.0,0,25
7285,20,Puente de Vallecas,1887,125000,Piso,2.0,1.0,50.0,1.0,0,25
7286,20,Puente de Vallecas,1887,129000,Piso,3.0,1.0,70.0,3.0,0,25
7287,20,Puente de Vallecas,1887,105000,Estudio,1.0,1.0,31.0,,1,25
7288,20,Puente de Vallecas,1887,99900,Piso,2.0,1.0,56.0,1.0,0,25
7289,20,Puente de Vallecas,1887,93000,Piso,2.0,1.0,50.0,,0,25
7290,20,Puente de Vallecas,1887,101500,Piso,2.0,1.0,66.0,3.0,0,25
7291,20,Puente de Vallecas,1887,105000,Piso,2.0,1.0,53.0,1.0,0,25
7292,20,Puente de Vallecas,1887,297500,Piso,4.0,2.0,110.0,,0,25
7293,20,Puente de Vallecas,1887,299000,Piso,3.0,1.0,63.0,1.0,0,25
7294,20,Puente de Vallecas,1887,539950,Apartamento,3.0,2.0,133.0,,1,25
7295,20,Puente de Vallecas,1887,134000,Piso,3.0,1.0,105.0,1.0,0,25
7296,20,Puente de Vallecas,1887,210000,Piso,3.0,1.0,88.0,,0,25
7297,20,Puente de Vallecas,1887,950000,Piso,4.0,3.0,180.0,,1,25
7298,20,Puente de Vallecas,1887,170000,Piso,2.0,1.0,70.0,,1,25
7299,20,Puente de Vallecas,1887,76000,Piso,2.0,1.0,48.0,2.0,0,25
7300,20,Puente de Vallecas,1887,128500,Piso,3.0,1.0,68.0,3.0,0,25
7301,20,Puente de Vallecas,1887,1150000,Piso,2.0,3.0,116.0,6.0,0,25
7302,20,Puente de Vallecas,1887,85000,Piso,2.0,1.0,62.0,1.0,0,25
7303,20,Puente de Vallecas,1887,262500,Ático,4.0,2.0,135.0,3.0,0,25
7304,20,Puente de Vallecas,1887,67000,Piso,1.0,1.0,23.0,,0,25
7305,20,Puente de Vallecas,1887,1800000,Piso,4.0,4.0,228.0,4.0,0,25
7306,20,Puente de Vallecas,1887,130051,Piso,3.0,1.0,52.0,4.0,0,25
7307,20,Puente de Vallecas,1887,107000,Estudio,,1.0,49.0,,0,25
7308,20,Puente de Vallecas,1887,97500,Piso,3.0,1.0,56.0,1.0,0,25
7309,20,Puente de Vallecas,1887,181000,Piso,3.0,2.0,96.0,2.0,1,25
7310,20,Puente de Vallecas,1887,160000,Piso,3.0,1.0,88.0,9.0,0,25
7311,20,Puente de Vallecas,1887,299000,Piso,3.0,1.0,63.0,1.0,0,25
7312,20,Puente de Vallecas,1887,185000,Piso,3.0,2.0,93.0,,0,25
7313,20,Puente de Vallecas,1887,299000,Piso,3.0,1.0,63.0,1.0,0,25
7314,20,Puente de Vallecas,1887,262500,Ático,4.0,2.0,135.0,3.0,0,25
7315,20,Puente de Vallecas,1887,498000,Piso,3.0,2.0,165.0,,0,25
7316,20,Puente de Vallecas,1887,180000,Piso,1.0,1.0,35.0,3.0,1,25
7317,20,Puente de Vallecas,1887,299000,Piso,3.0,1.0,63.0,1.0,0,25
7318,20,Puente de Vallecas,1887,93143,Piso,3.0,1.0,69.0,,0,25
7319,20,Puente de Vallecas,1887,250000,Ático,3.0,2.0,106.0,4.0,0,25
7320,20,Puente de Vallecas,1887,109500,Piso,3.0,1.0,55.0,2.0,0,25
7321,20,Puente de Vallecas,1887,435000,Piso,2.0,1.0,81.0,,0,25
7322,20,Puente de Vallecas,1887,143000,Piso,3.0,1.0,62.0,,0,25
7323,20,Puente de Vallecas,1887,97500,Piso,1.0,1.0,42.0,,0,25
7324,20,Puente de Vallecas,1887,262500,Ático,4.0,2.0,135.0,3.0,0,25
7325,20,Puente de Vallecas,1887,180000,Piso,3.0,1.0,100.0,2.0,0,25
7326,20,Puente de Vallecas,1887,208000,Piso,2.0,2.0,94.0,3.0,1,25
7327,20,Puente de Vallecas,1887,139000,Piso,3.0,1.0,70.0,2.0,0,25
7328,20,Puente de Vallecas,1887,145000,Piso,3.0,1.0,77.0,3.0,0,25
7329,20,Puente de Vallecas,1887,99000,Piso,2.0,1.0,57.0,1.0,0,25
7330,20,Puente de Vallecas,1887,195000,Piso,4.0,1.0,97.0,1.0,0,25
7331,20,Puente de Vallecas,1887,99900,Piso,2.0,1.0,56.0,1.0,0,25
7332,20,Puente de Vallecas,1887,126000,Casa o chalet,3.0,1.0,90.0,,0,25
7333,20,Puente de Vallecas,1887,99900,Piso,2.0,1.0,56.0,1.0,0,25
7334,20,Puente de Vallecas,1887,118000,Piso,3.0,1.0,65.0,,0,25
7335,20,Puente de Vallecas,1887,320000,Piso,3.0,2.0,96.0,2.0,0,25
7336,20,Puente de Vallecas,1887,76000,Piso,2.0,1.0,37.0,,0,25
7337,20,Puente de Vallecas,1887,103400,Piso,2.0,1.0,51.0,1.0,0,25
7338,20,Puente de Vallecas,1887,135000,Piso,1.0,1.0,68.0,1.0,0,25
7339,20,Puente de Vallecas,1887,76000,Piso,2.0,1.0,48.0,2.0,0,25
7340,20,Puente de Vallecas,1887,125000,Piso,3.0,2.0,90.0,9.0,0,25
7341,20,Puente de Vallecas,1887,99900,Piso,2.0,1.0,56.0,1.0,0,25
7342,20,Puente de Vallecas,1887,262500,Ático,4.0,2.0,135.0,3.0,0,25
7343,20,Puente de Vallecas,1887,240000,Ático,2.0,1.0,35.0,6.0,0,25
7344,20,Puente de Vallecas,1887,299000,Piso,3.0,1.0,63.0,1.0,0,25
7345,20,Puente de Vallecas,1887,103400,Piso,2.0,1.0,51.0,1.0,0,25
7346,20,Puente de Vallecas,1887,30300,Casa o chalet,3.0,1.0,24.0,,0,25
7347,20,Puente de Vallecas,1887,165000,Piso,1.0,1.0,33.0,2.0,0,25
7348,20,Puente de Vallecas,1887,244000,Piso,3.0,2.0,120.0,5.0,1,25
7349,20,Puente de Vallecas,1887,156000,Piso,3.0,1.0,95.0,2.0,1,25
7350,20,Puente de Vallecas,1887,208000,Piso,2.0,2.0,94.0,3.0,1,25
7351,20,Puente de Vallecas,1887,350000,Dúplex,3.0,2.0,100.0,3.0,0,25
7352,20,Puente de Vallecas,1887,1050000,Piso,5.0,2.0,210.0,3.0,1,25
7353,20,Puente de Vallecas,1887,1050000,Piso,4.0,4.0,245.0,5.0,1,25
7354,20,Puente de Vallecas,1887,159000,Piso,3.0,1.0,82.0,2.0,0,25
7355,20,Puente de Vallecas,1887,151000,Piso,2.0,1.0,60.0,4.0,0,25
7356,20,Puente de Vallecas,1887,118000,Piso,1.0,1.0,55.0,3.0,0,25
7357,20,Puente de Vallecas,1887,249000,Piso,3.0,1.0,83.0,3.0,0,25
7358,20,Puente de Vallecas,1887,67000,Piso,1.0,1.0,28.0,,0,25
7359,20,Puente de Vallecas,1887,550000,Ático,2.0,1.0,120.0,3.0,1,25
7360,20,Puente de Vallecas,1887,110000,Piso,3.0,1.0,68.0,,0,25
7361,20,Puente de Vallecas,1887,208000,Piso,2.0,2.0,94.0,3.0,1,25
7362,20,Puente de Vallecas,1887,598000,Piso,3.0,2.0,127.0,1.0,1,25
7363,20,Puente de Vallecas,1887,880000,Casa adosada,5.0,4.0,304.0,,1,25
7364,20,Puente de Vallecas,1887,520000,Piso,3.0,1.0,91.0,2.0,0,25
7365,20,Puente de Vallecas,1887,208000,Piso,2.0,2.0,94.0,3.0,1,25
7366,20,Puente de Vallecas,1887,316500,Ático,2.0,1.0,90.0,,1,25
7367,20,Puente de Vallecas,1887,435000,Piso,2.0,2.0,47.0,1.0,0,25
7368,20,Puente de Vallecas,1887,174000,Piso,3.0,1.0,100.0,1.0,0,25
7369,20,Puente de Vallecas,1887,114800,Piso,3.0,1.0,67.0,2.0,0,25
7370,20,Puente de Vallecas,1887,219000,Piso,2.0,1.0,44.0,,0,25
7371,20,Puente de Vallecas,1887,840000,Piso,5.0,3.0,178.0,1.0,0,25
7372,20,Puente de Vallecas,1887,88000,Piso,2.0,1.0,55.0,,0,25
7373,20,Puente de Vallecas,1887,183000,Apartamento,1.0,1.0,29.0,2.0,0,25
7374,20,Puente de Vallecas,1887,160000,Casa adosada,3.0,1.0,70.0,,0,25
7375,20,Puente de Vallecas,1887,95000,Piso,2.0,1.0,51.0,4.0,0,25
7376,20,Puente de Vallecas,1887,1500000,Dúplex,2.0,3.0,194.0,1.0,1,25
7377,20,Puente de Vallecas,1887,117000,Piso,3.0,1.0,78.0,3.0,0,25
7378,20,Puente de Vallecas,1887,69900,Piso,1.0,1.0,28.0,,0,25
7379,20,Puente de Vallecas,1887,103000,Piso,2.0,1.0,58.0,1.0,0,25
7380,20,Puente de Vallecas,1887,299000,Piso,3.0,1.0,63.0,1.0,0,25
7381,20,Puente de Vallecas,1887,208000,Piso,2.0,2.0,94.0,3.0,1,25
7382,20,Puente de Vallecas,1887,103400,Piso,2.0,1.0,51.0,1.0,0,25
7383,20,Puente de Vallecas,1887,299000,Piso,3.0,1.0,63.0,1.0,0,25
7384,20,Puente de Vallecas,1887,548000,Piso,3.0,2.0,136.0,6.0,0,25
7385,20,Puente de Vallecas,1887,159000,Piso,3.0,2.0,112.0,,0,25
7386,20,Puente de Vallecas,1887,570000,Piso,4.0,2.0,129.0,,0,25
7387,20,Puente de Vallecas,1887,274959,Piso,3.0,2.0,100.0,1.0,1,25
7388,20,Puente de Vallecas,1887,574000,Piso,3.0,2.0,138.0,1.0,0,25
7389,20,Puente de Vallecas,1887,682000,Piso,4.0,2.0,196.0,,0,25
7390,20,Puente de Vallecas,1887,186000,Piso,3.0,1.0,77.0,2.0,0,25
7391,20,Puente de Vallecas,1887,240000,Ático,2.0,1.0,35.0,6.0,0,25
7392,20,Puente de Vallecas,1887,99900,Piso,2.0,1.0,56.0,1.0,0,25
7393,20,Puente de Vallecas,1887,185500,Piso,3.0,1.0,82.0,,0,25
7394,20,Puente de Vallecas,1887,269000,Piso,4.0,2.0,125.0,1.0,0,25
7395,20,Puente de Vallecas,1887,112900,Piso,3.0,1.0,50.0,3.0,0,25
7396,20,Puente de Vallecas,1887,110000,Piso,1.0,1.0,41.0,,0,25
7397,20,Puente de Vallecas,1887,140000,Piso,1.0,1.0,55.0,3.0,0,25
7398,20,Puente de Vallecas,1887,139900,Dúplex,1.0,1.0,62.0,2.0,1,25
7399,20,Puente de Vallecas,1887,85000,Estudio,1.0,1.0,35.0,1.0,0,25
7400,20,Puente de Vallecas,1887,829000,Ático,4.0,3.0,174.0,,1,25
7401,20,Puente de Vallecas,1887,169000,Piso,1.0,1.0,62.0,,1,25
7402,20,Puente de Vallecas,1887,299000,Piso,3.0,1.0,63.0,1.0,0,25
7403,20,Puente de Vallecas,1887,2386700,Casa o chalet,7.0,6.0,1245.0,,1,25
7404,20,Puente de Vallecas,1887,299000,Piso,3.0,1.0,63.0,1.0,0,25
7405,20,Puente de Vallecas,1887,315000,Piso,,,94.0,,0,25
7406,20,Puente de Vallecas,1887,110000,Piso,3.0,1.0,72.0,2.0,0,25
7407,20,Puente de Vallecas,1887,265000,Piso,3.0,1.0,77.0,8.0,0,25
7408,20,Puente de Vallecas,1887,575000,Dúplex,2.0,2.0,129.0,,1,25
7409,20,Puente de Vallecas,1887,98000,Piso,3.0,1.0,50.0,1.0,0,25
7410,20,Puente de Vallecas,1887,180000,Piso,2.0,1.0,45.0,,0,25
7411,20,Puente de Vallecas,1887,235000,Piso,1.0,1.0,52.0,,1,25
7412,20,Puente de Vallecas,1887,178000,Piso,3.0,1.0,76.0,3.0,0,25
7413,20,Puente de Vallecas,1887,131000,Piso,2.0,1.0,59.0,,0,25
7414,20,Puente de Vallecas,1887,163000,Piso,3.0,1.0,75.0,2.0,0,25
7415,20,Puente de Vallecas,1887,115160,Piso,3.0,1.0,47.0,3.0,0,25
7416,20,Puente de Vallecas,1887,499000,Piso,4.0,2.0,117.0,1.0,0,25
7417,20,Puente de Vallecas,1887,220000,Piso,2.0,1.0,72.0,3.0,0,25
7418,20,Puente de Vallecas,1887,119500,Piso,1.0,1.0,62.0,1.0,0,25
7419,20,Puente de Vallecas,1887,103400,Piso,2.0,1.0,51.0,1.0,0,25
7420,20,Puente de Vallecas,1887,299000,Piso,3.0,1.0,63.0,1.0,0,25
7421,20,Puente de Vallecas,1887,135000,Piso,3.0,1.0,86.0,,0,25
7422,20,Puente de Vallecas,1887,2530200,Casa o chalet,1.0,1.0,642.0,,0,25
7423,20,Puente de Vallecas,1887,262500,Ático,4.0,2.0,135.0,3.0,0,25
7424,20,Puente de Vallecas,1887,595000,Dúplex,1.0,2.0,500.0,,0,25
7425,20,Puente de Vallecas,1887,230000,Piso,,1.0,50.0,5.0,0,25
7426,20,Puente de Vallecas,1887,600000,Piso,2.0,1.0,106.0,2.0,0,25
7427,20,Puente de Vallecas,1887,107500,Piso,2.0,1.0,50.0,1.0,0,25
7428,20,Puente de Vallecas,1887,380000,Piso,2.0,1.0,77.0,1.0,0,25
7429,20,Puente de Vallecas,1887,377000,Piso,3.0,2.0,145.0,,0,25
7430,20,Puente de Vallecas,1887,3200000,Piso,6.0,5.0,372.0,6.0,1,25
7431,20,Puente de Vallecas,1887,125000,Piso,2.0,1.0,70.0,1.0,0,25
7432,20,Puente de Vallecas,1887,99900,Piso,2.0,1.0,56.0,1.0,0,25
7433,20,Puente de Vallecas,1887,137000,Piso,2.0,1.0,65.0,,0,25
7434,20,Puente de Vallecas,1887,65000,Piso,1.0,1.0,58.0,,0,25
7435,20,Puente de Vallecas,1887,99000,Piso,3.0,1.0,54.0,4.0,0,25
7436,20,Puente de Vallecas,1887,118000,Piso,2.0,1.0,65.0,1.0,0,25
7437,20,Puente de Vallecas,1887,139000,Piso,1.0,1.0,45.0,3.0,0,25
7438,20,Puente de Vallecas,1887,115000,Piso,2.0,1.0,58.0,1.0,0,25
7439,20,Puente de Vallecas,1887,315000,Ático,2.0,1.0,57.0,6.0,0,25
7440,20,Puente de Vallecas,1887,309000,Piso,2.0,1.0,67.0,,0,25
7441,20,Puente de Vallecas,1887,97500,Piso,3.0,1.0,55.0,,0,25
7442,20,Puente de Vallecas,1887,98000,Piso,1.0,1.0,45.0,1.0,0,25
7443,20,Puente de Vallecas,1887,159000,Piso,1.0,1.0,30.0,,0,25
7444,20,Puente de Vallecas,1887,494900,Piso,5.0,4.0,215.0,,1,25
7445,20,Puente de Vallecas,1887,262500,Ático,4.0,2.0,135.0,3.0,0,25
7446,20,Puente de Vallecas,1887,71000,Estudio,1.0,1.0,30.0,,0,25
7447,20,Puente de Vallecas,1887,99900,Piso,2.0,1.0,56.0,1.0,0,25
7448,20,Puente de Vallecas,1887,103400,Piso,3.0,1.0,51.0,1.0,0,25
7449,20,Puente de Vallecas,1887,262500,Ático,4.0,2.0,135.0,3.0,0,25
7450,20,Puente de Vallecas,1887,250000,Piso,2.0,1.0,45.0,1.0,0,25
7451,20,Puente de Vallecas,1887,99900,Piso,2.0,1.0,56.0,1.0,0,25
7452,20,Puente de Vallecas,1887,134900,Piso,2.0,1.0,54.0,2.0,0,25
7453,20,Puente de Vallecas,1887,928000,Piso,1.0,1.0,155.0,,0,25
7454,20,Puente de Vallecas,1887,139000,Piso,2.0,1.0,66.0,3.0,0,25
7455,20,Puente de Vallecas,1887,2210000,Piso,3.0,4.0,250.0,3.0,1,25
7456,20,Puente de Vallecas,1887,77000,Piso,2.0,1.0,52.0,,0,25
7457,20,Puente de Vallecas,1887,114990,Piso,2.0,1.0,65.0,2.0,0,25
7458,20,Puente de Vallecas,1887,650000,Piso,4.0,3.0,141.0,3.0,0,25
7459,20,Puente de Vallecas,1887,129000,Piso,2.0,1.0,58.0,,0,25
7460,20,Puente de Vallecas,1887,149000,Piso,2.0,1.0,65.0,,0,25
7461,20,Puente de Vallecas,1887,1900000,Piso,6.0,4.0,456.0,2.0,1,25
7462,20,Puente de Vallecas,1887,730000,Piso,4.0,2.0,119.0,1.0,1,25
7463,20,Puente de Vallecas,1887,129000,Piso,2.0,1.0,62.0,1.0,0,25
7464,20,Puente de Vallecas,1887,277200,Piso,2.0,2.0,102.0,2.0,0,25
7465,20,Puente de Vallecas,1887,315000,Ático,2.0,1.0,57.0,6.0,0,25
7466,20,Puente de Vallecas,1887,650000,Piso,4.0,3.0,169.0,2.0,1,25
7467,20,Puente de Vallecas,1887,175000,Piso,3.0,2.0,78.0,,0,25
7468,20,Puente de Vallecas,1887,215000,Piso,2.0,2.0,76.0,5.0,1,25
7469,20,Puente de Vallecas,1887,245000,Piso,2.0,1.0,87.0,5.0,1,25
7470,20,Puente de Vallecas,1887,320000,Piso,4.0,2.0,116.0,4.0,1,25
7471,20,Puente de Vallecas,1887,240000,Ático,2.0,1.0,35.0,6.0,0,25
7472,20,Puente de Vallecas,1887,195000,Piso,2.0,1.0,57.0,,0,25
7473,20,Puente de Vallecas,1887,299000,Piso,3.0,1.0,63.0,1.0,0,25
7474,20,Puente de Vallecas,1887,109200,Piso,2.0,1.0,50.0,,0,25
7475,20,Puente de Vallecas,1887,265000,Piso,3.0,1.0,70.0,4.0,0,25
7476,20,Puente de Vallecas,1887,135000,Piso,1.0,1.0,30.0,,0,25
7477,20,Puente de Vallecas,1887,117000,Piso,2.0,1.0,53.0,2.0,0,25
7478,20,Puente de Vallecas,1887,255000,Piso,1.0,1.0,53.0,1.0,1,25
7479,20,Puente de Vallecas,1887,319000,Piso,3.0,2.0,110.0,3.0,1,25
7480,20,Puente de Vallecas,1887,585000,Piso,3.0,2.0,144.0,,1,25
7481,20,Puente de Vallecas,1887,185000,Piso,3.0,1.0,85.0,,0,25
7482,20,Puente de Vallecas,1887,299000,Piso,3.0,1.0,63.0,1.0,0,25
7483,20,Puente de Vallecas,1887,111380,Piso,2.0,1.0,50.0,3.0,0,25
7484,20,Puente de Vallecas,1887,211000,Piso,2.0,1.0,73.0,1.0,0,25
7485,20,Puente de Vallecas,1887,100000,Piso,3.0,1.0,70.0,,0,25
7486,20,Puente de Vallecas,1887,299000,Piso,3.0,1.0,63.0,1.0,0,25
7487,20,Puente de Vallecas,1887,80000,Piso,2.0,1.0,60.0,,0,25
7488,20,Puente de Vallecas,1887,125000,Piso,2.0,1.0,70.0,1.0,0,25
7489,20,Puente de Vallecas,1887,109200,Piso,2.0,1.0,50.0,3.0,0,25
7490,20,Puente de Vallecas,1887,169830,Piso,3.0,1.0,83.0,2.0,0,25
7491,20,Puente de Vallecas,1887,232000,Piso,2.0,1.0,75.0,8.0,0,25
7492,20,Puente de Vallecas,1887,430000,Piso,2.0,2.0,112.0,1.0,1,25
7493,20,Puente de Vallecas,1887,1220700,Piso,6.0,2.0,211.0,1.0,0,25
7494,20,Puente de Vallecas,1887,260000,Piso,3.0,2.0,129.0,,0,25
7495,20,Puente de Vallecas,1887,210000,Piso,2.0,1.0,42.0,1.0,0,25
7496,20,Puente de Vallecas,1887,240000,Ático,2.0,1.0,35.0,6.0,0,25
7497,20,Puente de Vallecas,1887,116000,Piso,,,65.0,2.0,0,25
7498,20,Puente de Vallecas,1887,199000,Piso,3.0,1.0,86.0,6.0,0,25
7499,20,Puente de Vallecas,1887,262500,Ático,4.0,2.0,135.0,3.0,0,25
7500,20,Puente de Vallecas,1887,84000,Piso,3.0,1.0,53.0,,0,25
7501,20,Puente de Vallecas,1887,589000,Piso,5.0,2.0,144.0,6.0,0,25
7502,20,Puente de Vallecas,1887,320000,Piso,1.0,1.0,59.0,1.0,0,25
7503,20,Puente de Vallecas,1887,995000,Piso,5.0,3.0,197.0,6.0,0,25
7504,20,Puente de Vallecas,1887,125000,Piso,2.0,1.0,70.0,1.0,0,25
7505,20,Puente de Vallecas,1887,124900,Piso,3.0,1.0,72.0,2.0,0,25
7506,20,Puente de Vallecas,1887,238000,Piso,3.0,2.0,90.0,,0,25
7507,20,Puente de Vallecas,1887,799000,Piso,4.0,3.0,206.0,3.0,0,25
7508,20,Puente de Vallecas,1887,145000,Piso,3.0,1.0,62.0,1.0,0,25
7509,20,Puente de Vallecas,1887,83000,Estudio,,1.0,26.0,,0,25
7510,20,Puente de Vallecas,1887,94000,Piso,2.0,1.0,49.0,1.0,0,25
7511,20,Puente de Vallecas,1887,240000,Ático,2.0,1.0,35.0,6.0,0,25
7512,20,Puente de Vallecas,1887,135000,Piso,1.0,1.0,42.0,1.0,0,25
7513,20,Puente de Vallecas,1887,95000,Piso,2.0,1.0,63.0,5.0,0,25
7514,20,Puente de Vallecas,1887,570000,Piso,3.0,1.0,113.0,,0,25
7515,20,Puente de Vallecas,1887,3295000,Casa o chalet,6.0,7.0,982.0,,1,25
7516,20,Puente de Vallecas,1887,299000,Piso,3.0,1.0,63.0,1.0,0,25
7517,20,Puente de Vallecas,1887,103400,Piso,2.0,1.0,51.0,1.0,0,25
7518,20,Puente de Vallecas,1887,1190000,Piso,3.0,3.0,194.0,1.0,1,25
7519,20,Puente de Vallecas,1887,99900,Piso,2.0,1.0,56.0,1.0,0,25
7520,20,Puente de Vallecas,1887,136500,Piso,3.0,1.0,66.0,,0,25
7521,20,Puente de Vallecas,1887,125900,Piso,3.0,1.0,68.0,3.0,0,25
7522,20,Puente de Vallecas,1887,208000,Piso,2.0,2.0,94.0,3.0,1,25
7523,20,Puente de Vallecas,1887,299000,Piso,3.0,1.0,63.0,1.0,0,25
7524,20,Puente de Vallecas,1887,163600,Piso,3.0,2.0,60.0,5.0,0,25
7525,20,Puente de Vallecas,1887,479000,Piso,2.0,2.0,100.0,,0,25
7526,20,Puente de Vallecas,1887,125000,Piso,2.0,1.0,70.0,1.0,0,25
7527,20,Puente de Vallecas,1887,620000,Piso,4.0,2.0,155.0,7.0,1,25
7528,20,Puente de Vallecas,1887,249000,Piso,3.0,2.0,99.0,2.0,1,25
7529,20,Puente de Vallecas,1887,299000,Piso,3.0,1.0,63.0,1.0,0,25
7530,20,Puente de Vallecas,1887,159000,Estudio,,1.0,42.0,2.0,0,25
7531,20,Puente de Vallecas,1887,1790000,Casa o chalet,,,690.0,,0,25
7532,20,Puente de Vallecas,1887,135000,Piso,1.0,1.0,57.0,1.0,0,25
7533,20,Puente de Vallecas,1887,233380,Piso,1.0,1.0,98.0,,0,25
7534,20,Puente de Vallecas,1887,302000,Piso,2.0,1.0,63.0,,0,25
7535,20,Puente de Vallecas,1887,264900,Piso,2.0,1.0,87.0,2.0,0,25
7536,20,Puente de Vallecas,1887,140000,Piso,1.0,1.0,50.0,2.0,0,25
7537,20,Puente de Vallecas,1887,106000,Piso,2.0,1.0,47.0,,0,25
7538,20,Puente de Vallecas,1887,130000,Piso,2.0,1.0,53.0,2.0,0,25
7539,20,Puente de Vallecas,1887,133000,Piso,3.0,1.0,63.0,3.0,0,25
7540,20,Puente de Vallecas,1887,130000,Piso,2.0,1.0,55.0,1.0,0,25
7541,20,Puente de Vallecas,1887,208000,Piso,2.0,2.0,94.0,3.0,1,25
7542,20,Puente de Vallecas,1887,125000,Piso,2.0,1.0,70.0,1.0,0,25
7543,20,Puente de Vallecas,1887,240000,Ático,2.0,1.0,35.0,6.0,0,25
7544,20,Puente de Vallecas,1887,229000,Piso,3.0,1.0,68.0,,0,25
7545,20,Puente de Vallecas,1887,110000,Casa o chalet,3.0,1.0,65.0,,0,25
7546,20,Puente de Vallecas,1887,125000,Piso,2.0,1.0,70.0,1.0,0,25
7547,20,Puente de Vallecas,1887,299000,Piso,3.0,1.0,63.0,1.0,0,25
7548,20,Puente de Vallecas,1887,155000,Piso,3.0,1.0,78.0,,0,25
7549,20,Puente de Vallecas,1887,130000,Piso,1.0,1.0,49.0,2.0,0,25
7550,20,Puente de Vallecas,1887,115160,Piso,3.0,1.0,47.0,1.0,0,25
7551,20,Puente de Vallecas,1887,99000,Piso,2.0,1.0,52.0,,0,25
7552,20,Puente de Vallecas,1887,120000,Piso,2.0,1.0,51.0,,0,25
7553,20,Puente de Vallecas,1887,99900,Piso,2.0,1.0,56.0,1.0,0,25
7554,20,Puente de Vallecas,1887,130000,Piso,2.0,1.0,66.0,1.0,0,25
7555,20,Puente de Vallecas,1887,1807400,Casa o chalet,5.0,3.0,696.0,,0,25
7556,20,Puente de Vallecas,1887,108000,Piso,1.0,1.0,47.0,,0,25
7557,20,Puente de Vallecas,1887,290000,Estudio,,,42.0,3.0,0,25
7558,20,Puente de Vallecas,1887,500000,Piso,3.0,2.0,109.0,,0,25
7559,20,Puente de Vallecas,1887,190683,Piso,1.0,1.0,82.0,,0,25
7560,20,Puente de Vallecas,1887,175000,Piso,4.0,2.0,117.0,5.0,0,25
7561,20,Puente de Vallecas,1887,2359000,Finca rústica,,,4528.0,,0,25
7562,20,Puente de Vallecas,1887,115000,Piso,2.0,1.0,66.0,2.0,0,25
7563,20,Puente de Vallecas,1887,215000,Piso,3.0,1.0,58.0,1.0,0,25
7564,20,Puente de Vallecas,1887,605000,Piso,4.0,2.0,131.0,2.0,0,25
7565,20,Puente de Vallecas,1887,165000,Casa o chalet,5.0,2.0,160.0,,0,25
7566,20,Puente de Vallecas,1887,122000,Piso,2.0,1.0,80.0,,0,25
7567,20,Puente de Vallecas,1887,130000,Piso,3.0,1.0,80.0,4.0,0,25
7568,20,Puente de Vallecas,1887,102000,Piso,2.0,1.0,55.0,2.0,0,25
7569,20,Puente de Vallecas,1887,103400,Piso,3.0,1.0,47.0,1.0,0,25
7570,20,Puente de Vallecas,1887,345000,Piso,3.0,2.0,122.0,5.0,1,25
7571,20,Puente de Vallecas,1887,87852,Piso,,1.0,1.0,,0,25
7572,20,Puente de Vallecas,1887,208000,Piso,2.0,2.0,94.0,3.0,1,25
7573,20,Puente de Vallecas,1887,299000,Piso,3.0,1.0,63.0,1.0,0,25
7574,20,Puente de Vallecas,1887,249000,Piso,3.0,2.0,95.0,3.0,1,25
7575,20,Puente de Vallecas,1887,350000,Piso,3.0,2.0,86.0,1.0,0,25
7576,5,Retiro,4502,499000,Piso,3.0,2.0,137.0,3.0,0,6
7577,5,Retiro,4502,276000,Piso,2.0,1.0,54.0,,0,6
7578,5,Retiro,4502,250000,Apartamento,,1.0,47.0,,0,6
7579,5,Retiro,4502,350000,Piso,2.0,1.0,67.0,1.0,0,6
7580,5,Retiro,4502,1150000,Piso,4.0,3.0,270.0,1.0,0,6
7581,5,Retiro,4502,466600,Piso,3.0,2.0,142.0,,1,6
7582,5,Retiro,4502,185000,Piso,2.0,1.0,68.0,1.0,0,6
7583,5,Retiro,4502,1085000,Piso,4.0,4.0,201.0,,1,6
7584,5,Retiro,4502,469000,Piso,4.0,2.0,117.0,1.0,1,6
7585,5,Retiro,4502,210000,Piso,2.0,1.0,44.0,2.0,0,6
7586,5,Retiro,4502,290000,Piso,3.0,2.0,85.0,7.0,0,6
7587,5,Retiro,4502,649000,Piso,3.0,2.0,124.0,1.0,0,6
7588,5,Retiro,4502,299000,Piso,3.0,1.0,67.0,2.0,1,6
7589,5,Retiro,4502,530000,Piso,2.0,2.0,90.0,,0,6
7590,5,Retiro,4502,1160000,Piso,3.0,2.0,130.0,5.0,0,6
7591,5,Retiro,4502,289900,Piso,1.0,1.0,61.0,2.0,0,6
7592,5,Retiro,4502,499000,Piso,3.0,2.0,137.0,3.0,0,6
7593,5,Retiro,4502,245000,Piso,,2.0,77.0,,0,6
7594,5,Retiro,4502,798000,Piso,2.0,2.0,115.0,3.0,0,6
7595,5,Retiro,4502,266000,Piso,2.0,1.0,96.0,,0,6
7596,5,Retiro,4502,2000000,Piso,5.0,4.0,242.0,5.0,1,6
7597,5,Retiro,4502,185000,Piso,2.0,1.0,68.0,1.0,0,6
7598,5,Retiro,4502,1980000,Piso,3.0,4.0,200.0,2.0,0,6
7599,5,Retiro,4502,59000,Piso,1.0,1.0,28.0,1.0,0,6
7600,5,Retiro,4502,440000,Piso,3.0,2.0,97.0,7.0,0,6
7601,5,Retiro,4502,399000,Piso,4.0,2.0,132.0,,0,6
7602,5,Retiro,4502,399000,Piso,4.0,2.0,132.0,,0,6
7603,5,Retiro,4502,735000,Piso,3.0,2.0,170.0,,0,6
7604,5,Retiro,4502,499000,Piso,3.0,2.0,137.0,3.0,0,6
7605,5,Retiro,4502,530000,Piso,2.0,2.0,89.0,2.0,0,6
7606,5,Retiro,4502,870000,Piso,6.0,3.0,205.0,,1,6
7607,5,Retiro,4502,97000,Piso,2.0,1.0,70.0,,0,6
7608,5,Retiro,4502,785000,Piso,4.0,3.0,159.0,2.0,1,6
7609,5,Retiro,4502,299000,Piso,4.0,1.0,74.0,,0,6
7610,5,Retiro,4502,798000,Piso,2.0,2.0,115.0,3.0,0,6
7611,5,Retiro,4502,798000,Piso,2.0,2.0,115.0,3.0,0,6
7612,5,Retiro,4502,270000,Piso,2.0,2.0,107.0,2.0,1,6
7613,5,Retiro,4502,335000,Piso,3.0,1.0,77.0,3.0,0,6
7614,5,Retiro,4502,299000,Piso,4.0,1.0,74.0,,0,6
7615,5,Retiro,4502,730000,Piso,4.0,2.0,166.0,1.0,0,6
7616,5,Retiro,4502,690000,Piso,4.0,3.0,142.0,3.0,1,6
7617,5,Retiro,4502,440000,Piso,3.0,2.0,97.0,7.0,0,6
7618,5,Retiro,4502,200000,Piso,2.0,1.0,67.0,1.0,0,6
7619,5,Retiro,4502,499000,Piso,3.0,2.0,137.0,3.0,0,6
7620,5,Retiro,4502,92000,Piso,3.0,1.0,44.0,,0,6
7621,5,Retiro,4502,440000,Piso,3.0,2.0,97.0,7.0,0,6
7622,5,Retiro,4502,185000,Piso,2.0,1.0,68.0,1.0,0,6
7623,5,Retiro,4502,499000,Piso,3.0,2.0,137.0,3.0,0,6
7624,5,Retiro,4502,798000,Piso,2.0,2.0,115.0,3.0,0,6
7625,5,Retiro,4502,185000,Piso,2.0,1.0,68.0,1.0,0,6
7626,5,Retiro,4502,7800000,Casa o chalet,9.0,9.0,2400.0,,1,6
7627,5,Retiro,4502,365000,Dúplex,2.0,2.0,55.0,6.0,0,6
7628,5,Retiro,4502,398000,Piso,3.0,2.0,101.0,5.0,0,6
7629,5,Retiro,4502,899000,Piso,5.0,3.0,209.0,10.0,1,6
7630,5,Retiro,4502,740000,Piso,3.0,2.0,144.0,,1,6
7631,5,Retiro,4502,225000,Piso,2.0,1.0,42.0,,0,6
7632,5,Retiro,4502,180000,Piso,2.0,1.0,35.0,2.0,0,6
7633,5,Retiro,4502,3500000,Casa o chalet,6.0,6.0,724.0,,1,6
7634,5,Retiro,4502,192780,Piso,3.0,1.0,89.0,1.0,0,6
7635,5,Retiro,4502,76000,Piso,2.0,1.0,48.0,2.0,0,6
7636,5,Retiro,4502,399000,Piso,4.0,2.0,132.0,,0,6
7637,5,Retiro,4502,399000,Piso,4.0,2.0,132.0,,0,6
7638,5,Retiro,4502,320000,Ático,3.0,1.0,92.0,7.0,0,6
7639,5,Retiro,4502,385000,Piso,3.0,1.0,85.0,9.0,1,6
7640,5,Retiro,4502,499000,Piso,3.0,2.0,137.0,3.0,0,6
7641,5,Retiro,4502,470000,Piso,3.0,2.0,130.0,8.0,0,6
7642,5,Retiro,4502,135000,Piso,3.0,1.0,84.0,4.0,0,6
7643,5,Retiro,4502,499000,Piso,3.0,2.0,137.0,3.0,0,6
7644,5,Retiro,4502,798000,Piso,2.0,2.0,115.0,3.0,0,6
7645,5,Retiro,4502,298900,Piso,1.0,1.0,72.0,10.0,0,6
7646,5,Retiro,4502,499000,Piso,3.0,2.0,137.0,3.0,0,6
7647,5,Retiro,4502,185000,Piso,2.0,1.0,68.0,1.0,0,6
7648,5,Retiro,4502,399000,Piso,4.0,2.0,132.0,,0,6
7649,5,Retiro,4502,185000,Piso,2.0,1.0,68.0,1.0,0,6
7650,5,Retiro,4502,699000,Piso,4.0,3.0,173.0,1.0,1,6
7651,5,Retiro,4502,159000,Apartamento,,,40.0,,0,6
7652,5,Retiro,4502,340000,Piso,3.0,1.0,77.0,1.0,0,6
7653,5,Retiro,4502,185000,Piso,2.0,1.0,68.0,1.0,0,6
7654,5,Retiro,4502,184900,Piso,2.0,2.0,89.0,1.0,0,6
7655,5,Retiro,4502,1225000,Piso,5.0,2.0,215.0,8.0,0,6
7656,5,Retiro,4502,499000,Piso,3.0,2.0,137.0,3.0,0,6
7657,5,Retiro,4502,1690000,Piso,3.0,3.0,201.0,1.0,0,6
7658,5,Retiro,4502,369000,Piso,3.0,2.0,84.0,2.0,0,6
7659,5,Retiro,4502,399000,Piso,4.0,2.0,132.0,,0,6
7660,5,Retiro,4502,420000,Piso,4.0,2.0,140.0,,0,6
7661,5,Retiro,4502,439000,Piso,3.0,2.0,146.0,1.0,0,6
7662,5,Retiro,4502,350000,Piso,3.0,2.0,86.0,1.0,0,6
7663,5,Retiro,4502,159000,Piso,2.0,1.0,46.0,1.0,0,6
7664,5,Retiro,4502,186000,Piso,3.0,2.0,95.0,1.0,0,6
7665,5,Retiro,4502,299000,Piso,4.0,1.0,74.0,,0,6
7666,5,Retiro,4502,198000,Piso,,1.0,33.0,,0,6
7667,5,Retiro,4502,440000,Piso,3.0,2.0,97.0,7.0,0,6
7668,5,Retiro,4502,330000,Piso,2.0,1.0,69.0,3.0,0,6
7669,5,Retiro,4502,399000,Piso,4.0,2.0,132.0,,0,6
7670,5,Retiro,4502,584000,Piso,3.0,2.0,144.0,,1,6
7671,5,Retiro,4502,140000,Piso,1.0,1.0,84.0,1.0,1,6
7672,5,Retiro,4502,1290000,Casa o chalet,4.0,3.0,230.0,,0,6
7673,5,Retiro,4502,618000,Piso,4.0,2.0,135.0,6.0,1,6
7674,5,Retiro,4502,185000,Piso,2.0,1.0,68.0,1.0,0,6
7675,5,Retiro,4502,299000,Piso,4.0,1.0,74.0,,0,6
7676,5,Retiro,4502,1180000,Piso,2.0,3.0,166.0,2.0,0,6
7677,5,Retiro,4502,139800,Piso,2.0,2.0,68.0,1.0,0,6
7678,5,Retiro,4502,580000,Ático,2.0,2.0,130.0,,1,6
7679,5,Retiro,4502,185000,Piso,2.0,1.0,68.0,1.0,0,6
7680,5,Retiro,4502,55000,Casa o chalet,2.0,3.0,85.0,,0,6
7681,5,Retiro,4502,1250000,Piso,4.0,3.0,193.0,1.0,0,6
7682,5,Retiro,4502,798000,Piso,2.0,2.0,115.0,3.0,0,6
7683,5,Retiro,4502,198000,Piso,4.0,2.0,120.0,,1,6
7684,5,Retiro,4502,2550000,Piso,4.0,4.0,220.0,4.0,0,6
7685,5,Retiro,4502,285000,Loft,,2.0,165.0,,0,6
7686,5,Retiro,4502,820000,Piso,2.0,2.0,179.0,1.0,1,6
7687,5,Retiro,4502,798000,Piso,2.0,2.0,115.0,3.0,0,6
7688,5,Retiro,4502,549000,Piso,3.0,1.0,100.0,,0,6
7689,5,Retiro,4502,199000,Piso,3.0,2.0,100.0,5.0,0,6
7690,5,Retiro,4502,165000,Piso,1.0,1.0,58.0,,1,6
7691,5,Retiro,4502,129000,Piso,3.0,1.0,60.0,1.0,0,6
7692,5,Retiro,4502,715000,Piso,2.0,2.0,112.0,3.0,0,6
7693,5,Retiro,4502,399000,Piso,4.0,2.0,132.0,,0,6
7694,5,Retiro,4502,299000,Piso,3.0,1.0,63.0,1.0,0,6
7695,5,Retiro,4502,610000,Piso,4.0,2.0,158.0,9.0,1,6
7696,5,Retiro,4502,595000,Piso,2.0,2.0,137.0,,0,6
7697,5,Retiro,4502,1680000,Piso,6.0,4.0,364.0,1.0,1,6
7698,5,Retiro,4502,93000,Piso,3.0,1.0,66.0,2.0,0,6
7699,5,Retiro,4502,798000,Piso,2.0,2.0,115.0,3.0,0,6
7700,5,Retiro,4502,244000,Piso,3.0,1.0,67.0,,0,6
7701,5,Retiro,4502,298000,Ático,1.0,1.0,52.0,,0,6
7702,5,Retiro,4502,499000,Piso,3.0,2.0,137.0,3.0,0,6
7703,5,Retiro,4502,710000,Piso,4.0,3.0,113.0,12.0,0,6
7704,5,Retiro,4502,485000,Piso,3.0,2.0,100.0,2.0,1,6
7705,5,Retiro,4502,798000,Piso,2.0,2.0,115.0,3.0,0,6
7706,5,Retiro,4502,795000,Piso,3.0,2.0,146.0,1.0,0,6
7707,5,Retiro,4502,499000,Piso,3.0,2.0,137.0,3.0,0,6
7708,5,Retiro,4502,178000,Piso,3.0,1.0,60.0,3.0,0,6
7709,5,Retiro,4502,275000,Piso,3.0,1.0,100.0,,0,6
7710,5,Retiro,4502,235000,Piso,1.0,1.0,40.0,3.0,0,6
7711,5,Retiro,4502,145000,Piso,2.0,1.0,55.0,1.0,0,6
7712,5,Retiro,4502,444000,Piso,2.0,1.0,46.0,4.0,0,6
7713,5,Retiro,4502,230000,Piso,3.0,2.0,82.0,3.0,0,6
7714,5,Retiro,4502,240000,Piso,3.0,1.0,85.0,,0,6
7715,5,Retiro,4502,1200000,Piso,3.0,3.0,158.0,,0,6
7716,5,Retiro,4502,670000,Piso,5.0,2.0,162.0,1.0,0,6
7717,5,Retiro,4502,1250000,Piso,6.0,2.0,294.0,2.0,0,6
7718,5,Retiro,4502,1290000,Piso,5.0,5.0,433.0,1.0,1,6
7719,5,Retiro,4502,159000,Apartamento,,,40.0,,0,6
7720,5,Retiro,4502,499000,Piso,3.0,2.0,137.0,3.0,0,6
7721,5,Retiro,4502,530000,Piso,2.0,2.0,90.0,,0,6
7722,5,Retiro,4502,230000,Piso,2.0,1.0,38.0,,0,6
7723,5,Retiro,4502,1850000,Piso,3.0,3.0,195.0,,0,6
7724,5,Retiro,4502,405000,Piso,3.0,2.0,110.0,2.0,0,6
7725,5,Retiro,4502,250000,Piso,2.0,1.0,55.0,,0,6
7726,5,Retiro,4502,798000,Piso,2.0,2.0,115.0,3.0,0,6
7727,5,Retiro,4502,185000,Piso,2.0,1.0,68.0,1.0,0,6
7728,5,Retiro,4502,665000,Piso,4.0,2.0,155.0,,1,6
7729,5,Retiro,4502,310500,Piso,3.0,2.0,78.0,,0,6
7730,5,Retiro,4502,750000,Piso,4.0,2.0,157.0,,1,6
7731,5,Retiro,4502,299000,Piso,4.0,1.0,74.0,,0,6
7732,5,Retiro,4502,800000,Casa o chalet,2.0,,140.0,,0,6
7733,5,Retiro,4502,440000,Piso,3.0,2.0,97.0,7.0,0,6
7734,5,Retiro,4502,275000,Piso,3.0,1.0,100.0,,0,6
7735,5,Retiro,4502,820000,Casa adosada,4.0,4.0,225.0,,1,6
7736,5,Retiro,4502,146000,Piso,1.0,1.0,73.0,1.0,0,6
7737,5,Retiro,4502,799000,Ático,5.0,3.0,167.0,7.0,0,6
7738,5,Retiro,4502,315000,Piso,3.0,2.0,91.0,,0,6
7739,5,Retiro,4502,310000,Piso,2.0,2.0,82.0,,0,6
7740,5,Retiro,4502,141000,Piso,3.0,1.0,67.0,2.0,0,6
7741,5,Retiro,4502,798000,Piso,2.0,2.0,115.0,3.0,0,6
7742,5,Retiro,4502,1600000,Piso,10.0,2.0,247.0,2.0,0,6
7743,5,Retiro,4502,798000,Piso,2.0,2.0,115.0,3.0,0,6
7744,5,Retiro,4502,119000,Piso,3.0,1.0,75.0,,0,6
7745,5,Retiro,4502,444000,Piso,2.0,1.0,55.0,3.0,0,6
7746,5,Retiro,4502,440000,Piso,3.0,2.0,97.0,7.0,0,6
7747,5,Retiro,4502,192000,Piso,,1.0,53.0,1.0,0,6
7748,5,Retiro,4502,497000,Piso,3.0,2.0,132.0,,1,6
7749,5,Retiro,4502,370000,Piso,3.0,2.0,84.0,1.0,1,6
7750,5,Retiro,4502,899000,Casa o chalet,7.0,5.0,447.0,,1,6
7751,5,Retiro,4502,185000,Piso,2.0,1.0,68.0,1.0,0,6
7752,5,Retiro,4502,618000,Piso,4.0,2.0,135.0,6.0,1,6
7753,5,Retiro,4502,159000,Apartamento,,,40.0,,0,6
7754,5,Retiro,4502,835000,Piso,6.0,3.0,258.0,,1,6
7755,5,Retiro,4502,315000,Piso,3.0,1.0,65.0,7.0,0,6
7756,5,Retiro,4502,399000,Piso,4.0,2.0,132.0,,0,6
7757,5,Retiro,4502,725000,Piso,4.0,3.0,129.0,3.0,0,6
7758,5,Retiro,4502,153000,Piso,3.0,1.0,75.0,,0,6
7759,5,Retiro,4502,746000,Casa adosada,5.0,4.0,215.0,,1,6
7760,5,Retiro,4502,399000,Piso,4.0,2.0,132.0,,0,6
7761,5,Retiro,4502,798000,Piso,2.0,2.0,115.0,3.0,0,6
7762,5,Retiro,4502,3600000,Casa o chalet,8.0,11.0,800.0,,0,6
7763,5,Retiro,4502,695000,Piso,2.0,1.0,68.0,1.0,0,6
7764,5,Retiro,4502,850000,Casa adosada,5.0,5.0,284.0,,1,6
7765,5,Retiro,4502,349000,Piso,3.0,1.0,83.0,,0,6
7766,5,Retiro,4502,399000,Piso,4.0,2.0,132.0,,0,6
7767,5,Retiro,4502,194000,Piso,2.0,1.0,41.0,,0,6
7768,5,Retiro,4502,480000,Piso,3.0,2.0,95.0,5.0,0,6
7769,5,Retiro,4502,440000,Piso,3.0,2.0,97.0,7.0,0,6
7770,5,Retiro,4502,440000,Piso,3.0,2.0,97.0,7.0,0,6
7771,5,Retiro,4502,798000,Piso,2.0,2.0,115.0,3.0,0,6
7772,5,Retiro,4502,299000,Piso,4.0,1.0,74.0,,0,6
7773,5,Retiro,4502,3600000,Casa o chalet,8.0,11.0,800.0,,0,6
7774,5,Retiro,4502,185000,Piso,2.0,1.0,68.0,1.0,0,6
7775,5,Retiro,4502,280000,Piso,3.0,2.0,94.0,7.0,1,6
7776,5,Retiro,4502,430000,Piso,4.0,2.0,158.0,1.0,0,6
7777,5,Retiro,4502,525000,Piso,4.0,2.0,125.0,4.0,1,6
7778,5,Retiro,4502,1340000,Piso,5.0,3.0,220.0,1.0,0,6
7779,5,Retiro,4502,399000,Piso,4.0,2.0,132.0,,0,6
7780,5,Retiro,4502,275000,Piso,3.0,1.0,100.0,,0,6
7781,5,Retiro,4502,265000,Piso,2.0,1.0,49.0,2.0,0,6
7782,5,Retiro,4502,399000,Piso,4.0,2.0,132.0,,0,6
7783,5,Retiro,4502,299000,Piso,4.0,1.0,74.0,,0,6
7784,5,Retiro,4502,470000,Piso,4.0,2.0,121.0,8.0,0,6
7785,5,Retiro,4502,299000,Piso,4.0,1.0,74.0,,0,6
7786,5,Retiro,4502,280000,Piso,,1.0,50.0,,0,6
7787,5,Retiro,4502,611600,Piso,3.0,1.0,148.0,,0,6
7788,5,Retiro,4502,845000,Piso,2.0,3.0,90.0,3.0,0,6
7789,5,Retiro,4502,133900,Piso,2.0,1.0,56.0,1.0,0,6
7790,5,Retiro,4502,950000,Piso,4.0,3.0,190.0,7.0,1,6
7791,5,Retiro,4502,275000,Piso,3.0,1.0,100.0,,0,6
7792,5,Retiro,4502,370000,Piso,2.0,1.0,67.0,,0,6
7793,5,Retiro,4502,850000,Piso,4.0,3.0,200.0,6.0,1,6
7794,5,Retiro,4502,275000,Piso,3.0,1.0,100.0,,0,6
7795,5,Retiro,4502,650000,Piso,4.0,2.0,183.0,1.0,1,6
7796,5,Retiro,4502,440000,Piso,3.0,2.0,97.0,7.0,0,6
7797,5,Retiro,4502,830000,Piso,3.0,2.0,147.0,4.0,0,6
7798,5,Retiro,4502,320000,Ático,3.0,1.0,92.0,7.0,0,6
7799,5,Retiro,4502,1300000,Casa adosada,6.0,4.0,340.0,,0,6
7800,5,Retiro,4502,440000,Piso,3.0,2.0,97.0,7.0,0,6
7801,5,Retiro,4502,229000,Piso,2.0,2.0,65.0,,1,6
7802,5,Retiro,4502,499000,Piso,3.0,2.0,137.0,3.0,0,6
7803,5,Retiro,4502,798000,Piso,2.0,2.0,115.0,3.0,0,6
7804,5,Retiro,4502,320000,Ático,3.0,1.0,92.0,7.0,0,6
7805,5,Retiro,4502,1175000,Piso,4.0,3.0,236.0,2.0,0,6
7806,5,Retiro,4502,565000,Ático,2.0,1.0,135.0,7.0,0,6
7807,5,Retiro,4502,460000,Piso,2.0,1.0,73.0,1.0,0,6
7808,5,Retiro,4502,499000,Piso,3.0,2.0,137.0,3.0,0,6
7809,5,Retiro,4502,410000,Piso,3.0,1.0,110.0,1.0,0,6
7810,5,Retiro,4502,510000,Piso,5.0,3.0,190.0,,0,6
7811,5,Retiro,4502,469000,Piso,3.0,2.0,120.0,1.0,1,6
7812,5,Retiro,4502,185000,Piso,2.0,1.0,68.0,1.0,0,6
7813,5,Retiro,4502,590000,Ático,2.0,1.0,135.0,7.0,1,6
7814,5,Retiro,4502,299000,Piso,4.0,1.0,74.0,,0,6
7815,5,Retiro,4502,440000,Piso,3.0,2.0,97.0,7.0,0,6
7816,5,Retiro,4502,798000,Piso,2.0,2.0,115.0,3.0,0,6
7817,5,Retiro,4502,440000,Piso,3.0,2.0,97.0,7.0,0,6
7818,5,Retiro,4502,399000,Piso,4.0,2.0,132.0,,0,6
7819,5,Retiro,4502,299000,Piso,3.0,1.0,63.0,1.0,0,6
7820,5,Retiro,4502,300000,Dúplex,1.0,1.0,58.0,,0,6
7821,5,Retiro,4502,795000,Piso,3.0,2.0,146.0,1.0,0,6
7822,5,Retiro,4502,399000,Piso,4.0,2.0,132.0,,0,6
7823,5,Retiro,4502,185000,Piso,2.0,1.0,68.0,1.0,0,6
7824,5,Retiro,4502,185000,Piso,2.0,1.0,68.0,1.0,0,6
7825,5,Retiro,4502,450000,Piso,4.0,1.0,93.0,,0,6
7826,5,Retiro,4502,135000,Piso,3.0,1.0,70.0,3.0,0,6
7827,5,Retiro,4502,194000,Piso,2.0,1.0,41.0,,0,6
7828,5,Retiro,4502,310000,Piso,1.0,1.0,60.0,3.0,0,6
7829,5,Retiro,4502,485000,Piso,3.0,2.0,100.0,2.0,1,6
7830,5,Retiro,4502,795000,Piso,5.0,4.0,242.0,4.0,1,6
7831,5,Retiro,4502,299000,Piso,3.0,1.0,63.0,1.0,0,6
7832,5,Retiro,4502,548000,Piso,4.0,2.0,128.0,4.0,0,6
7833,5,Retiro,4502,1395000,Piso,3.0,3.0,150.0,5.0,0,6
7834,5,Retiro,4502,185000,Piso,1.0,1.0,38.0,4.0,0,6
7835,5,Retiro,4502,299000,Piso,4.0,1.0,74.0,,0,6
7836,5,Retiro,4502,440000,Piso,3.0,2.0,97.0,7.0,0,6
7837,5,Retiro,4502,299000,Piso,3.0,1.0,63.0,1.0,0,6
7838,5,Retiro,4502,299000,Piso,2.0,1.0,75.0,5.0,1,6
7839,5,Retiro,4502,167000,Piso,1.0,1.0,52.0,3.0,1,6
7840,5,Retiro,4502,499000,Piso,3.0,2.0,137.0,3.0,0,6
7841,5,Retiro,4502,798000,Piso,2.0,2.0,115.0,3.0,0,6
7842,5,Retiro,4502,590000,Ático,2.0,1.0,89.0,,1,6
7843,5,Retiro,4502,385000,Piso,3.0,1.0,85.0,9.0,1,6
7844,5,Retiro,4502,440000,Piso,3.0,2.0,97.0,7.0,0,6
7845,5,Retiro,4502,399000,Piso,4.0,2.0,132.0,,0,6
7846,5,Retiro,4502,299000,Piso,3.0,1.0,63.0,1.0,0,6
7847,5,Retiro,4502,798000,Piso,2.0,2.0,115.0,3.0,0,6
7848,5,Retiro,4502,399000,Piso,4.0,2.0,132.0,,0,6
7849,5,Retiro,4502,499000,Piso,3.0,2.0,137.0,3.0,0,6
7850,5,Retiro,4502,194000,Apartamento,1.0,1.0,33.0,,0,6
7851,5,Retiro,4502,168000,Piso,3.0,2.0,85.0,,1,6
7852,5,Retiro,4502,560000,Piso,3.0,2.0,142.0,1.0,0,6
7853,5,Retiro,4502,185000,Piso,2.0,1.0,68.0,1.0,0,6
7854,5,Retiro,4502,3600000,Casa o chalet,8.0,11.0,800.0,,0,6
7855,5,Retiro,4502,559000,Piso,4.0,2.0,152.0,2.0,1,6
7856,5,Retiro,4502,530000,Piso,2.0,2.0,90.0,,0,6
7857,5,Retiro,4502,499000,Piso,3.0,2.0,96.0,,0,6
7858,5,Retiro,4502,710000,Piso,3.0,3.0,227.0,5.0,1,6
7859,5,Retiro,4502,263000,Piso,3.0,2.0,270.0,,0,6
7860,5,Retiro,4502,185000,Piso,2.0,1.0,68.0,1.0,0,6
7861,5,Retiro,4502,230000,Piso,,1.0,35.0,6.0,0,6
7862,5,Retiro,4502,162000,Planta baja,1.0,1.0,92.0,,0,6
7863,5,Retiro,4502,399000,Piso,4.0,2.0,132.0,,0,6
7864,5,Retiro,4502,185000,Piso,2.0,1.0,68.0,1.0,0,6
7865,5,Retiro,4502,299000,Piso,4.0,1.0,74.0,,0,6
7866,5,Retiro,4502,570000,Piso,2.0,2.0,101.0,,0,6
7867,5,Retiro,4502,800000,Dúplex,3.0,3.0,160.0,5.0,0,6
7868,5,Retiro,4502,299000,Piso,4.0,1.0,74.0,,0,6
7869,5,Retiro,4502,239000,Piso,3.0,1.0,89.0,1.0,0,6
7870,5,Retiro,4502,440000,Piso,3.0,2.0,97.0,7.0,0,6
7871,5,Retiro,4502,620000,Piso,4.0,2.0,135.0,6.0,1,6
7872,5,Retiro,4502,305000,Piso,1.0,1.0,63.0,6.0,0,6
7873,5,Retiro,4502,210000,Piso,3.0,1.0,58.0,4.0,0,6
7874,5,Retiro,4502,399000,Piso,4.0,2.0,132.0,,0,6
7875,5,Retiro,4502,698000,Piso,3.0,2.0,145.0,2.0,0,6
7876,5,Retiro,4502,399000,Piso,4.0,2.0,132.0,,0,6
7877,5,Retiro,4502,800000,Dúplex,3.0,3.0,166.0,5.0,0,6
7878,5,Retiro,4502,715000,Piso,4.0,3.0,140.0,2.0,0,6
7879,5,Retiro,4502,299000,Piso,3.0,1.0,63.0,1.0,0,6
7880,5,Retiro,4502,185000,Piso,2.0,1.0,68.0,1.0,0,6
7881,5,Retiro,4502,170000,Apartamento,1.0,1.0,40.0,4.0,0,6
7882,5,Retiro,4502,265000,Piso,3.0,1.0,70.0,4.0,0,6
7883,5,Retiro,4502,185000,Piso,2.0,1.0,68.0,1.0,0,6
7884,5,Retiro,4502,190000,Piso,3.0,1.0,75.0,3.0,0,6
7885,5,Retiro,4502,299000,Piso,4.0,1.0,74.0,,0,6
7886,5,Retiro,4502,250000,Ático,1.0,1.0,76.0,4.0,0,6
7887,5,Retiro,4502,299000,Piso,4.0,1.0,74.0,,0,6
7888,5,Retiro,4502,3600000,Casa o chalet,8.0,11.0,800.0,,0,6
7889,5,Retiro,4502,240000,Piso,3.0,1.0,100.0,3.0,0,6
7890,5,Retiro,4502,3000000,Piso,3.0,3.0,245.0,4.0,1,6
7891,5,Retiro,4502,399000,Piso,4.0,2.0,132.0,,0,6
7892,5,Retiro,4502,295000,Piso,2.0,1.0,65.0,5.0,0,6
7893,5,Retiro,4502,370000,Piso,2.0,2.0,60.0,,0,6
7894,5,Retiro,4502,275000,Piso,3.0,1.0,100.0,,0,6
7895,5,Retiro,4502,1250000,Casa adosada,3.0,4.0,320.0,,1,6
7896,5,Retiro,4502,485000,Piso,3.0,2.0,100.0,2.0,1,6
7897,5,Retiro,4502,440000,Piso,3.0,2.0,97.0,7.0,0,6
7898,5,Retiro,4502,245000,Piso,3.0,2.0,105.0,1.0,0,6
7899,5,Retiro,4502,479000,Piso,3.0,2.0,139.0,,1,6
7900,5,Retiro,4502,185000,Piso,2.0,1.0,68.0,1.0,0,6
7901,5,Retiro,4502,2300000,Piso,,4.0,280.0,3.0,1,6
7902,5,Retiro,4502,860000,Piso,4.0,3.0,151.0,6.0,1,6
7903,5,Retiro,4502,798000,Piso,2.0,2.0,115.0,3.0,0,6
7904,5,Retiro,4502,3600000,Casa o chalet,8.0,11.0,800.0,,0,6
7905,5,Retiro,4502,275000,Piso,3.0,1.0,100.0,,0,6
7906,5,Retiro,4502,145000,Piso,2.0,1.0,30.0,3.0,0,6
7907,5,Retiro,4502,895000,Casa adosada,6.0,4.0,336.0,,1,6
7908,5,Retiro,4502,440000,Piso,3.0,2.0,97.0,7.0,0,6
7909,5,Retiro,4502,399000,Piso,4.0,2.0,132.0,,0,6
7910,5,Retiro,4502,550000,Piso,4.0,3.0,157.0,,1,6
7911,5,Retiro,4502,302000,Piso,2.0,1.0,84.0,3.0,0,6
7912,5,Retiro,4502,650000,Piso,2.0,2.0,115.0,2.0,0,6
7913,5,Retiro,4502,485000,Piso,3.0,2.0,100.0,2.0,1,6
7914,5,Retiro,4502,485000,Piso,3.0,2.0,100.0,2.0,1,6
7915,5,Retiro,4502,377608,Piso,2.0,2.0,99.0,,0,6
7916,5,Retiro,4502,299000,Piso,3.0,1.0,63.0,1.0,0,6
7917,5,Retiro,4502,440000,Piso,3.0,2.0,97.0,7.0,0,6
7918,5,Retiro,4502,440000,Piso,3.0,2.0,97.0,7.0,0,6
7919,5,Retiro,4502,169600,Piso,4.0,2.0,80.0,,0,6
7920,5,Retiro,4502,3600000,Casa o chalet,8.0,11.0,800.0,,0,6
7921,5,Retiro,4502,440000,Piso,3.0,2.0,97.0,7.0,0,6
7922,5,Retiro,4502,450000,Piso,4.0,2.0,121.0,1.0,0,6
7923,5,Retiro,4502,875000,Piso,3.0,3.0,215.0,5.0,1,6
7924,5,Retiro,4502,530000,Piso,2.0,2.0,90.0,,0,6
7925,5,Retiro,4502,185000,Piso,2.0,1.0,68.0,1.0,0,6
7926,5,Retiro,4502,280000,Piso,2.0,1.0,68.0,,0,6
7927,5,Retiro,4502,440000,Piso,3.0,2.0,97.0,7.0,0,6
7928,5,Retiro,4502,469000,Piso,3.0,2.0,120.0,,0,6
7929,5,Retiro,4502,182400,Piso,1.0,1.0,44.0,,0,6
7930,5,Retiro,4502,1300000,Piso,2.0,1.0,186.0,1.0,0,6
7931,5,Retiro,4502,640000,Piso,5.0,3.0,156.0,3.0,0,6
7932,5,Retiro,4502,299000,Piso,3.0,1.0,63.0,1.0,0,6
7933,5,Retiro,4502,405000,Piso,2.0,2.0,92.0,2.0,0,6
7934,5,Retiro,4502,440000,Piso,3.0,2.0,97.0,7.0,0,6
7935,5,Retiro,4502,135000,Piso,3.0,1.0,55.0,,0,6
7936,5,Retiro,4502,315000,Piso,3.0,1.0,65.0,7.0,0,6
7937,5,Retiro,4502,4000000,Piso,6.0,7.0,354.0,,0,6
7938,5,Retiro,4502,182000,Piso,4.0,1.0,77.0,,0,6
7939,5,Retiro,4502,798000,Piso,2.0,2.0,115.0,3.0,0,6
7940,5,Retiro,4502,798000,Piso,2.0,2.0,115.0,3.0,0,6
7941,5,Retiro,4502,3050000,Piso,3.0,4.0,250.0,4.0,1,6
7942,5,Retiro,4502,225000,Piso,2.0,2.0,89.0,5.0,1,6
7943,5,Retiro,4502,185000,Piso,2.0,1.0,68.0,1.0,0,6
7944,5,Retiro,4502,800000,Dúplex,3.0,3.0,160.0,5.0,0,6
7945,5,Retiro,4502,125000,Piso,1.0,1.0,45.0,,0,6
7946,5,Retiro,4502,798000,Piso,2.0,2.0,115.0,3.0,0,6
7947,5,Retiro,4502,419000,Piso,2.0,1.0,84.0,10.0,0,6
7948,5,Retiro,4502,440000,Piso,3.0,2.0,97.0,7.0,0,6
7949,5,Retiro,4502,798000,Piso,2.0,2.0,115.0,3.0,0,6
7950,5,Retiro,4502,299000,Piso,3.0,1.0,63.0,1.0,0,6
7951,5,Retiro,4502,245000,Piso,3.0,1.0,65.0,2.0,0,6
7952,5,Retiro,4502,798000,Piso,2.0,2.0,115.0,3.0,0,6
7953,5,Retiro,4502,359000,Piso,3.0,2.0,105.0,,1,6
7954,5,Retiro,4502,485000,Piso,3.0,2.0,100.0,2.0,1,6
7955,5,Retiro,4502,440000,Piso,3.0,2.0,97.0,7.0,0,6
7956,5,Retiro,4502,499000,Piso,3.0,2.0,137.0,3.0,0,6
7957,5,Retiro,4502,185000,Piso,2.0,1.0,68.0,1.0,0,6
7958,5,Retiro,4502,275000,Piso,3.0,1.0,100.0,,0,6
7959,5,Retiro,4502,399000,Piso,4.0,2.0,132.0,,0,6
7960,5,Retiro,4502,299000,Piso,4.0,1.0,74.0,,0,6
7961,5,Retiro,4502,1450000,Casa o chalet,5.0,4.0,275.0,,1,6
7962,5,Retiro,4502,550000,Piso,2.0,2.0,118.0,1.0,1,6
7963,5,Retiro,4502,530000,Ático,1.0,1.0,110.0,,1,6
7964,5,Retiro,4502,175000,Piso,3.0,1.0,78.0,5.0,0,6
7965,5,Retiro,4502,1150000,Piso,4.0,3.0,270.0,,0,6
7966,5,Retiro,4502,220000,Piso,3.0,1.0,92.0,1.0,0,6
7967,5,Retiro,4502,798000,Piso,2.0,2.0,115.0,3.0,0,6
7968,5,Retiro,4502,699000,Piso,2.0,2.0,155.0,,0,6
7969,5,Retiro,4502,329700,Piso,3.0,1.0,60.0,,0,6
7970,5,Retiro,4502,185000,Piso,2.0,1.0,68.0,1.0,0,6
7971,5,Retiro,4502,1175000,Piso,3.0,3.0,170.0,,0,6
7972,5,Retiro,4502,1225000,Piso,4.0,3.0,242.0,1.0,1,6
7973,5,Retiro,4502,129000,Piso,3.0,1.0,73.0,11.0,0,6
7974,5,Retiro,4502,245000,Piso,2.0,2.0,85.0,1.0,1,6
7975,5,Retiro,4502,2500000,Dúplex,6.0,8.0,432.0,4.0,1,6
7976,5,Retiro,4502,299000,Piso,3.0,1.0,63.0,1.0,0,6
7977,5,Retiro,4502,399000,Piso,4.0,2.0,132.0,,0,6
7978,5,Retiro,4502,440000,Piso,3.0,2.0,97.0,7.0,0,6
7979,5,Retiro,4502,399000,Piso,4.0,2.0,132.0,,0,6
7980,5,Retiro,4502,800000,Dúplex,3.0,3.0,160.0,5.0,0,6
7981,5,Retiro,4502,469000,Piso,3.0,2.0,120.0,,0,6
7982,5,Retiro,4502,640000,Piso,4.0,2.0,184.0,1.0,1,6
7983,5,Retiro,4502,279900,Piso,1.0,1.0,53.0,,0,6
7984,5,Retiro,4502,120000,Piso,3.0,1.0,72.0,,0,6
7985,5,Retiro,4502,315000,Piso,3.0,1.0,65.0,7.0,0,6
7986,5,Retiro,4502,798000,Piso,2.0,2.0,115.0,3.0,0,6
7987,5,Retiro,4502,798000,Piso,2.0,2.0,115.0,3.0,0,6
7988,5,Retiro,4502,440000,Piso,3.0,2.0,97.0,7.0,0,6
7989,5,Retiro,4502,103000,Piso,2.0,1.0,54.0,2.0,0,6
7990,5,Retiro,4502,725000,Piso,4.0,2.0,154.0,4.0,1,6
7991,5,Retiro,4502,355000,Piso,5.0,3.0,151.0,3.0,0,6
7992,5,Retiro,4502,197000,Piso,2.0,1.0,54.0,2.0,0,6
7993,5,Retiro,4502,680000,Piso,2.0,2.0,129.0,,0,6
7994,5,Retiro,4502,440000,Piso,3.0,2.0,97.0,7.0,0,6
7995,5,Retiro,4502,1190000,Piso,4.0,2.0,209.0,,0,6
7996,5,Retiro,4502,650000,Casa o chalet,4.0,4.0,244.0,,1,6
7997,5,Retiro,4502,199900,Piso,1.0,1.0,59.0,1.0,0,6
7998,5,Retiro,4502,630000,Piso,2.0,2.0,78.0,3.0,0,6
7999,5,Retiro,4502,1300000,Ático,5.0,4.0,366.0,2.0,1,6
8000,5,Retiro,4502,798000,Piso,2.0,2.0,115.0,3.0,0,6
8001,5,Retiro,4502,3600000,Casa o chalet,8.0,11.0,800.0,,0,6
8002,5,Retiro,4502,615000,Piso,4.0,2.0,135.0,6.0,1,6
8003,5,Retiro,4502,2800000,Piso,4.0,5.0,345.0,4.0,0,6
8004,5,Retiro,4502,798000,Piso,2.0,2.0,115.0,3.0,0,6
8005,5,Retiro,4502,480000,Piso,4.0,3.0,124.0,,0,6
8006,5,Retiro,4502,240000,Piso,1.0,1.0,40.0,6.0,0,6
8007,5,Retiro,4502,560000,Piso,8.0,4.0,145.0,4.0,0,6
8008,5,Retiro,4502,349000,Piso,1.0,2.0,96.0,4.0,0,6
8009,5,Retiro,4502,299000,Piso,4.0,1.0,74.0,,0,6
8010,5,Retiro,4502,434500,Piso,2.0,2.0,103.0,6.0,0,6
8011,5,Retiro,4502,278000,Piso,4.0,2.0,85.0,,0,6
8012,5,Retiro,4502,170000,Piso,2.0,2.0,75.0,2.0,0,6
8013,5,Retiro,4502,185000,Apartamento,1.0,1.0,38.0,,0,6
8014,5,Retiro,4502,570000,Piso,4.0,1.0,135.0,4.0,0,6
8015,5,Retiro,4502,513600,Piso,1.0,2.0,89.0,,0,6
8016,5,Retiro,4502,440000,Piso,2.0,2.0,113.0,,0,6
8017,5,Retiro,4502,599000,Piso,4.0,2.0,140.0,1.0,1,6
8018,5,Retiro,4502,530000,Piso,2.0,2.0,90.0,,0,6
8019,5,Retiro,4502,798000,Piso,2.0,2.0,115.0,3.0,0,6
8020,5,Retiro,4502,178000,Piso,3.0,1.0,90.0,3.0,0,6
8021,5,Retiro,4502,565000,Ático,2.0,2.0,70.0,8.0,0,6
8022,5,Retiro,4502,1200000,Piso,5.0,3.0,164.0,6.0,1,6
8023,5,Retiro,4502,275000,Piso,3.0,1.0,100.0,,0,6
8024,5,Retiro,4502,399000,Piso,4.0,2.0,132.0,,0,6
8025,5,Retiro,4502,227000,Piso,2.0,1.0,52.0,,0,6
8026,5,Retiro,4502,3200000,Piso,3.0,2.0,394.0,2.0,1,6
8027,5,Retiro,4502,825000,Piso,3.0,3.0,182.0,1.0,0,6
8028,5,Retiro,4502,459000,Piso,4.0,2.0,130.0,4.0,0,6
8029,5,Retiro,4502,170000,Piso,2.0,1.0,66.0,1.0,0,6
8030,5,Retiro,4502,145000,Piso,2.0,1.0,50.0,2.0,0,6
8031,5,Retiro,4502,142000,Piso,3.0,1.0,79.0,,0,6
8032,5,Retiro,4502,440000,Piso,3.0,2.0,97.0,7.0,0,6
8033,5,Retiro,4502,550000,Piso,5.0,2.0,140.0,2.0,0,6
8034,5,Retiro,4502,275000,Piso,3.0,1.0,100.0,,0,6
8035,5,Retiro,4502,299000,Piso,4.0,1.0,74.0,,0,6
8036,5,Retiro,4502,650000,Piso,2.0,2.0,115.0,2.0,0,6
8037,5,Retiro,4502,349000,Piso,2.0,1.0,66.0,,0,6
8038,5,Retiro,4502,540000,Piso,3.0,2.0,116.0,3.0,0,6
8039,5,Retiro,4502,94000,Piso,1.0,1.0,45.0,,0,6
8040,5,Retiro,4502,120000,Piso,2.0,1.0,57.0,3.0,0,6
8041,5,Retiro,4502,299000,Piso,4.0,1.0,74.0,,0,6
8042,5,Retiro,4502,299000,Piso,4.0,1.0,74.0,,0,6
8043,5,Retiro,4502,240000,Piso,2.0,1.0,110.0,1.0,0,6
8044,5,Retiro,4502,299000,Piso,3.0,1.0,63.0,1.0,0,6
8045,5,Retiro,4502,275000,Piso,3.0,1.0,100.0,,0,6
8046,5,Retiro,4502,399000,Piso,4.0,2.0,132.0,,0,6
8047,5,Retiro,4502,399000,Piso,4.0,2.0,132.0,,0,6
8048,5,Retiro,4502,235000,Piso,2.0,1.0,61.0,2.0,0,6
8049,5,Retiro,4502,1290000,Piso,3.0,2.0,147.0,1.0,0,6
8050,5,Retiro,4502,615000,Piso,4.0,2.0,135.0,6.0,1,6
8051,5,Retiro,4502,440000,Piso,3.0,2.0,97.0,7.0,0,6
8052,5,Retiro,4502,440000,Piso,3.0,2.0,97.0,7.0,0,6
8053,5,Retiro,4502,185000,Piso,2.0,1.0,68.0,1.0,0,6
8054,5,Retiro,4502,440000,Piso,3.0,2.0,97.0,7.0,0,6
8055,5,Retiro,4502,185000,Piso,2.0,1.0,68.0,1.0,0,6
8056,5,Retiro,4502,3600000,Casa o chalet,8.0,11.0,800.0,,0,6
8057,5,Retiro,4502,798000,Piso,2.0,2.0,115.0,3.0,0,6
8058,5,Retiro,4502,267000,Piso,2.0,1.0,59.0,,0,6
8059,5,Retiro,4502,139900,Piso,3.0,1.0,98.0,,0,6
8060,5,Retiro,4502,440000,Piso,3.0,2.0,97.0,7.0,0,6
8061,5,Retiro,4502,820000,Piso,5.0,2.0,168.0,,0,6
8062,5,Retiro,4502,650000,Piso,2.0,2.0,124.0,1.0,0,6
8063,5,Retiro,4502,460000,Piso,4.0,2.0,139.0,1.0,0,6
8064,5,Retiro,4502,299000,Piso,4.0,1.0,74.0,,0,6
8065,5,Retiro,4502,299000,Piso,4.0,1.0,74.0,,0,6
8066,5,Retiro,4502,73440,Piso,3.0,1.0,50.0,2.0,0,6
8067,5,Retiro,4502,399000,Piso,4.0,2.0,132.0,,0,6
8068,5,Retiro,4502,185000,Piso,2.0,1.0,68.0,1.0,0,6
8069,5,Retiro,4502,500000,Piso,3.0,2.0,140.0,2.0,0,6
8070,5,Retiro,4502,540000,Piso,2.0,1.0,78.0,,0,6
8071,5,Retiro,4502,135000,Piso,3.0,1.0,68.0,4.0,0,6
8072,5,Retiro,4502,305000,Piso,3.0,2.0,123.0,4.0,1,6
8073,5,Retiro,4502,410000,Piso,4.0,2.0,141.0,,0,6
8074,5,Retiro,4502,425000,Piso,1.0,1.0,77.0,4.0,0,6
8075,5,Retiro,4502,185000,Piso,2.0,1.0,68.0,1.0,0,6
8076,5,Retiro,4502,1395000,Piso,4.0,3.0,181.0,1.0,1,6
8077,5,Retiro,4502,440000,Piso,3.0,2.0,97.0,7.0,0,6
8078,5,Retiro,4502,440000,Piso,3.0,2.0,97.0,7.0,0,6
8079,5,Retiro,4502,798000,Piso,2.0,2.0,115.0,3.0,0,6
8080,5,Retiro,4502,185000,Piso,2.0,1.0,68.0,1.0,0,6
8081,5,Retiro,4502,589000,Piso,5.0,2.0,144.0,6.0,1,6
8082,5,Retiro,4502,470000,Piso,4.0,2.0,121.0,8.0,0,6
8083,5,Retiro,4502,440000,Piso,3.0,2.0,97.0,7.0,0,6
8084,5,Retiro,4502,370000,Piso,3.0,1.0,82.0,2.0,0,6
8085,5,Retiro,4502,145000,Piso,3.0,1.0,55.0,,0,6
8086,5,Retiro,4502,1375000,Casa o chalet,5.0,5.0,405.0,,1,6
8087,5,Retiro,4502,299000,Piso,4.0,1.0,74.0,,0,6
8088,5,Retiro,4502,1500000,Dúplex,2.0,3.0,157.0,,1,6
8089,5,Retiro,4502,395000,Ático,1.0,2.0,92.0,6.0,0,6
8090,5,Retiro,4502,215000,Piso,2.0,1.0,57.0,,0,6
8091,5,Retiro,4502,495000,Piso,3.0,2.0,139.0,,1,6
8092,5,Retiro,4502,565000,Piso,3.0,2.0,105.0,3.0,0,6
8093,5,Retiro,4502,860000,Piso,4.0,3.0,151.0,,1,6
8094,5,Retiro,4502,2200000,Apartamento,3.0,4.0,238.0,,0,6
8095,5,Retiro,4502,265000,Piso,1.0,1.0,37.0,5.0,0,6
8096,5,Retiro,4502,470000,Piso,4.0,2.0,121.0,8.0,0,6
8097,5,Retiro,4502,180000,Piso,2.0,1.0,35.0,,0,6
8098,5,Retiro,4502,449000,Piso,3.0,2.0,130.0,4.0,0,6
8099,5,Retiro,4502,440000,Piso,3.0,2.0,97.0,7.0,0,6
8100,5,Retiro,4502,399000,Piso,4.0,2.0,132.0,,0,6
8101,5,Retiro,4502,440000,Piso,4.0,2.0,94.0,5.0,0,6
8102,5,Retiro,4502,890000,Piso,6.0,2.0,160.0,6.0,0,6
8103,5,Retiro,4502,320000,Ático,3.0,1.0,92.0,7.0,0,6
8104,5,Retiro,4502,399000,Piso,4.0,2.0,132.0,,0,6
8105,5,Retiro,4502,3600000,Casa o chalet,8.0,11.0,800.0,,0,6
8106,5,Retiro,4502,700000,Piso,3.0,2.0,120.0,,1,6
8107,5,Retiro,4502,1250000,Piso,4.0,4.0,310.0,2.0,0,6
8108,5,Retiro,4502,399000,Piso,4.0,2.0,132.0,,0,6
8109,5,Retiro,4502,275000,Piso,3.0,1.0,100.0,,0,6
8110,5,Retiro,4502,244000,Piso,1.0,2.0,103.0,5.0,0,6
8111,5,Retiro,4502,360000,Piso,2.0,2.0,74.0,,0,6
8112,5,Retiro,4502,430000,Piso,2.0,2.0,51.0,,0,6
8113,5,Retiro,4502,1485000,Piso,3.0,3.0,180.0,7.0,1,6
8114,5,Retiro,4502,185000,Piso,2.0,1.0,68.0,1.0,0,6
8115,5,Retiro,4502,249000,Piso,2.0,,60.0,1.0,0,6
8116,1,Salamanca,5740,2980000,Piso,4.0,4.0,325.0,3.0,0,3
8117,1,Salamanca,5740,267000,Piso,3.0,1.0,77.0,,1,3
8118,1,Salamanca,5740,849000,Piso,3.0,2.0,178.0,,0,3
8119,1,Salamanca,5740,2000000,Piso,3.0,3.0,206.0,,0,3
8120,1,Salamanca,5740,199000,Apartamento,1.0,1.0,30.0,2.0,0,3
8121,1,Salamanca,5740,898000,Piso,3.0,2.0,138.0,5.0,0,3
8122,1,Salamanca,5740,435000,Piso,2.0,2.0,52.0,1.0,0,3
8123,1,Salamanca,5740,265000,Piso,3.0,1.0,70.0,4.0,0,3
8124,1,Salamanca,5740,2400000,Piso,4.0,3.0,240.0,2.0,1,3
8125,1,Salamanca,5740,525000,Piso,3.0,2.0,147.0,3.0,1,3
8126,1,Salamanca,5740,800000,Dúplex,3.0,3.0,160.0,5.0,0,3
8127,1,Salamanca,5740,106000,Piso,3.0,1.0,66.0,2.0,0,3
8128,1,Salamanca,5740,640000,Piso,4.0,2.0,170.0,2.0,0,3
8129,1,Salamanca,5740,890000,Piso,3.0,2.0,149.0,5.0,0,3
8130,1,Salamanca,5740,4350000,Piso,5.0,10.0,404.0,2.0,1,3
8131,1,Salamanca,5740,435000,Piso,2.0,2.0,52.0,1.0,0,3
8132,1,Salamanca,5740,103400,Piso,2.0,1.0,51.0,1.0,0,3
8133,1,Salamanca,5740,720000,Piso,5.0,2.0,133.0,5.0,1,3
8134,1,Salamanca,5740,1150000,Piso,3.0,3.0,185.0,2.0,0,3
8135,1,Salamanca,5740,798000,Piso,2.0,2.0,115.0,3.0,0,3
8136,1,Salamanca,5740,345000,Piso,3.0,1.0,78.0,1.0,0,3
8137,1,Salamanca,5740,450000,Piso,3.0,1.0,85.0,3.0,0,3
8138,1,Salamanca,5740,2850000,Piso,4.0,5.0,263.0,1.0,0,3
8139,1,Salamanca,5740,800000,Dúplex,3.0,3.0,160.0,5.0,0,3
8140,1,Salamanca,5740,379000,Piso,3.0,2.0,82.0,4.0,0,3
8141,1,Salamanca,5740,790000,Piso,6.0,2.0,187.0,1.0,0,3
8142,1,Salamanca,5740,390000,Piso,2.0,2.0,50.0,3.0,0,3
8143,1,Salamanca,5740,849000,Piso,3.0,2.0,178.0,,0,3
8144,1,Salamanca,5740,443000,Piso,3.0,2.0,104.0,2.0,1,3
8145,1,Salamanca,5740,106000,Piso,3.0,1.0,66.0,2.0,0,3
8146,1,Salamanca,5740,849000,Piso,3.0,2.0,178.0,,0,3
8147,1,Salamanca,5740,555000,Dúplex,1.0,2.0,70.0,4.0,0,3
8148,1,Salamanca,5740,235000,Estudio,,1.0,42.0,3.0,0,3
8149,1,Salamanca,5740,1550000,Piso,5.0,3.0,241.0,,0,3
8150,1,Salamanca,5740,375000,Piso,2.0,1.0,64.0,,0,3
8151,1,Salamanca,5740,2000000,Piso,5.0,4.0,220.0,5.0,0,3
8152,1,Salamanca,5740,149000,Piso,2.0,1.0,60.0,,0,3
8153,1,Salamanca,5740,510000,Piso,3.0,2.0,109.0,3.0,0,3
8154,1,Salamanca,5740,630000,Piso,2.0,2.0,78.0,3.0,0,3
8155,1,Salamanca,5740,265000,Piso,1.0,1.0,53.0,,1,3
8156,1,Salamanca,5740,550000,Casa adosada,4.0,2.0,144.0,,0,3
8157,1,Salamanca,5740,860000,Piso,4.0,2.0,132.0,5.0,0,3
8158,1,Salamanca,5740,550000,Piso,4.0,2.0,101.0,6.0,0,3
8159,1,Salamanca,5740,499000,Piso,2.0,2.0,80.0,2.0,0,3
8160,1,Salamanca,5740,625000,Piso,3.0,2.0,124.0,2.0,1,3
8161,1,Salamanca,5740,235000,Estudio,,1.0,42.0,3.0,0,3
8162,1,Salamanca,5740,632400,Piso,4.0,3.0,171.0,3.0,0,3
8163,1,Salamanca,5740,849000,Piso,3.0,2.0,178.0,,0,3
8164,1,Salamanca,5740,193000,Piso,3.0,2.0,98.0,1.0,0,3
8165,1,Salamanca,5740,1190000,Piso,4.0,3.0,255.0,10.0,0,3
8166,1,Salamanca,5740,1450000,Casa o chalet,5.0,5.0,411.0,,1,3
8167,1,Salamanca,5740,200000,Dúplex,1.0,1.0,30.0,6.0,0,3
8168,1,Salamanca,5740,443000,Piso,3.0,2.0,104.0,2.0,1,3
8169,1,Salamanca,5740,632400,Piso,4.0,3.0,171.0,3.0,0,3
8170,1,Salamanca,5740,815000,Ático,2.0,1.0,104.0,6.0,1,3
8171,1,Salamanca,5740,199000,Apartamento,1.0,1.0,30.0,2.0,0,3
8172,1,Salamanca,5740,720000,Piso,5.0,2.0,133.0,5.0,1,3
8173,1,Salamanca,5740,1160000,Piso,4.0,2.0,200.0,1.0,0,3
8174,1,Salamanca,5740,625000,Piso,3.0,2.0,124.0,2.0,1,3
8175,1,Salamanca,5740,1490000,Piso,4.0,2.0,218.0,,0,3
8176,1,Salamanca,5740,2495000,Piso,4.0,5.0,198.0,4.0,1,3
8177,1,Salamanca,5740,549500,Piso,3.0,2.0,121.0,,1,3
8178,1,Salamanca,5740,490000,Piso,4.0,2.0,135.0,,0,3
8179,1,Salamanca,5740,670000,Piso,4.0,3.0,177.0,,1,3
8180,1,Salamanca,5740,1025000,Piso,2.0,2.0,142.0,3.0,0,3
8181,1,Salamanca,5740,1150000,Piso,4.0,4.0,151.0,,1,3
8182,1,Salamanca,5740,443000,Piso,3.0,2.0,104.0,2.0,1,3
8183,1,Salamanca,5740,530000,Piso,4.0,2.0,144.0,5.0,0,3
8184,1,Salamanca,5740,215000,Piso,3.0,1.0,75.0,3.0,0,3
8185,1,Salamanca,5740,525500,Dúplex,2.0,3.0,207.0,,0,3
8186,1,Salamanca,5740,199000,Piso,2.0,1.0,66.0,,0,3
8187,1,Salamanca,5740,470000,Piso,3.0,2.0,105.0,1.0,0,3
8188,1,Salamanca,5740,435000,Piso,2.0,2.0,83.0,2.0,0,3
8189,1,Salamanca,5740,159000,Apartamento,,,40.0,,0,3
8190,1,Salamanca,5740,2200000,Piso,4.0,4.0,301.0,2.0,0,3
8191,1,Salamanca,5740,450000,Piso,2.0,2.0,87.0,,0,3
8192,1,Salamanca,5740,149900,Piso,3.0,1.0,60.0,,0,3
8193,1,Salamanca,5740,145000,Piso,3.0,2.0,112.0,1.0,0,3
8194,1,Salamanca,5740,450000,Piso,2.0,1.0,90.0,,0,3
8195,1,Salamanca,5740,371000,Piso,2.0,2.0,78.0,,0,3
8196,1,Salamanca,5740,435000,Piso,2.0,2.0,47.0,1.0,0,3
8197,1,Salamanca,5740,690000,Piso,2.0,2.0,111.0,3.0,0,3
8198,1,Salamanca,5740,330000,Piso,2.0,2.0,86.0,,0,3
8199,1,Salamanca,5740,1200000,Dúplex,3.0,2.0,163.0,5.0,0,3
8200,1,Salamanca,5740,154000,Piso,3.0,1.0,78.0,3.0,0,3
8201,1,Salamanca,5740,199000,Apartamento,1.0,1.0,30.0,2.0,0,3
8202,1,Salamanca,5740,880000,Piso,2.0,2.0,184.0,1.0,0,3
8203,1,Salamanca,5740,498000,Piso,2.0,1.0,84.0,,0,3
8204,1,Salamanca,5740,150100,Piso,2.0,1.0,75.0,3.0,0,3
8205,1,Salamanca,5740,650000,Piso,4.0,4.0,163.0,2.0,0,3
8206,1,Salamanca,5740,277000,Piso,4.0,1.0,91.0,,0,3
8207,1,Salamanca,5740,475000,Piso,1.0,1.0,51.0,5.0,0,3
8208,1,Salamanca,5740,435000,Piso,2.0,2.0,52.0,1.0,0,3
8209,1,Salamanca,5740,377000,Piso,2.0,2.0,105.0,2.0,1,3
8210,1,Salamanca,5740,82000,Piso,3.0,1.0,63.0,,0,3
8211,1,Salamanca,5740,1750000,Piso,2.0,3.0,166.0,3.0,0,3
8212,1,Salamanca,5740,109000,Piso,3.0,1.0,74.0,,0,3
8213,1,Salamanca,5740,435000,Piso,2.0,2.0,52.0,1.0,0,3
8214,1,Salamanca,5740,149000,Piso,3.0,2.0,109.0,6.0,0,3
8215,1,Salamanca,5740,1250000,Dúplex,3.0,3.0,220.0,5.0,0,3
8216,1,Salamanca,5740,119900,Piso,1.0,1.0,31.0,1.0,0,3
8217,1,Salamanca,5740,898000,Piso,3.0,2.0,138.0,5.0,0,3
8218,1,Salamanca,5740,220000,Piso,3.0,2.0,104.0,1.0,0,3
8219,1,Salamanca,5740,1550000,Piso,3.0,4.0,211.0,1.0,0,3
8220,1,Salamanca,5740,1450000,Piso,4.0,5.0,187.0,1.0,0,3
8221,1,Salamanca,5740,800000,Dúplex,3.0,3.0,160.0,5.0,0,3
8222,1,Salamanca,5740,103400,Piso,2.0,1.0,51.0,1.0,0,3
8223,1,Salamanca,5740,437400,Piso,3.0,1.0,102.0,4.0,0,3
8224,1,Salamanca,5740,374000,Piso,2.0,2.0,68.0,,0,3
8225,1,Salamanca,5740,2600000,Piso,4.0,3.0,275.0,1.0,0,3
8226,1,Salamanca,5740,898000,Piso,3.0,2.0,138.0,5.0,0,3
8227,1,Salamanca,5740,1150000,Piso,6.0,3.0,215.0,5.0,1,3
8228,1,Salamanca,5740,878800,Piso,4.0,2.0,168.0,1.0,0,3
8229,1,Salamanca,5740,544600,Piso,2.0,2.0,87.0,1.0,0,3
8230,1,Salamanca,5740,3241600,Casa o chalet,6.0,7.0,1282.0,,1,3
8231,1,Salamanca,5740,340000,Piso,3.0,2.0,111.0,6.0,1,3
8232,1,Salamanca,5740,174000,Piso,1.0,1.0,40.0,,0,3
8233,1,Salamanca,5740,2400000,Piso,4.0,6.0,242.0,4.0,0,3
8234,1,Salamanca,5740,798000,Piso,4.0,2.0,166.0,3.0,0,3
8235,1,Salamanca,5740,1490000,Piso,4.0,3.0,210.0,3.0,0,3
8236,1,Salamanca,5740,965000,Piso,5.0,3.0,216.0,5.0,0,3
8237,1,Salamanca,5740,110000,Piso,2.0,1.0,61.0,1.0,0,3
8238,1,Salamanca,5740,849000,Piso,3.0,2.0,178.0,,0,3
8239,1,Salamanca,5740,1950000,Piso,4.0,4.0,296.0,4.0,0,3
8240,1,Salamanca,5740,189000,Apartamento,1.0,1.0,40.0,4.0,0,3
8241,1,Salamanca,5740,395000,Piso,3.0,2.0,102.0,,0,3
8242,1,Salamanca,5740,1395000,Piso,5.0,3.0,190.0,,1,3
8243,1,Salamanca,5740,2950000,Piso,5.0,4.0,322.0,,1,3
8244,1,Salamanca,5740,495000,Ático,2.0,2.0,150.0,4.0,1,3
8245,1,Salamanca,5740,4350000,Piso,5.0,10.0,404.0,2.0,1,3
8246,1,Salamanca,5740,940000,Piso,4.0,3.0,210.0,8.0,1,3
8247,1,Salamanca,5740,106000,Piso,3.0,1.0,66.0,2.0,0,3
8248,1,Salamanca,5740,632400,Piso,4.0,3.0,171.0,3.0,0,3
8249,1,Salamanca,5740,154000,Piso,3.0,1.0,36.0,,0,3
8250,1,Salamanca,5740,1075000,Piso,3.0,4.0,188.0,2.0,0,3
8251,1,Salamanca,5740,105000,Piso,3.0,1.0,53.0,1.0,0,3
8252,1,Salamanca,5740,499000,Piso,4.0,1.0,101.0,2.0,0,3
8253,1,Salamanca,5740,890000,Piso,4.0,3.0,158.0,4.0,0,3
8254,1,Salamanca,5740,435000,Piso,2.0,2.0,52.0,1.0,0,3
8255,1,Salamanca,5740,429900,Piso,2.0,1.0,78.0,,1,3
8256,1,Salamanca,5740,499000,Piso,3.0,2.0,88.0,,0,3
8257,1,Salamanca,5740,632400,Piso,4.0,3.0,171.0,3.0,0,3
8258,1,Salamanca,5740,1150000,Piso,2.0,2.0,128.0,3.0,1,3
8259,1,Salamanca,5740,625000,Piso,3.0,2.0,124.0,2.0,1,3
8260,1,Salamanca,5740,435000,Piso,2.0,2.0,52.0,1.0,0,3
8261,1,Salamanca,5740,890000,Piso,3.0,3.0,130.0,,0,3
8262,1,Salamanca,5740,269900,Piso,2.0,1.0,73.0,3.0,0,3
8263,1,Salamanca,5740,185000,Piso,1.0,1.0,29.0,2.0,0,3
8264,1,Salamanca,5740,128000,Piso,3.0,2.0,82.0,2.0,0,3
8265,1,Salamanca,5740,199000,Piso,2.0,1.0,51.0,,0,3
8266,1,Salamanca,5740,415000,Piso,3.0,2.0,103.0,4.0,1,3
8267,1,Salamanca,5740,695000,Piso,2.0,1.0,91.0,1.0,0,3
8268,1,Salamanca,5740,892754,Piso,2.0,2.0,125.0,2.0,0,3
8269,1,Salamanca,5740,443000,Piso,3.0,2.0,104.0,2.0,1,3
8270,1,Salamanca,5740,544600,Piso,2.0,2.0,101.0,1.0,0,3
8271,1,Salamanca,5740,625000,Piso,3.0,2.0,124.0,2.0,1,3
8272,1,Salamanca,5740,545000,Piso,2.0,2.0,93.0,1.0,0,3
8273,1,Salamanca,5740,898000,Piso,3.0,2.0,138.0,5.0,0,3
8274,1,Salamanca,5740,789000,Piso,4.0,3.0,175.0,6.0,1,3
8275,1,Salamanca,5740,899000,Dúplex,4.0,2.0,180.0,,0,3
8276,1,Salamanca,5740,515000,Piso,3.0,2.0,148.0,1.0,0,3
8277,1,Salamanca,5740,530000,Piso,3.0,1.0,84.0,2.0,0,3
8278,1,Salamanca,5740,1245110,Piso,6.0,2.0,204.0,1.0,0,3
8279,1,Salamanca,5740,215000,Piso,4.0,2.0,115.0,1.0,0,3
8280,1,Salamanca,5740,425000,Piso,2.0,1.0,80.0,4.0,0,3
8281,1,Salamanca,5740,1750000,Piso,3.0,3.0,170.0,1.0,0,3
8282,1,Salamanca,5740,1390000,Piso,3.0,3.0,252.0,4.0,1,3
8283,1,Salamanca,5740,240000,Piso,3.0,2.0,86.0,2.0,1,3
8284,1,Salamanca,5740,750000,Piso,4.0,2.0,157.0,5.0,1,3
8285,1,Salamanca,5740,800000,Dúplex,3.0,3.0,160.0,5.0,0,3
8286,1,Salamanca,5740,800000,Dúplex,3.0,3.0,160.0,5.0,0,3
8287,1,Salamanca,5740,570717,Piso,3.0,2.0,143.0,,0,3
8288,1,Salamanca,5740,480000,Piso,4.0,2.0,118.0,5.0,0,3
8289,1,Salamanca,5740,235000,Piso,4.0,2.0,100.0,2.0,0,3
8290,1,Salamanca,5740,185000,Piso,4.0,1.0,88.0,2.0,0,3
8291,1,Salamanca,5740,106000,Piso,3.0,1.0,66.0,2.0,0,3
8292,1,Salamanca,5740,849000,Piso,3.0,2.0,178.0,,0,3
8293,1,Salamanca,5740,2333000,Piso,6.0,4.0,376.0,1.0,0,3
8294,1,Salamanca,5740,435000,Piso,2.0,2.0,52.0,1.0,0,3
8295,1,Salamanca,5740,128000,Piso,3.0,1.0,72.0,3.0,0,3
8296,1,Salamanca,5740,122000,Piso,2.0,1.0,38.0,2.0,0,3
8297,1,Salamanca,5740,999000,Piso,6.0,3.0,239.0,4.0,1,3
8298,1,Salamanca,5740,165438,Estudio,,1.0,45.0,7.0,0,3
8299,1,Salamanca,5740,260000,Piso,2.0,1.0,69.0,,0,3
8300,1,Salamanca,5740,629900,Ático,4.0,2.0,138.0,7.0,0,3
8301,1,Salamanca,5740,443000,Piso,3.0,2.0,104.0,2.0,1,3
8302,1,Salamanca,5740,500000,Piso,4.0,2.0,177.0,2.0,0,3
8303,1,Salamanca,5740,1025000,Piso,2.0,2.0,142.0,3.0,0,3
8304,1,Salamanca,5740,340000,Piso,2.0,1.0,50.0,2.0,0,3
8305,1,Salamanca,5740,265000,Piso,1.0,1.0,37.0,5.0,0,3
8306,1,Salamanca,5740,300000,Piso,2.0,1.0,50.0,5.0,0,3
8307,1,Salamanca,5740,415000,Piso,2.0,2.0,72.0,2.0,0,3
8308,1,Salamanca,5740,1500000,Ático,4.0,3.0,249.0,,1,3
8309,1,Salamanca,5740,2800000,Piso,4.0,4.0,343.0,6.0,1,3
8310,1,Salamanca,5740,112000,Piso,3.0,1.0,65.0,1.0,0,3
8311,1,Salamanca,5740,199000,Apartamento,1.0,1.0,30.0,2.0,0,3
8312,1,Salamanca,5740,898000,Piso,3.0,2.0,138.0,5.0,0,3
8313,1,Salamanca,5740,680000,Piso,4.0,2.0,254.0,,0,3
8314,1,Salamanca,5740,67000,Piso,3.0,1.0,58.0,,0,3
8315,1,Salamanca,5740,103400,Piso,2.0,1.0,51.0,1.0,0,3
8316,1,Salamanca,5740,465000,Piso,5.0,2.0,136.0,3.0,0,3
8317,1,Salamanca,5740,285000,Loft,2.0,2.0,105.0,,1,3
8318,1,Salamanca,5740,165900,Piso,3.0,2.0,118.0,,1,3
8319,1,Salamanca,5740,1900000,Piso,3.0,3.0,222.0,3.0,0,3
8320,1,Salamanca,5740,898000,Piso,3.0,2.0,138.0,5.0,0,3
8321,1,Salamanca,5740,106000,Piso,3.0,1.0,66.0,2.0,0,3
8322,1,Salamanca,5740,645000,Piso,3.0,2.0,102.0,4.0,0,3
8323,1,Salamanca,5740,1150000,Piso,2.0,2.0,110.0,,0,3
8324,1,Salamanca,5740,128000,Piso,2.0,1.0,65.0,,0,3
8325,1,Salamanca,5740,480000,Piso,2.0,1.0,113.0,1.0,0,3
8326,1,Salamanca,5740,1025000,Piso,2.0,2.0,142.0,3.0,0,3
8327,1,Salamanca,5740,500000,Piso,3.0,1.0,83.0,,0,3
8328,1,Salamanca,5740,235000,Estudio,,1.0,42.0,3.0,0,3
8329,1,Salamanca,5740,845000,Piso,2.0,2.0,90.0,3.0,0,3
8330,1,Salamanca,5740,898000,Piso,3.0,2.0,138.0,5.0,0,3
8331,1,Salamanca,5740,150000,Piso,2.0,2.0,80.0,,0,3
8332,1,Salamanca,5740,2142000,Piso,4.0,4.0,328.0,,1,3
8333,1,Salamanca,5740,2950000,Casa o chalet,6.0,6.0,700.0,,1,3
8334,1,Salamanca,5740,435000,Piso,2.0,2.0,52.0,1.0,0,3
8335,1,Salamanca,5740,1025000,Piso,2.0,2.0,142.0,3.0,0,3
8336,1,Salamanca,5740,895000,Casa adosada,6.0,5.0,433.0,,1,3
8337,1,Salamanca,5740,595000,Piso,3.0,2.0,121.0,2.0,1,3
8338,1,Salamanca,5740,565000,Dúplex,2.0,2.0,105.0,2.0,0,3
8339,1,Salamanca,5740,1335000,Piso,4.0,3.0,222.0,1.0,0,3
8340,1,Salamanca,5740,1300000,Piso,3.0,3.0,131.0,3.0,0,3
8341,1,Salamanca,5740,632400,Piso,4.0,3.0,171.0,3.0,0,3
8342,1,Salamanca,5740,935000,Piso,3.0,2.0,145.0,4.0,0,3
8343,1,Salamanca,5740,590000,Piso,4.0,2.0,151.0,4.0,1,3
8344,1,Salamanca,5740,1220700,Piso,6.0,2.0,186.0,1.0,0,3
8345,1,Salamanca,5740,430000,Piso,3.0,2.0,87.0,4.0,0,3
8346,1,Salamanca,5740,320000,Apartamento,,1.0,82.0,,1,3
8347,1,Salamanca,5740,149900,Piso,4.0,1.0,92.0,,1,3
8348,1,Salamanca,5740,1490000,Piso,4.0,3.0,210.0,3.0,0,3
8349,1,Salamanca,5740,103400,Piso,2.0,1.0,51.0,1.0,0,3
8350,1,Salamanca,5740,995000,Piso,2.0,4.0,179.0,1.0,0,3
8351,1,Salamanca,5740,1950000,Piso,5.0,3.0,238.0,7.0,0,3
8352,1,Salamanca,5740,4350000,Piso,5.0,5.0,400.0,,0,3
8353,1,Salamanca,5740,1300000,Piso,5.0,4.0,304.0,1.0,1,3
8354,1,Salamanca,5740,849000,Piso,3.0,2.0,178.0,,0,3
8355,1,Salamanca,5740,435000,Piso,2.0,2.0,52.0,1.0,0,3
8356,1,Salamanca,5740,390000,Piso,2.0,1.0,71.0,,0,3
8357,1,Salamanca,5740,320000,Piso,4.0,1.0,89.0,1.0,0,3
8358,1,Salamanca,5740,660000,Piso,3.0,2.0,117.0,3.0,1,3
8359,1,Salamanca,5740,4350000,Piso,5.0,5.0,400.0,,0,3
8360,1,Salamanca,5740,898000,Piso,3.0,2.0,138.0,5.0,0,3
8361,1,Salamanca,5740,450000,Piso,2.0,2.0,92.0,,0,3
8362,1,Salamanca,5740,1190000,Casa adosada,4.0,5.0,340.0,,1,3
8363,1,Salamanca,5740,1250000,Piso,4.0,2.0,213.0,2.0,0,3
8364,1,Salamanca,5740,1370000,Ático,3.0,2.0,288.0,10.0,0,3
8365,1,Salamanca,5740,318000,Piso,2.0,1.0,72.0,,0,3
8366,1,Salamanca,5740,1025000,Piso,2.0,2.0,142.0,3.0,0,3
8367,1,Salamanca,5740,245000,Piso,1.0,1.0,62.0,1.0,0,3
8368,1,Salamanca,5740,2450000,Piso,5.0,4.0,441.0,3.0,1,3
8369,1,Salamanca,5740,350000,Planta baja,2.0,1.0,245.0,,1,3
8370,1,Salamanca,5740,632400,Piso,4.0,3.0,171.0,3.0,0,3
8371,1,Salamanca,5740,135000,Piso,1.0,1.0,30.0,3.0,0,3
8372,1,Salamanca,5740,889000,Casa o chalet,7.0,5.0,447.0,,1,3
8373,1,Salamanca,5740,249000,Piso,2.0,1.0,58.0,2.0,0,3
8374,1,Salamanca,5740,298500,Loft,3.0,3.0,134.0,,0,3
8375,1,Salamanca,5740,300000,Piso,2.0,1.0,45.0,5.0,0,3
8376,1,Salamanca,5740,2650000,Piso,3.0,3.0,331.0,5.0,0,3
8377,1,Salamanca,5740,199000,Apartamento,1.0,1.0,30.0,2.0,0,3
8378,1,Salamanca,5740,1290000,Piso,3.0,2.0,146.0,1.0,1,3
8379,1,Salamanca,5740,550000,Piso,3.0,2.0,110.0,5.0,0,3
8380,1,Salamanca,5740,1230000,Piso,2.0,2.0,125.0,1.0,0,3
8381,1,Salamanca,5740,420000,Piso,3.0,2.0,105.0,5.0,1,3
8382,1,Salamanca,5740,849000,Piso,3.0,2.0,178.0,,0,3
8383,1,Salamanca,5740,103400,Piso,2.0,1.0,51.0,1.0,0,3
8384,1,Salamanca,5740,374000,Piso,2.0,2.0,74.0,,0,3
8385,1,Salamanca,5740,620000,Piso,4.0,3.0,163.0,3.0,1,3
8386,1,Salamanca,5740,900000,Piso,2.0,3.0,166.0,,1,3
8387,1,Salamanca,5740,139500,Piso,3.0,1.0,74.0,2.0,0,3
8388,1,Salamanca,5740,695000,Piso,2.0,1.0,91.0,1.0,0,3
8389,1,Salamanca,5740,1550000,Piso,3.0,4.0,211.0,1.0,0,3
8390,1,Salamanca,5740,480000,Piso,4.0,3.0,150.0,,1,3
8391,1,Salamanca,5740,157000,Piso,1.0,1.0,40.0,1.0,0,3
8392,1,Salamanca,5740,530000,Piso,4.0,2.0,144.0,5.0,0,3
8393,1,Salamanca,5740,625000,Piso,3.0,2.0,124.0,2.0,1,3
8394,1,Salamanca,5740,249000,Apartamento,1.0,1.0,53.0,1.0,0,3
8395,1,Salamanca,5740,4350000,Piso,5.0,5.0,400.0,,0,3
8396,1,Salamanca,5740,465000,Piso,1.0,1.0,65.0,,0,3
8397,1,Salamanca,5740,2150000,Piso,6.0,5.0,350.0,,1,3
8398,1,Salamanca,5740,299999,Piso,3.0,1.0,90.0,,0,3
8399,1,Salamanca,5740,898000,Piso,3.0,2.0,138.0,5.0,0,3
8400,1,Salamanca,5740,269000,Piso,4.0,2.0,125.0,1.0,0,3
8401,1,Salamanca,5740,399000,Piso,2.0,1.0,69.0,,0,3
8402,1,Salamanca,5740,3200000,Piso,6.0,4.0,372.0,6.0,0,3
8403,1,Salamanca,5740,390000,Apartamento,2.0,2.0,50.0,3.0,0,3
8404,1,Salamanca,5740,530000,Piso,4.0,2.0,144.0,5.0,0,3
8405,1,Salamanca,5740,540000,Piso,4.0,2.0,171.0,1.0,0,3
8406,1,Salamanca,5740,212500,Piso,3.0,1.0,60.0,,0,3
8407,1,Salamanca,5740,1500000,Piso,3.0,3.0,241.0,1.0,0,3
8408,1,Salamanca,5740,800000,Dúplex,3.0,3.0,160.0,5.0,0,3
8409,1,Salamanca,5740,106000,Piso,3.0,1.0,66.0,2.0,0,3
8410,1,Salamanca,5740,1495000,Piso,4.0,3.0,210.0,3.0,0,3
8411,1,Salamanca,5740,102000,Piso,1.0,1.0,42.0,,0,3
8412,1,Salamanca,5740,475000,Apartamento,2.0,2.0,66.0,,0,3
8413,1,Salamanca,5740,898000,Piso,3.0,2.0,138.0,5.0,0,3
8414,1,Salamanca,5740,1400000,Piso,4.0,3.0,232.0,1.0,0,3
8415,1,Salamanca,5740,443000,Piso,3.0,2.0,104.0,2.0,1,3
8416,1,Salamanca,5740,800000,Dúplex,3.0,3.0,160.0,5.0,0,3
8417,1,Salamanca,5740,310000,Ático,2.0,2.0,80.0,4.0,0,3
8418,1,Salamanca,5740,112000,Piso,1.0,1.0,35.0,2.0,0,3
8419,1,Salamanca,5740,625000,Piso,3.0,2.0,124.0,2.0,1,3
8420,1,Salamanca,5740,280000,Apartamento,1.0,1.0,64.0,1.0,0,3
8421,1,Salamanca,5740,2580000,Apartamento,3.0,3.0,335.0,,1,3
8422,1,Salamanca,5740,169900,Piso,2.0,1.0,37.0,2.0,0,3
8423,1,Salamanca,5740,156600,Piso,3.0,2.0,66.0,1.0,0,3
8424,1,Salamanca,5740,235000,Piso,1.0,1.0,49.0,6.0,0,3
8425,1,Salamanca,5740,650000,Piso,4.0,3.0,110.0,3.0,0,3
8426,1,Salamanca,5740,850000,Piso,2.0,2.0,215.0,3.0,0,3
8427,1,Salamanca,5740,570000,Piso,1.0,2.0,87.0,,0,3
8428,1,Salamanca,5740,374000,Piso,2.0,2.0,74.0,,0,3
8429,1,Salamanca,5740,632400,Piso,4.0,3.0,171.0,3.0,0,3
8430,1,Salamanca,5740,199000,Apartamento,1.0,1.0,30.0,2.0,0,3
8431,1,Salamanca,5740,435000,Piso,2.0,2.0,52.0,1.0,0,3
8432,1,Salamanca,5740,580000,Piso,2.0,2.0,82.0,1.0,0,3
8433,1,Salamanca,5740,469500,Piso,4.0,2.0,111.0,,0,3
8434,1,Salamanca,5740,295000,Piso,3.0,2.0,132.0,,1,3
8435,1,Salamanca,5740,400000,Piso,2.0,1.0,60.0,3.0,0,3
8436,1,Salamanca,5740,396000,Piso,1.0,1.0,81.0,,0,3
8437,1,Salamanca,5740,167000,Piso,1.0,1.0,35.0,,0,3
8438,1,Salamanca,5740,435000,Piso,2.0,2.0,52.0,1.0,0,3
8439,1,Salamanca,5740,800000,Dúplex,3.0,3.0,160.0,5.0,0,3
8440,1,Salamanca,5740,470000,Piso,2.0,1.0,111.0,,0,3
8441,1,Salamanca,5740,620000,Piso,5.0,2.0,143.0,1.0,1,3
8442,1,Salamanca,5740,720000,Piso,2.0,2.0,115.0,4.0,0,3
8443,1,Salamanca,5740,810000,Piso,1.0,1.0,68.0,2.0,0,3
8444,1,Salamanca,5740,60900,Piso,3.0,2.0,92.0,7.0,0,3
8445,1,Salamanca,5740,1495000,Piso,4.0,3.0,210.0,3.0,0,3
8446,1,Salamanca,5740,299000,Piso,2.0,1.0,56.0,6.0,0,3
8447,1,Salamanca,5740,3100000,Piso,4.0,5.0,269.0,2.0,0,3
8448,1,Salamanca,5740,2000000,Piso,4.0,4.0,340.0,2.0,0,3
8449,1,Salamanca,5740,430000,Piso,3.0,2.0,89.0,,1,3
8450,1,Salamanca,5740,550000,Piso,2.0,1.0,75.0,2.0,1,3
8451,1,Salamanca,5740,137000,Piso,3.0,2.0,64.0,4.0,0,3
8452,1,Salamanca,5740,435000,Piso,2.0,1.0,58.0,1.0,0,3
8453,1,Salamanca,5740,798000,Piso,2.0,2.0,115.0,3.0,0,3
8454,1,Salamanca,5740,878800,Piso,4.0,2.0,168.0,1.0,0,3
8455,1,Salamanca,5740,320000,Piso,3.0,1.0,80.0,1.0,1,3
8456,1,Salamanca,5740,259000,Piso,3.0,2.0,103.0,,0,3
8457,1,Salamanca,5740,1025000,Piso,2.0,2.0,142.0,3.0,0,3
8458,1,Salamanca,5740,4350000,Piso,5.0,10.0,404.0,2.0,1,3
8459,1,Salamanca,5740,158000,Piso,1.0,1.0,60.0,1.0,1,3
8460,1,Salamanca,5740,1025000,Piso,2.0,2.0,142.0,3.0,0,3
8461,1,Salamanca,5740,229900,Piso,3.0,1.0,71.0,1.0,0,3
8462,1,Salamanca,5740,2400000,Piso,3.0,3.0,240.0,4.0,0,3
8463,1,Salamanca,5740,2530200,Casa o chalet,6.0,7.0,642.0,,1,3
8464,1,Salamanca,5740,945000,Piso,3.0,3.0,204.0,1.0,1,3
8465,1,Salamanca,5740,94000,Piso,1.0,1.0,15.0,3.0,0,3
8466,1,Salamanca,5740,189000,Ático,,1.0,47.0,3.0,0,3
8467,1,Salamanca,5740,384900,Piso,2.0,1.0,70.0,2.0,0,3
8468,1,Salamanca,5740,3100000,Piso,3.0,4.0,269.0,2.0,0,3
8469,1,Salamanca,5740,219000,Piso,1.0,1.0,42.0,1.0,0,3
8470,1,Salamanca,5740,845000,Piso,2.0,2.0,100.0,3.0,0,3
8471,1,Salamanca,5740,495000,Piso,3.0,1.0,98.0,,1,3
8472,1,Salamanca,5740,158000,Piso,3.0,1.0,71.0,1.0,0,3
8473,1,Salamanca,5740,520000,Piso,4.0,2.0,116.0,4.0,1,3
8474,1,Salamanca,5740,425000,Piso,3.0,1.0,67.0,,0,3
8475,1,Salamanca,5740,800000,Dúplex,3.0,3.0,160.0,5.0,0,3
8476,1,Salamanca,5740,995000,Dúplex,3.0,2.0,146.0,,0,3
8477,1,Salamanca,5740,530000,Piso,4.0,2.0,144.0,5.0,0,3
8478,1,Salamanca,5740,1495000,Piso,4.0,3.0,210.0,3.0,0,3
8479,1,Salamanca,5740,898000,Piso,3.0,2.0,138.0,5.0,0,3
8480,1,Salamanca,5740,246000,Piso,2.0,1.0,50.0,,0,3
8481,1,Salamanca,5740,249000,Piso,2.0,1.0,58.0,2.0,0,3
8482,1,Salamanca,5740,1100000,Piso,2.0,1.0,185.0,1.0,0,3
8483,1,Salamanca,5740,849000,Piso,3.0,2.0,178.0,,0,3
8484,1,Salamanca,5740,235000,Estudio,,1.0,42.0,3.0,0,3
8485,1,Salamanca,5740,3500000,Casa o chalet,6.0,7.0,724.0,,1,3
8486,1,Salamanca,5740,2200000,Piso,4.0,5.0,312.0,2.0,0,3
8487,1,Salamanca,5740,1025000,Piso,2.0,2.0,142.0,3.0,0,3
8488,1,Salamanca,5740,199000,Apartamento,1.0,1.0,30.0,2.0,0,3
8489,1,Salamanca,5740,607500,Piso,3.0,2.0,121.0,2.0,0,3
8490,1,Salamanca,5740,184900,Piso,2.0,1.0,80.0,3.0,0,3
8491,1,Salamanca,5740,575000,Piso,5.0,2.0,200.0,,0,3
8492,1,Salamanca,5740,350000,Piso,1.0,1.0,50.0,5.0,0,3
8493,1,Salamanca,5740,470000,Piso,1.0,2.0,101.0,8.0,0,3
8494,1,Salamanca,5740,529000,Piso,3.0,1.0,93.0,3.0,0,3
8495,1,Salamanca,5740,91000,Piso,2.0,1.0,59.0,7.0,0,3
8496,1,Salamanca,5740,590000,Piso,4.0,1.0,135.0,4.0,0,3
8497,1,Salamanca,5740,490000,Piso,3.0,2.0,78.0,1.0,0,3
8498,1,Salamanca,5740,199000,Apartamento,1.0,1.0,30.0,2.0,0,3
8499,1,Salamanca,5740,1120000,Piso,3.0,2.0,135.0,5.0,0,3
8500,1,Salamanca,5740,1290000,Piso,3.0,2.0,147.0,1.0,1,3
8501,1,Salamanca,5740,245000,Piso,3.0,1.0,64.0,4.0,0,3
8502,1,Salamanca,5740,230000,Piso,1.0,1.0,45.0,,0,3
8503,1,Salamanca,5740,450000,Piso,4.0,1.0,123.0,5.0,0,3
8504,1,Salamanca,5740,590000,Piso,3.0,2.0,129.0,1.0,0,3
8505,1,Salamanca,5740,1750000,Piso,3.0,3.0,156.0,,0,3
8506,1,Salamanca,5740,420000,Piso,2.0,1.0,75.0,1.0,0,3
8507,1,Salamanca,5740,185000,Piso,1.0,1.0,35.0,,0,3
8508,1,Salamanca,5740,199000,Apartamento,1.0,1.0,30.0,2.0,0,3
8509,1,Salamanca,5740,390000,Piso,2.0,2.0,50.0,3.0,0,3
8510,1,Salamanca,5740,495000,Piso,1.0,1.0,80.0,11.0,0,3
8511,1,Salamanca,5740,1400000,Piso,3.0,3.0,149.0,2.0,0,3
8512,1,Salamanca,5740,199000,Apartamento,1.0,1.0,30.0,2.0,0,3
8513,1,Salamanca,5740,235000,Estudio,,1.0,42.0,3.0,0,3
8514,1,Salamanca,5740,898000,Piso,5.0,3.0,162.0,4.0,0,3
8515,1,Salamanca,5740,199000,Apartamento,1.0,1.0,30.0,2.0,0,3
8516,1,Salamanca,5740,850000,Piso,4.0,2.0,116.0,3.0,0,3
8517,1,Salamanca,5740,180000,Piso,2.0,1.0,36.0,1.0,0,3
8518,1,Salamanca,5740,106000,Piso,3.0,1.0,66.0,2.0,0,3
8519,1,Salamanca,5740,550000,Piso,2.0,1.0,72.0,,0,3
8520,1,Salamanca,5740,435000,Piso,2.0,2.0,52.0,1.0,0,3
8521,1,Salamanca,5740,575000,Piso,3.0,3.0,93.0,6.0,0,3
8522,1,Salamanca,5740,1550000,Piso,4.0,3.0,200.0,2.0,0,3
8523,1,Salamanca,5740,265000,Piso,3.0,1.0,70.0,4.0,0,3
8524,1,Salamanca,5740,480000,Piso,3.0,1.0,107.0,,0,3
8525,1,Salamanca,5740,319000,Piso,2.0,2.0,100.0,2.0,1,3
8526,1,Salamanca,5740,140000,Piso,2.0,1.0,56.0,,0,3
8527,1,Salamanca,5740,239000,Piso,3.0,2.0,107.0,,0,3
8528,1,Salamanca,5740,2400000,Piso,5.0,4.0,360.0,4.0,1,3
8529,1,Salamanca,5740,395000,Piso,3.0,1.0,68.0,3.0,0,3
8530,1,Salamanca,5740,2700000,Ático,4.0,5.0,437.0,3.0,1,3
8531,1,Salamanca,5740,1545000,Casa adosada,5.0,6.0,384.0,,1,3
8532,1,Salamanca,5740,150000,Piso,3.0,1.0,82.0,,0,3
8533,1,Salamanca,5740,800000,Dúplex,3.0,3.0,160.0,5.0,0,3
8534,1,Salamanca,5740,100000,Piso,2.0,1.0,25.0,2.0,0,3
8535,1,Salamanca,5740,2750000,Piso,4.0,5.0,263.0,1.0,0,3
8536,1,Salamanca,5740,1490000,Piso,4.0,3.0,210.0,3.0,0,3
8537,1,Salamanca,5740,255000,Apartamento,1.0,1.0,55.0,6.0,1,3
8538,1,Salamanca,5740,340000,Piso,1.0,1.0,57.0,6.0,0,3
8539,1,Salamanca,5740,106000,Piso,3.0,1.0,66.0,2.0,0,3
8540,1,Salamanca,5740,849000,Piso,3.0,2.0,178.0,,0,3
8541,1,Salamanca,5740,1785000,Piso,4.0,3.0,328.0,2.0,0,3
8542,1,Salamanca,5740,1060000,Piso,1.0,1.0,215.0,8.0,0,3
8543,1,Salamanca,5740,145000,Piso,,,82.0,,1,3
8544,1,Salamanca,5740,2400000,Piso,3.0,5.0,218.0,5.0,0,3
8545,1,Salamanca,5740,2200000,Piso,4.0,5.0,312.0,2.0,1,3
8546,1,Salamanca,5740,235000,Estudio,,1.0,42.0,3.0,0,3
8547,1,Salamanca,5740,632400,Piso,4.0,3.0,171.0,3.0,0,3
8548,1,Salamanca,5740,849000,Piso,3.0,2.0,178.0,,0,3
8549,1,Salamanca,5740,400000,Piso,3.0,1.0,59.0,,0,3
8550,1,Salamanca,5740,450000,Piso,4.0,2.0,111.0,,0,3
8551,1,Salamanca,5740,540000,Piso,3.0,2.0,129.0,3.0,1,3
8552,1,Salamanca,5740,103000,Piso,3.0,1.0,67.0,,0,3
8553,1,Salamanca,5740,3990000,Piso,5.0,6.0,438.0,2.0,0,3
8554,1,Salamanca,5740,260000,Piso,2.0,1.0,60.0,2.0,0,3
8555,1,Salamanca,5740,819000,Piso,2.0,2.0,166.0,3.0,0,3
8556,1,Salamanca,5740,435000,Piso,2.0,1.0,58.0,1.0,0,3
8557,1,Salamanca,5740,699000,Piso,3.0,3.0,151.0,,1,3
8558,1,Salamanca,5740,210000,Piso,1.0,1.0,35.0,,0,3
8559,1,Salamanca,5740,530000,Piso,4.0,2.0,144.0,5.0,0,3
8560,1,Salamanca,5740,170000,Piso,3.0,1.0,56.0,,1,3
8561,1,Salamanca,5740,435000,Piso,2.0,1.0,58.0,1.0,0,3
8562,1,Salamanca,5740,175000,Piso,2.0,1.0,76.0,3.0,0,3
8563,1,Salamanca,5740,800000,Dúplex,3.0,3.0,160.0,5.0,0,3
8564,1,Salamanca,5740,215000,Piso,1.0,1.0,47.0,,0,3
8565,1,Salamanca,5740,1490000,Piso,4.0,3.0,210.0,3.0,0,3
8566,1,Salamanca,5740,730000,Piso,3.0,2.0,79.0,,0,3
8567,1,Salamanca,5740,1550000,Piso,4.0,4.0,211.0,1.0,0,3
8568,1,Salamanca,5740,2200000,Piso,3.0,3.0,247.0,3.0,1,3
8569,1,Salamanca,5740,2300000,Piso,3.0,4.0,254.0,1.0,0,3
8570,1,Salamanca,5740,625000,Piso,3.0,2.0,124.0,2.0,1,3
8571,1,Salamanca,5740,259000,Piso,3.0,1.0,79.0,1.0,0,3
8572,1,Salamanca,5740,245000,Casa o chalet,3.0,2.0,120.0,,0,3
8573,1,Salamanca,5740,1025000,Piso,2.0,2.0,142.0,3.0,0,3
8574,1,Salamanca,5740,1180000,Piso,3.0,3.0,214.0,1.0,0,3
8575,1,Salamanca,5740,106000,Piso,3.0,1.0,66.0,2.0,0,3
8576,1,Salamanca,5740,849000,Piso,3.0,2.0,178.0,,0,3
8577,1,Salamanca,5740,280500,Piso,3.0,1.0,92.0,,0,3
8578,1,Salamanca,5740,435000,Piso,2.0,1.0,58.0,1.0,0,3
8579,1,Salamanca,5740,4350000,Piso,5.0,10.0,404.0,2.0,1,3
8580,1,Salamanca,5740,1530000,Piso,3.0,2.0,153.0,4.0,0,3
8581,1,Salamanca,5740,1600000,Piso,5.0,4.0,320.0,,1,3
8582,1,Salamanca,5740,1740000,Ático,3.0,4.0,372.0,6.0,1,3
8583,1,Salamanca,5740,650000,Piso,2.0,2.0,149.0,,0,3
8584,1,Salamanca,5740,106000,Piso,3.0,1.0,66.0,2.0,0,3
8585,1,Salamanca,5740,185000,Apartamento,,1.0,35.0,2.0,0,3
8586,1,Salamanca,5740,435000,Piso,2.0,2.0,52.0,1.0,0,3
8587,1,Salamanca,5740,820000,Piso,4.0,3.0,216.0,5.0,1,3
8588,1,Salamanca,5740,625000,Piso,3.0,1.0,120.0,1.0,0,3
8589,1,Salamanca,5740,195000,Apartamento,,1.0,35.0,,0,3
8590,1,Salamanca,5740,620000,Ático,3.0,2.0,86.0,6.0,0,3
8591,1,Salamanca,5740,329000,Piso,2.0,1.0,89.0,,1,3
8592,1,Salamanca,5740,800000,Dúplex,3.0,3.0,160.0,5.0,0,3
8593,1,Salamanca,5740,510000,Piso,4.0,2.0,120.0,,0,3
8594,1,Salamanca,5740,110000,Piso,3.0,1.0,60.0,,0,3
8595,1,Salamanca,5740,2400000,Piso,3.0,4.0,218.0,4.0,0,3
8596,1,Salamanca,5740,530000,Piso,4.0,2.0,144.0,5.0,0,3
8597,1,Salamanca,5740,235000,Piso,1.0,1.0,50.0,,0,3
8598,1,Salamanca,5740,620000,Piso,4.0,3.0,163.0,3.0,1,3
8599,1,Salamanca,5740,2400000,Piso,4.0,6.0,275.0,4.0,1,3
8600,1,Salamanca,5740,435000,Piso,2.0,2.0,52.0,1.0,0,3
8601,1,Salamanca,5740,235000,Estudio,,1.0,42.0,3.0,0,3
8602,1,Salamanca,5740,385000,Piso,1.0,1.0,60.0,,1,3
8603,1,Salamanca,5740,625000,Piso,3.0,2.0,124.0,2.0,1,3
8604,1,Salamanca,5740,990000,Casa o chalet,4.0,3.0,233.0,,0,3
8605,1,Salamanca,5740,920000,Piso,3.0,2.0,166.0,3.0,0,3
8606,1,Salamanca,5740,632400,Piso,4.0,3.0,171.0,3.0,0,3
8607,1,Salamanca,5740,490000,Piso,4.0,1.0,118.0,,0,3
8608,1,Salamanca,5740,650000,Piso,2.0,2.0,136.0,2.0,0,3
8609,1,Salamanca,5740,235000,Estudio,,1.0,42.0,3.0,0,3
8610,1,Salamanca,5740,4350000,Piso,5.0,10.0,404.0,2.0,1,3
8611,1,Salamanca,5740,135000,Piso,2.0,1.0,50.0,3.0,0,3
8612,1,Salamanca,5740,230000,Piso,2.0,2.0,77.0,1.0,1,3
8613,1,Salamanca,5740,530000,Piso,1.0,1.0,85.0,7.0,0,3
8614,1,Salamanca,5740,249000,Piso,2.0,1.0,58.0,2.0,0,3
8615,1,Salamanca,5740,610000,Piso,,2.0,117.0,1.0,0,3
8616,1,Salamanca,5740,720000,Piso,5.0,2.0,133.0,5.0,1,3
8617,1,Salamanca,5740,2300000,Piso,3.0,4.0,247.0,,0,3
8618,1,Salamanca,5740,105700,Casa o chalet,,,73.0,,0,3
8619,1,Salamanca,5740,195000,Piso,1.0,1.0,40.0,,0,3
8620,1,Salamanca,5740,175000,Piso,1.0,1.0,50.0,,0,3
8621,1,Salamanca,5740,505800,Piso,4.0,2.0,149.0,,0,3
8622,1,Salamanca,5740,385000,Piso,5.0,1.0,116.0,,0,3
8623,1,Salamanca,5740,898000,Piso,3.0,2.0,138.0,5.0,0,3
8624,1,Salamanca,5740,415000,Piso,2.0,2.0,72.0,2.0,0,3
8625,1,Salamanca,5740,530000,Piso,4.0,2.0,144.0,5.0,0,3
8626,1,Salamanca,5740,1490000,Piso,3.0,4.0,184.0,3.0,0,3
8627,1,Salamanca,5740,878800,Piso,4.0,2.0,150.0,1.0,0,3
8628,1,Salamanca,5740,235000,Estudio,,1.0,42.0,3.0,0,3
8629,1,Salamanca,5740,670000,Piso,2.0,2.0,82.0,5.0,0,3
8630,1,Salamanca,5740,145000,Piso,2.0,1.0,64.0,,0,3
8631,1,Salamanca,5740,1840000,Piso,3.0,4.0,260.0,4.0,1,3
8632,1,Salamanca,5740,470000,Piso,1.0,1.0,61.0,2.0,0,3
8633,1,Salamanca,5740,106000,Piso,3.0,1.0,66.0,2.0,0,3
8634,1,Salamanca,5740,632400,Piso,4.0,3.0,171.0,3.0,0,3
8635,1,Salamanca,5740,379000,Piso,2.0,1.0,88.0,3.0,1,3
8636,1,Salamanca,5740,435000,Piso,2.0,1.0,58.0,1.0,0,3
8637,1,Salamanca,5740,190000,Piso,1.0,1.0,20.0,4.0,0,3
8638,1,Salamanca,5740,235000,Apartamento,1.0,1.0,23.0,,0,3
8639,1,Salamanca,5740,4350000,Piso,5.0,10.0,404.0,2.0,1,3
8640,1,Salamanca,5740,690000,Piso,1.0,1.0,135.0,4.0,0,3
8641,1,Salamanca,5740,4350000,Piso,5.0,10.0,404.0,2.0,1,3
8642,1,Salamanca,5740,215000,Piso,1.0,1.0,37.0,,0,3
8643,1,Salamanca,5740,489000,Piso,4.0,2.0,137.0,,0,3
8644,1,Salamanca,5740,320000,Piso,1.0,1.0,58.0,6.0,0,3
8645,1,Salamanca,5740,544000,Piso,5.0,2.0,200.0,,0,3
8646,1,Salamanca,5740,380000,Piso,3.0,2.0,84.0,1.0,0,3
8647,1,Salamanca,5740,845000,Piso,2.0,2.0,100.0,3.0,0,3
8648,1,Salamanca,5740,700000,Piso,4.0,3.0,145.0,1.0,1,3
8649,1,Salamanca,5740,2300000,Piso,5.0,3.0,366.0,4.0,1,3
8650,1,Salamanca,5740,530000,Piso,4.0,2.0,144.0,5.0,0,3
8651,1,Salamanca,5740,240000,Piso,3.0,1.0,81.0,,0,3
8652,1,Salamanca,5740,103400,Piso,2.0,1.0,51.0,1.0,0,3
8653,1,Salamanca,5740,122000,Piso,2.0,1.0,60.0,1.0,0,3
8654,1,Salamanca,5740,800000,Dúplex,3.0,3.0,160.0,5.0,0,3
8655,1,Salamanca,5740,81300,Piso,1.0,1.0,38.0,,0,3
8656,1,Salamanca,5740,798000,Piso,2.0,2.0,115.0,3.0,0,3
8657,1,Salamanca,5740,435000,Piso,2.0,2.0,52.0,1.0,0,3
8658,1,Salamanca,5740,89500,Piso,2.0,1.0,47.0,,0,3
8659,1,Salamanca,5740,235000,Estudio,,1.0,42.0,3.0,0,3
8660,1,Salamanca,5740,215000,Piso,4.0,2.0,127.0,2.0,0,3
8661,1,Salamanca,5740,189000,Apartamento,2.0,1.0,50.0,,0,3
8662,1,Salamanca,5740,260000,Apartamento,1.0,1.0,42.0,,0,3
8663,1,Salamanca,5740,2750000,Piso,6.0,4.0,400.0,3.0,0,3
8664,1,Salamanca,5740,109900,Piso,2.0,1.0,50.0,2.0,0,3
8665,1,Salamanca,5740,193200,Piso,,1.0,74.0,,0,3
8666,1,Salamanca,5740,399000,Piso,2.0,2.0,80.0,,0,3
8667,1,Salamanca,5740,1290000,Piso,3.0,2.0,142.0,1.0,1,3
8668,1,Salamanca,5740,890000,Piso,5.0,2.0,165.0,1.0,0,3
8669,1,Salamanca,5740,2400000,Piso,4.0,6.0,220.0,4.0,0,3
8670,1,Salamanca,5740,625000,Piso,3.0,2.0,107.0,3.0,1,3
8671,1,Salamanca,5740,1490000,Piso,3.0,3.0,184.0,3.0,0,3
8672,1,Salamanca,5740,890000,Piso,4.0,3.0,171.0,5.0,0,3
8673,1,Salamanca,5740,230000,Piso,2.0,1.0,52.0,,0,3
8674,1,Salamanca,5740,135000,Piso,2.0,1.0,77.0,3.0,0,3
8675,1,Salamanca,5740,632400,Piso,4.0,3.0,171.0,3.0,0,3
8676,1,Salamanca,5740,1125000,Piso,4.0,,156.0,5.0,0,3
8677,1,Salamanca,5740,720000,Piso,5.0,2.0,133.0,5.0,1,3
8678,1,Salamanca,5740,142500,Piso,2.0,1.0,62.0,,0,3
8679,1,Salamanca,5740,530000,Piso,4.0,2.0,144.0,5.0,0,3
8680,1,Salamanca,5740,1490000,Piso,4.0,3.0,210.0,3.0,0,3
8681,1,Salamanca,5740,130000,Piso,2.0,1.0,59.0,1.0,0,3
8682,1,Salamanca,5740,195000,Piso,3.0,1.0,95.0,4.0,0,3
8683,1,Salamanca,5740,640000,Piso,4.0,3.0,154.0,,0,3
8684,1,Salamanca,5740,800000,Dúplex,3.0,3.0,160.0,5.0,0,3
8685,1,Salamanca,5740,174700,Piso,2.0,1.0,48.0,,0,3
8686,1,Salamanca,5740,500000,Piso,1.0,1.0,47.0,3.0,0,3
8687,1,Salamanca,5740,350000,Piso,2.0,1.0,53.0,5.0,0,3
8688,1,Salamanca,5740,555000,Dúplex,1.0,2.0,,4.0,0,3
8689,1,Salamanca,5740,210000,Piso,2.0,1.0,75.0,3.0,0,3
8690,1,Salamanca,5740,1025000,Piso,2.0,2.0,142.0,3.0,0,3
8691,1,Salamanca,5740,185000,Piso,4.0,2.0,122.0,2.0,1,3
8692,1,Salamanca,5740,1050000,Piso,5.0,3.0,207.0,2.0,1,3
8693,1,Salamanca,5740,898000,Piso,3.0,2.0,138.0,5.0,0,3
8694,1,Salamanca,5740,1030000,Piso,4.0,3.0,194.0,,0,3
8695,1,Salamanca,5740,110000,Piso,2.0,1.0,62.0,1.0,0,3
8696,1,Salamanca,5740,443000,Piso,3.0,2.0,104.0,2.0,1,3
8697,1,Salamanca,5740,720000,Piso,5.0,2.0,133.0,5.0,1,3
8698,1,Salamanca,5740,625000,Piso,3.0,2.0,124.0,2.0,1,3
8699,1,Salamanca,5740,520000,Piso,3.0,1.0,80.0,6.0,0,3
8700,1,Salamanca,5740,81300,Piso,1.0,1.0,43.0,,0,3
8701,1,Salamanca,5740,265000,Piso,1.0,1.0,37.0,5.0,0,3
8702,1,Salamanca,5740,470000,Piso,2.0,1.0,90.0,1.0,0,3
8703,1,Salamanca,5740,467500,Piso,2.0,2.0,103.0,1.0,1,3
8704,1,Salamanca,5740,1195000,Piso,4.0,3.0,242.0,,1,3
8705,1,Salamanca,5740,350000,Piso,2.0,1.0,74.0,3.0,0,3
8706,1,Salamanca,5740,1300000,Piso,3.0,3.0,153.0,3.0,0,3
8707,1,Salamanca,5740,720000,Piso,5.0,2.0,133.0,5.0,1,3
8708,1,Salamanca,5740,249000,Piso,2.0,1.0,58.0,2.0,0,3
8709,1,Salamanca,5740,1490000,Piso,4.0,3.0,210.0,3.0,0,3
8710,1,Salamanca,5740,249000,Piso,2.0,1.0,58.0,2.0,0,3
8711,1,Salamanca,5740,203000,Piso,1.0,1.0,40.0,2.0,0,3
8712,1,Salamanca,5740,459000,Piso,3.0,2.0,100.0,3.0,0,3
8713,1,Salamanca,5740,208000,Piso,1.0,1.0,55.0,5.0,1,3
8714,1,Salamanca,5740,555000,Dúplex,1.0,2.0,,4.0,0,3
8715,1,Salamanca,5740,355000,Piso,2.0,2.0,75.0,,1,3
8716,1,Salamanca,5740,639000,Piso,3.0,2.0,116.0,,0,3
8717,1,Salamanca,5740,565000,Piso,5.0,2.0,160.0,,0,3
8718,1,Salamanca,5740,167562,Piso,2.0,2.0,76.0,5.0,1,3
8719,1,Salamanca,5740,1340000,Piso,4.0,3.0,249.0,3.0,0,3
8720,1,Salamanca,5740,338000,Piso,4.0,2.0,95.0,1.0,0,3
8721,1,Salamanca,5740,1025000,Piso,2.0,2.0,142.0,3.0,0,3
8722,1,Salamanca,5740,2520000,Piso,5.0,4.0,372.0,,0,3
8723,1,Salamanca,5740,1485000,Piso,3.0,3.0,180.0,7.0,1,3
8724,1,Salamanca,5740,720000,Piso,5.0,2.0,133.0,5.0,1,3
8725,1,Salamanca,5740,330000,Piso,3.0,1.0,90.0,6.0,0,3
8726,1,Salamanca,5740,180000,Estudio,,1.0,30.0,2.0,0,3
8727,1,Salamanca,5740,798000,Piso,2.0,2.0,115.0,3.0,0,3
8728,1,Salamanca,5740,520000,Piso,3.0,1.0,80.0,6.0,0,3
8729,1,Salamanca,5740,1200000,Piso,3.0,3.0,158.0,,0,3
8730,1,Salamanca,5740,265000,Piso,1.0,1.0,37.0,5.0,0,3
8731,1,Salamanca,5740,1970000,Piso,6.0,2.0,270.0,3.0,1,3
8732,1,Salamanca,5740,193000,Piso,2.0,1.0,31.0,3.0,0,3
8733,1,Salamanca,5740,135000,Piso,3.0,1.0,70.0,,0,3
8734,1,Salamanca,5740,186000,Piso,3.0,2.0,95.0,1.0,0,3
8735,1,Salamanca,5740,179900,Piso,4.0,2.0,112.0,1.0,0,3
8736,1,Salamanca,5740,1100000,Dúplex,2.0,3.0,125.0,3.0,0,3
8737,1,Salamanca,5740,650000,Casa o chalet,5.0,3.0,210.0,,0,3
8738,1,Salamanca,5740,385000,Piso,3.0,2.0,125.0,,0,3
8739,1,Salamanca,5740,640000,Piso,5.0,2.0,181.0,6.0,0,3
8740,1,Salamanca,5740,385000,Piso,2.0,1.0,57.0,1.0,0,3
8741,1,Salamanca,5740,1400000,Piso,3.0,4.0,184.0,3.0,0,3
8742,1,Salamanca,5740,103400,Piso,2.0,1.0,51.0,1.0,0,3
8743,1,Salamanca,5740,2350000,Piso,3.0,4.0,209.0,2.0,0,3
8744,1,Salamanca,5740,103400,Piso,2.0,1.0,51.0,1.0,0,3
8745,1,Salamanca,5740,745000,Piso,2.0,2.0,113.0,3.0,0,3
8746,1,Salamanca,5740,1485000,Piso,5.0,6.0,437.0,,1,3
8747,1,Salamanca,5740,3500000,Piso,4.0,5.0,316.0,3.0,0,3
8748,1,Salamanca,5740,106000,Piso,3.0,1.0,66.0,2.0,0,3
8749,1,Salamanca,5740,625000,Piso,3.0,2.0,124.0,2.0,1,3
8750,1,Salamanca,5740,245000,Piso,3.0,1.0,64.0,4.0,0,3
8751,1,Salamanca,5740,599000,Piso,4.0,1.0,161.0,1.0,0,3
8752,1,Salamanca,5740,99999,Piso,3.0,1.0,67.0,5.0,0,3
8753,1,Salamanca,5740,258000,Piso,3.0,2.0,95.0,3.0,1,3
8754,1,Salamanca,5740,159000,Piso,4.0,1.0,88.0,,0,3
8755,1,Salamanca,5740,850000,Dúplex,3.0,3.0,160.0,5.0,0,3
8756,1,Salamanca,5740,800000,Piso,5.0,3.0,171.0,6.0,0,3
8757,1,Salamanca,5740,798000,Piso,2.0,2.0,115.0,3.0,0,3
8758,1,Salamanca,5740,435000,Piso,2.0,1.0,58.0,1.0,0,3
8759,1,Salamanca,5740,850000,Dúplex,3.0,3.0,160.0,5.0,0,3
8760,1,Salamanca,5740,265000,Piso,1.0,1.0,37.0,5.0,0,3
8761,1,Salamanca,5740,230000,Piso,2.0,2.0,77.0,,0,3
8762,1,Salamanca,5740,1025000,Piso,2.0,2.0,142.0,3.0,0,3
8763,1,Salamanca,5740,670000,Piso,4.0,2.0,140.0,,0,3
8764,1,Salamanca,5740,700000,Piso,3.0,3.0,130.0,4.0,0,3
8765,1,Salamanca,5740,4350000,Piso,5.0,10.0,404.0,2.0,1,3
8766,1,Salamanca,5740,260000,Piso,2.0,1.0,90.0,,1,3
8767,1,Salamanca,5740,339000,Piso,3.0,2.0,109.0,2.0,1,3
8768,1,Salamanca,5740,235000,Estudio,,1.0,42.0,3.0,0,3
8769,1,Salamanca,5740,249000,Piso,2.0,1.0,58.0,2.0,0,3
8770,1,Salamanca,5740,289000,Piso,2.0,1.0,73.0,1.0,0,3
8771,1,Salamanca,5740,199000,Apartamento,1.0,1.0,30.0,2.0,0,3
8772,1,Salamanca,5740,450000,Piso,2.0,3.0,88.0,3.0,0,3
8773,1,Salamanca,5740,1245110,Piso,6.0,2.0,204.0,1.0,0,3
8774,1,Salamanca,5740,410960,Piso,2.0,1.0,86.0,1.0,0,3
8775,1,Salamanca,5740,849000,Piso,3.0,2.0,178.0,,0,3
8776,1,Salamanca,5740,728000,Piso,5.0,5.0,192.0,,0,3
8777,1,Salamanca,5740,79000,Piso,2.0,1.0,42.0,,0,3
8778,1,Salamanca,5740,930000,Piso,5.0,3.0,206.0,,0,3
8779,1,Salamanca,5740,1490000,Piso,4.0,3.0,210.0,3.0,0,3
8780,1,Salamanca,5740,270000,Piso,2.0,1.0,57.0,1.0,0,3
8781,1,Salamanca,5740,460000,Dúplex,4.0,3.0,168.0,,0,3
8782,1,Salamanca,5740,340000,Piso,2.0,1.0,49.0,1.0,0,3
8783,1,Salamanca,5740,849000,Piso,3.0,2.0,178.0,,0,3
8784,1,Salamanca,5740,632400,Piso,4.0,3.0,171.0,3.0,0,3
8785,1,Salamanca,5740,540000,Piso,1.0,1.0,75.0,1.0,0,3
8786,1,Salamanca,5740,1600800,Piso,4.0,5.0,198.0,2.0,1,3
8787,1,Salamanca,5740,795000,Casa o chalet,3.0,3.0,215.0,2.0,1,3
8788,1,Salamanca,5740,955000,Piso,3.0,2.0,145.0,4.0,0,3
8789,1,Salamanca,5740,290000,Casa o chalet,5.0,2.0,224.0,,0,3
8790,1,Salamanca,5740,625000,Piso,3.0,2.0,124.0,2.0,1,3
8791,1,Salamanca,5740,550000,Piso,3.0,2.0,131.0,5.0,0,3
8792,1,Salamanca,5740,1025000,Piso,2.0,2.0,142.0,3.0,0,3
8793,1,Salamanca,5740,1490000,Piso,3.0,4.0,230.0,,0,3
8794,1,Salamanca,5740,1300000,Piso,5.0,3.0,274.0,2.0,0,3
8795,1,Salamanca,5740,175000,Piso,2.0,1.0,76.0,,0,3
8796,1,Salamanca,5740,131440,Piso,3.0,1.0,63.0,5.0,0,3
8797,1,Salamanca,5740,435000,Piso,2.0,2.0,52.0,1.0,0,3
8798,1,Salamanca,5740,279000,Piso,2.0,1.0,55.0,2.0,0,3
8799,1,Salamanca,5740,103400,Piso,2.0,1.0,51.0,1.0,0,3
8800,1,Salamanca,5740,106000,Piso,3.0,1.0,66.0,2.0,0,3
8801,1,Salamanca,5740,540000,Piso,3.0,2.0,131.0,1.0,1,3
8802,1,Salamanca,5740,159000,Apartamento,,,40.0,,0,3
8803,1,Salamanca,5740,625000,Piso,6.0,3.0,216.0,,1,3
8804,1,Salamanca,5740,435000,Piso,2.0,2.0,52.0,1.0,0,3
8805,1,Salamanca,5740,6800000,Casa o chalet,8.0,6.0,819.0,,1,3
8806,1,Salamanca,5740,799000,Ático,2.0,2.0,177.0,,0,3
8807,1,Salamanca,5740,199700,Piso,1.0,1.0,55.0,2.0,1,3
8808,1,Salamanca,5740,530000,Piso,4.0,2.0,144.0,5.0,0,3
8809,1,Salamanca,5740,1490000,Piso,4.0,3.0,210.0,3.0,0,3
8810,1,Salamanca,5740,530000,Piso,4.0,2.0,144.0,5.0,0,3
8811,1,Salamanca,5740,625000,Piso,3.0,2.0,124.0,2.0,1,3
8812,1,Salamanca,5740,800000,Dúplex,3.0,3.0,160.0,5.0,0,3
8813,1,Salamanca,5740,435000,Piso,2.0,2.0,52.0,1.0,0,3
8814,1,Salamanca,5740,116000,Piso,2.0,1.0,51.0,,0,3
8815,1,Salamanca,5740,1280000,Piso,3.0,2.0,170.0,3.0,0,3
8816,1,Salamanca,5740,1190000,Casa adosada,5.0,6.0,489.0,,1,3
8817,1,Salamanca,5740,249000,Piso,2.0,1.0,58.0,2.0,0,3
8818,1,Salamanca,5740,680000,Piso,4.0,2.0,142.0,1.0,1,3
8819,1,Salamanca,5740,146000,Piso,2.0,1.0,83.0,,1,3
8820,1,Salamanca,5740,1700000,Piso,4.0,2.0,201.0,2.0,0,3
8821,1,Salamanca,5740,849000,Piso,3.0,2.0,178.0,,0,3
8822,1,Salamanca,5740,695000,Piso,3.0,3.0,140.0,1.0,1,3
8823,1,Salamanca,5740,375000,Piso,2.0,1.0,60.0,,0,3
8824,1,Salamanca,5740,145000,Apartamento,1.0,1.0,38.0,,0,3
8825,1,Salamanca,5740,199000,Apartamento,1.0,1.0,30.0,2.0,0,3
8826,1,Salamanca,5740,3200000,Piso,4.0,4.0,479.0,,1,3
8827,1,Salamanca,5740,975000,Piso,3.0,2.0,165.0,,1,3
8828,1,Salamanca,5740,675000,Piso,4.0,2.0,159.0,,0,3
8829,1,Salamanca,5740,150000,Piso,1.0,1.0,60.0,,0,3
8830,1,Salamanca,5740,390000,Piso,2.0,1.0,53.0,,0,3
8831,1,Salamanca,5740,285000,Piso,1.0,1.0,45.0,3.0,0,3
8832,1,Salamanca,5740,224000,Piso,2.0,1.0,70.0,,1,3
8833,1,Salamanca,5740,1199000,Piso,5.0,5.0,433.0,5.0,1,3
8834,1,Salamanca,5740,699900,Piso,3.0,2.0,165.0,3.0,1,3
8835,1,Salamanca,5740,1160000,Piso,3.0,3.0,131.0,3.0,1,3
8836,1,Salamanca,5740,800000,Dúplex,3.0,3.0,160.0,5.0,0,3
8837,1,Salamanca,5740,425000,Piso,1.0,1.0,45.0,,0,3
8838,1,Salamanca,5740,530000,Piso,4.0,2.0,144.0,5.0,0,3
8839,1,Salamanca,5740,570000,Piso,4.0,1.0,111.0,1.0,0,3
8840,1,Salamanca,5740,1490000,Piso,4.0,3.0,210.0,3.0,0,3
8841,1,Salamanca,5740,199000,Piso,2.0,1.0,76.0,,0,3
8842,1,Salamanca,5740,179990,Piso,2.0,1.0,50.0,2.0,0,3
8843,1,Salamanca,5740,103400,Piso,2.0,1.0,51.0,1.0,0,3
8844,1,Salamanca,5740,620000,Piso,4.0,2.0,116.0,3.0,0,3
8845,1,Salamanca,5740,1050000,Piso,5.0,4.0,237.0,2.0,1,3
8846,1,Salamanca,5740,644000,Piso,4.0,2.0,144.0,,1,3
8847,1,Salamanca,5740,256000,Piso,3.0,2.0,121.0,2.0,1,3
8848,1,Salamanca,5740,878800,Piso,4.0,2.0,168.0,1.0,0,3
8849,1,Salamanca,5740,163000,Apartamento,1.0,1.0,47.0,,0,3
8850,1,Salamanca,5740,469000,Piso,2.0,2.0,113.0,6.0,0,3
8851,1,Salamanca,5740,265000,Piso,1.0,1.0,37.0,5.0,0,3
8852,1,Salamanca,5740,495000,Piso,3.0,2.0,102.0,1.0,0,3
8853,1,Salamanca,5740,330000,Piso,1.0,1.0,60.0,5.0,0,3
8854,1,Salamanca,5740,630000,Piso,3.0,2.0,146.0,2.0,0,3
8855,1,Salamanca,5740,849000,Piso,3.0,2.0,178.0,,0,3
8856,1,Salamanca,5740,129500,Piso,3.0,1.0,76.0,,1,3
8857,1,Salamanca,5740,315000,Ático,2.0,1.0,57.0,6.0,0,3
8858,1,Salamanca,5740,135000,Piso,3.0,1.0,72.0,1.0,0,3
8859,1,Salamanca,5740,1490000,Piso,4.0,3.0,210.0,3.0,0,3
8860,1,Salamanca,5740,120000,Piso,1.0,1.0,23.0,,0,3
8861,1,Salamanca,5740,249000,Piso,2.0,1.0,58.0,2.0,0,3
8862,1,Salamanca,5740,830000,Piso,3.0,2.0,147.0,4.0,0,3
8863,1,Salamanca,5740,100000,Piso,2.0,1.0,78.0,4.0,0,3
8864,1,Salamanca,5740,119000,Piso,3.0,2.0,70.0,3.0,0,3
8865,1,Salamanca,5740,4350000,Piso,,,391.0,2.0,0,3
8866,1,Salamanca,5740,131440,Piso,3.0,1.0,63.0,,0,3
8867,1,Salamanca,5740,138888,Piso,3.0,1.0,69.0,3.0,0,3
8868,1,Salamanca,5740,158000,Piso,2.0,1.0,63.0,4.0,0,3
8869,1,Salamanca,5740,620000,Piso,2.0,2.0,139.0,,0,3
8870,1,Salamanca,5740,1490000,Piso,4.0,3.0,210.0,3.0,0,3
8871,1,Salamanca,5740,284000,Piso,3.0,2.0,114.0,,0,3
8872,1,Salamanca,5740,530000,Piso,4.0,2.0,144.0,5.0,0,3
8873,1,Salamanca,5740,898000,Piso,3.0,2.0,138.0,5.0,0,3
8874,1,Salamanca,5740,122000,Piso,2.0,1.0,60.0,1.0,0,3
8875,1,Salamanca,5740,849000,Piso,3.0,2.0,178.0,,0,3
8876,1,Salamanca,5740,898000,Piso,3.0,2.0,138.0,5.0,0,3
8877,1,Salamanca,5740,799000,Casa o chalet,5.0,3.0,213.0,,0,3
8878,1,Salamanca,5740,798000,Piso,2.0,2.0,115.0,3.0,0,3
8879,1,Salamanca,5740,580000,Piso,2.0,2.0,85.0,4.0,1,3
8880,1,Salamanca,5740,529000,Piso,4.0,2.0,144.0,5.0,0,3
8881,1,Salamanca,5740,370000,Piso,3.0,1.0,88.0,,0,3
8882,1,Salamanca,5740,632400,Piso,4.0,3.0,171.0,3.0,0,3
8883,1,Salamanca,5740,400000,Piso,2.0,2.0,64.0,4.0,0,3
8884,1,Salamanca,5740,135000,Estudio,,1.0,40.0,1.0,0,3
8885,1,Salamanca,5740,590000,Piso,3.0,2.0,120.0,2.0,1,3
8886,1,Salamanca,5740,379000,Piso,3.0,2.0,140.0,3.0,1,3
8887,1,Salamanca,5740,798000,Piso,2.0,2.0,115.0,3.0,0,3
8888,1,Salamanca,5740,172000,Piso,4.0,2.0,90.0,4.0,1,3
8889,1,Salamanca,5740,87500,Piso,2.0,1.0,48.0,1.0,0,3
8890,1,Salamanca,5740,1200000,Piso,4.0,3.0,220.0,4.0,0,3
8891,1,Salamanca,5740,249000,Piso,2.0,1.0,58.0,2.0,0,3
8892,1,Salamanca,5740,450000,Piso,1.0,1.0,77.0,,0,3
8893,1,Salamanca,5740,720000,Piso,5.0,2.0,133.0,5.0,1,3
8894,1,Salamanca,5740,2395000,Piso,4.0,5.0,319.0,,1,3
8895,1,Salamanca,5740,1650000,Piso,4.0,3.0,279.0,9.0,1,3
8896,1,Salamanca,5740,90000,Piso,1.0,1.0,14.0,,0,3
8897,1,Salamanca,5740,898000,Piso,3.0,2.0,138.0,5.0,0,3
8898,1,Salamanca,5740,560000,Piso,2.0,2.0,74.0,4.0,0,3
8899,1,Salamanca,5740,245000,Piso,2.0,3.0,101.0,7.0,0,3
8900,1,Salamanca,5740,898000,Piso,3.0,2.0,138.0,5.0,0,3
8901,1,Salamanca,5740,898000,Piso,3.0,2.0,138.0,5.0,0,3
8902,1,Salamanca,5740,1995000,Piso,5.0,6.0,315.0,2.0,0,3
8903,1,Salamanca,5740,1495000,Piso,4.0,3.0,210.0,3.0,0,3
8904,1,Salamanca,5740,798000,Piso,2.0,2.0,115.0,3.0,0,3
8905,1,Salamanca,5740,435000,Piso,2.0,2.0,52.0,1.0,0,3
8906,1,Salamanca,5740,898000,Piso,3.0,2.0,138.0,5.0,0,3
8907,1,Salamanca,5740,4350000,Piso,5.0,5.0,400.0,,0,3
8908,1,Salamanca,5740,1890000,Piso,5.0,4.0,326.0,1.0,1,3
8909,1,Salamanca,5740,314000,Piso,4.0,2.0,108.0,1.0,0,3
8910,1,Salamanca,5740,530000,Piso,3.0,3.0,130.0,,1,3
8911,1,Salamanca,5740,750000,Piso,3.0,3.0,144.0,,1,3
8912,1,Salamanca,5740,265000,Piso,1.0,1.0,37.0,5.0,0,3
8913,1,Salamanca,5740,103400,Piso,2.0,1.0,51.0,1.0,0,3
8914,1,Salamanca,5740,4350000,Piso,5.0,10.0,404.0,2.0,1,3
8915,1,Salamanca,5740,435000,Piso,2.0,1.0,54.0,1.0,0,3
8916,1,Salamanca,5740,525000,Piso,3.0,2.0,137.0,2.0,1,3
8917,1,Salamanca,5740,122200,Piso,3.0,1.0,60.0,,0,3
8918,1,Salamanca,5740,735000,Piso,2.0,2.0,115.0,3.0,0,3
8919,1,Salamanca,5740,345000,Piso,2.0,1.0,57.0,2.0,0,3
8920,1,Salamanca,5740,249000,Piso,2.0,1.0,58.0,2.0,0,3
8921,1,Salamanca,5740,249000,Piso,2.0,1.0,58.0,2.0,0,3
8922,1,Salamanca,5740,630000,Piso,3.0,2.0,146.0,2.0,0,3
8923,1,Salamanca,5740,365000,Piso,4.0,2.0,120.0,,0,3
8924,1,Salamanca,5740,495000,Dúplex,2.0,3.0,208.0,,0,3
8925,1,Salamanca,5740,435000,Piso,2.0,2.0,52.0,1.0,0,3
8926,1,Salamanca,5740,999000,Piso,4.0,2.0,165.0,6.0,0,3
8927,1,Salamanca,5740,370000,Piso,3.0,2.0,107.0,1.0,1,3
8928,1,Salamanca,5740,935000,Piso,3.0,2.0,145.0,4.0,0,3
8929,1,Salamanca,5740,103400,Piso,2.0,1.0,51.0,1.0,0,3
8930,1,Salamanca,5740,530000,Piso,4.0,2.0,144.0,5.0,0,3
8931,1,Salamanca,5740,99000,Piso,2.0,1.0,55.0,,0,3
8932,1,Salamanca,5740,800000,Dúplex,3.0,3.0,160.0,5.0,0,3
8933,1,Salamanca,5740,1390000,Piso,5.0,3.0,155.0,3.0,0,3
8934,1,Salamanca,5740,715000,Piso,3.0,2.0,166.0,4.0,0,3
8935,1,Salamanca,5740,220000,Piso,2.0,1.0,45.0,,0,3
8936,1,Salamanca,5740,898000,Piso,3.0,2.0,138.0,5.0,0,3
8937,1,Salamanca,5740,435000,Piso,2.0,2.0,52.0,,0,3
8938,1,Salamanca,5740,890000,Piso,4.0,4.0,200.0,,1,3
8939,1,Salamanca,5740,1750000,Piso,5.0,3.0,170.0,1.0,0,3
8940,1,Salamanca,5740,360000,Piso,2.0,1.0,80.0,1.0,0,3
8941,1,Salamanca,5740,650000,Piso,2.0,1.0,93.0,6.0,0,3
8942,1,Salamanca,5740,4350000,Piso,5.0,10.0,404.0,2.0,1,3
8943,1,Salamanca,5740,900000,Piso,2.0,2.0,158.0,3.0,1,3
8944,1,Salamanca,5740,305000,Piso,3.0,2.0,100.0,2.0,1,3
8945,1,Salamanca,5740,110000,Piso,2.0,1.0,62.0,,0,3
8946,1,Salamanca,5740,455000,Piso,3.0,3.0,147.0,,0,3
8947,1,Salamanca,5740,800000,Piso,2.0,2.0,109.0,2.0,0,3
8948,1,Salamanca,5740,2700000,Piso,4.0,3.0,277.0,8.0,1,3
8949,1,Salamanca,5740,1682000,Ático,1.0,2.0,205.0,,0,3
8950,1,Salamanca,5740,549000,Piso,1.0,1.0,73.0,,0,3
8951,1,Salamanca,5740,890000,Piso,1.0,1.0,122.0,3.0,0,3
8952,1,Salamanca,5740,750000,Piso,5.0,2.0,162.0,,0,3
8953,1,Salamanca,5740,2490000,Piso,5.0,6.0,422.0,5.0,1,3
8954,1,Salamanca,5740,3300000,Piso,5.0,6.0,512.0,,1,3
8955,1,Salamanca,5740,159000,Piso,,1.0,34.0,3.0,0,3
8956,1,Salamanca,5740,485000,Piso,3.0,2.0,118.0,1.0,0,3
8957,1,Salamanca,5740,550000,Piso,2.0,1.0,129.0,2.0,0,3
8958,1,Salamanca,5740,225000,Loft,1.0,1.0,95.0,,0,3
8959,1,Salamanca,5740,177000,Piso,,1.0,39.0,5.0,0,3
8960,1,Salamanca,5740,4350000,Piso,5.0,5.0,400.0,,0,3
8961,1,Salamanca,5740,106000,Piso,3.0,1.0,66.0,2.0,0,3
8962,1,Salamanca,5740,1500000,Piso,6.0,5.0,326.0,5.0,0,3
8963,1,Salamanca,5740,270000,Loft,,1.0,50.0,,0,3
8964,1,Salamanca,5740,1300000,Piso,2.0,2.0,164.0,,0,3
8965,1,Salamanca,5740,1425000,Casa o chalet,4.0,5.0,392.0,,1,3
8966,1,Salamanca,5740,1420000,Ático,2.0,3.0,212.0,,1,3
8967,1,Salamanca,5740,272000,Piso,2.0,2.0,73.0,,1,3
8968,1,Salamanca,5740,1599000,Piso,3.0,4.0,210.0,2.0,0,3
8969,1,Salamanca,5740,1025000,Piso,2.0,2.0,142.0,3.0,0,3
8970,1,Salamanca,5740,1480000,Casa o chalet,4.0,5.0,491.0,,0,3
8971,1,Salamanca,5740,265000,Piso,1.0,1.0,37.0,5.0,0,3
8972,1,Salamanca,5740,146367,Piso,3.0,1.0,73.0,3.0,0,3
8973,1,Salamanca,5740,1250000,Piso,3.0,4.0,207.0,3.0,1,3
8974,1,Salamanca,5740,1850000,Piso,4.0,2.0,231.0,4.0,0,3
8975,1,Salamanca,5740,695000,Piso,2.0,2.0,105.0,2.0,0,3
8976,1,Salamanca,5740,580000,Piso,3.0,2.0,105.0,3.0,0,3
8977,1,Salamanca,5740,276420,Piso,1.0,1.0,45.0,,0,3
8978,1,Salamanca,5740,197000,Piso,3.0,1.0,69.0,1.0,0,3
8979,1,Salamanca,5740,199995,Loft,2.0,2.0,53.0,,0,3
8980,1,Salamanca,5740,999000,Piso,4.0,2.0,158.0,6.0,0,3
8981,1,Salamanca,5740,349000,Piso,1.0,1.0,61.0,5.0,1,3
8982,1,Salamanca,5740,1500000,Piso,4.0,5.0,265.0,,1,3
8983,1,Salamanca,5740,105000,Piso,3.0,1.0,65.0,3.0,0,3
8984,1,Salamanca,5740,985000,Piso,4.0,3.0,220.0,8.0,0,3
8985,1,Salamanca,5740,1650000,Dúplex,7.0,4.0,453.0,,0,3
8986,1,Salamanca,5740,1260000,Piso,5.0,4.0,200.0,,1,3
8987,1,Salamanca,5740,530000,Piso,4.0,2.0,144.0,5.0,0,3
8988,1,Salamanca,5740,400000,Piso,2.0,1.0,57.0,2.0,0,3
8989,1,Salamanca,5740,632400,Piso,4.0,3.0,177.0,1.0,0,3
8990,1,Salamanca,5740,849000,Piso,3.0,2.0,178.0,,0,3
8991,1,Salamanca,5740,435000,Piso,2.0,2.0,52.0,1.0,0,3
8992,1,Salamanca,5740,620000,Piso,3.0,2.0,139.0,5.0,0,3
8993,1,Salamanca,5740,377000,Piso,2.0,2.0,83.0,1.0,1,3
8994,1,Salamanca,5740,800000,Dúplex,3.0,3.0,160.0,5.0,0,3
8995,1,Salamanca,5740,285000,Piso,3.0,1.0,80.0,,0,3
8996,1,Salamanca,5740,1500000,Piso,4.0,5.0,265.0,2.0,1,3
8997,1,Salamanca,5740,2900000,Dúplex,5.0,3.0,580.0,3.0,1,3
8998,1,Salamanca,5740,1025000,Piso,2.0,2.0,142.0,3.0,0,3
8999,1,Salamanca,5740,849000,Piso,3.0,2.0,178.0,,0,3
9000,1,Salamanca,5740,402900,Piso,4.0,1.0,91.0,1.0,0,3
9001,1,Salamanca,5740,119400,Piso,3.0,1.0,53.0,,0,3
9002,1,Salamanca,5740,390000,Piso,2.0,2.0,50.0,3.0,0,3
9003,1,Salamanca,5740,320000,Ático,3.0,1.0,92.0,7.0,0,3
9004,1,Salamanca,5740,795000,Piso,4.0,3.0,179.0,1.0,0,3
9005,1,Salamanca,5740,188000,Piso,2.0,1.0,59.0,5.0,0,3
9006,1,Salamanca,5740,360000,Piso,2.0,1.0,65.0,1.0,1,3
9007,1,Salamanca,5740,1490000,Piso,4.0,4.0,252.0,3.0,1,3
9008,1,Salamanca,5740,865000,Piso,4.0,4.0,200.0,,1,3
9009,1,Salamanca,5740,480000,Piso,3.0,2.0,125.0,1.0,1,3
9010,1,Salamanca,5740,378000,Piso,2.0,1.0,51.0,5.0,0,3
9011,1,Salamanca,5740,1180000,Piso,3.0,2.0,184.0,3.0,0,3
9012,1,Salamanca,5740,523500,Piso,3.0,2.0,146.0,2.0,0,3
9013,1,Salamanca,5740,435000,Piso,2.0,2.0,52.0,1.0,0,3
9014,1,Salamanca,5740,550000,Apartamento,2.0,2.0,68.0,1.0,0,3
9015,1,Salamanca,5740,530000,Piso,4.0,2.0,144.0,5.0,0,3
9016,1,Salamanca,5740,270000,Loft,1.0,2.0,122.0,,1,3
9017,1,Salamanca,5740,690000,Piso,,2.0,147.0,5.0,0,3
9018,1,Salamanca,5740,530000,Piso,4.0,2.0,144.0,5.0,0,3
9019,1,Salamanca,5740,670000,Piso,3.0,2.0,102.0,2.0,0,3
9020,1,Salamanca,5740,530000,Piso,4.0,2.0,144.0,5.0,0,3
9021,1,Salamanca,5740,106000,Piso,3.0,1.0,66.0,2.0,0,3
9022,1,Salamanca,5740,750000,Piso,2.0,2.0,151.0,2.0,0,3
9023,1,Salamanca,5740,800000,Dúplex,3.0,3.0,160.0,5.0,0,3
9024,1,Salamanca,5740,1090000,Piso,4.0,3.0,212.0,,0,3
9025,1,Salamanca,5740,860000,Piso,3.0,3.0,168.0,4.0,1,3
9026,1,Salamanca,5740,348000,Piso,,1.0,85.0,1.0,0,3
9027,1,Salamanca,5740,898000,Piso,3.0,2.0,138.0,5.0,0,3
9028,1,Salamanca,5740,999000,Piso,4.0,2.0,145.0,6.0,1,3
9029,1,Salamanca,5740,310500,Piso,3.0,2.0,78.0,,0,3
9030,1,Salamanca,5740,1500000,Piso,3.0,4.0,184.0,3.0,0,3
9031,1,Salamanca,5740,625000,Piso,3.0,2.0,124.0,2.0,1,3
9032,1,Salamanca,5740,250000,Piso,3.0,2.0,130.0,6.0,1,3
9033,1,Salamanca,5740,1950000,Piso,3.0,5.0,290.0,4.0,0,3
9034,1,Salamanca,5740,625000,Piso,3.0,2.0,124.0,2.0,1,3
9035,1,Salamanca,5740,720000,Piso,5.0,2.0,133.0,5.0,1,3
9036,1,Salamanca,5740,1025000,Piso,2.0,2.0,142.0,3.0,0,3
9037,1,Salamanca,5740,800000,Dúplex,3.0,3.0,166.0,5.0,0,3
9038,1,Salamanca,5740,435000,Piso,2.0,2.0,52.0,1.0,0,3
9039,1,Salamanca,5740,1180000,Piso,4.0,3.0,214.0,1.0,1,3
9040,1,Salamanca,5740,2339900,Casa o chalet,7.0,6.0,1215.0,,1,3
9041,1,Salamanca,5740,340000,Piso,4.0,2.0,103.0,,1,3
9042,1,Salamanca,5740,530000,Piso,4.0,2.0,144.0,5.0,0,3
9043,1,Salamanca,5740,1490000,Piso,4.0,3.0,210.0,3.0,0,3
9044,1,Salamanca,5740,249000,Piso,2.0,1.0,58.0,2.0,0,3
9045,1,Salamanca,5740,3390000,Piso,5.0,4.0,423.0,7.0,0,3
9046,1,Salamanca,5740,340000,Piso,2.0,1.0,53.0,1.0,0,3
9047,1,Salamanca,5740,530000,Piso,4.0,2.0,144.0,5.0,0,3
9048,1,Salamanca,5740,199000,Apartamento,1.0,1.0,30.0,2.0,0,3
9049,1,Salamanca,5740,570000,Piso,4.0,1.0,135.0,4.0,0,3
9050,1,Salamanca,5740,340000,Piso,2.0,1.0,55.0,1.0,0,3
9051,1,Salamanca,5740,849000,Piso,3.0,2.0,178.0,,0,3
9052,1,Salamanca,5740,290000,Piso,3.0,1.0,75.0,,0,3
9053,1,Salamanca,5740,296000,Piso,3.0,1.0,67.0,,0,3
9054,1,Salamanca,5740,144900,Piso,2.0,1.0,70.0,1.0,0,3
9055,1,Salamanca,5740,1900000,Piso,3.0,3.0,222.0,4.0,0,3
9056,1,Salamanca,5740,398000,Apartamento,1.0,1.0,46.0,,0,3
9057,1,Salamanca,5740,898000,Piso,3.0,2.0,138.0,5.0,0,3
9058,1,Salamanca,5740,390000,Piso,1.0,2.0,114.0,4.0,0,3
9059,1,Salamanca,5740,435000,Piso,2.0,1.0,58.0,1.0,0,3
9060,1,Salamanca,5740,898000,Piso,3.0,2.0,138.0,5.0,0,3
9061,1,Salamanca,5740,520000,Piso,3.0,1.0,80.0,6.0,0,3
9062,1,Salamanca,5740,1599000,Piso,3.0,4.0,172.0,2.0,0,3
9063,1,Salamanca,5740,125000,Piso,4.0,2.0,99.0,6.0,0,3
9064,1,Salamanca,5740,450000,Piso,4.0,2.0,123.0,1.0,0,3
9065,1,Salamanca,5740,687000,Piso,3.0,2.0,124.0,3.0,1,3
9066,1,Salamanca,5740,439000,Piso,2.0,2.0,137.0,1.0,0,3
9067,1,Salamanca,5740,1550000,Piso,3.0,4.0,211.0,1.0,0,3
9068,1,Salamanca,5740,350000,Piso,1.0,1.0,79.0,,0,3
9069,1,Salamanca,5740,490000,Piso,1.0,1.0,87.0,2.0,0,3
9070,1,Salamanca,5740,675000,Piso,3.0,2.0,129.0,4.0,1,3
9071,1,Salamanca,5740,530000,Piso,4.0,2.0,144.0,5.0,0,3
9072,1,Salamanca,5740,849000,Piso,3.0,2.0,178.0,,0,3
9073,1,Salamanca,5740,1490000,Piso,4.0,3.0,210.0,3.0,0,3
9074,1,Salamanca,5740,530000,Piso,4.0,2.0,144.0,5.0,0,3
9075,1,Salamanca,5740,435000,Piso,2.0,1.0,58.0,1.0,0,3
9076,1,Salamanca,5740,530000,Piso,4.0,2.0,144.0,5.0,0,3
9077,1,Salamanca,5740,520000,Ático,4.0,2.0,160.0,6.0,0,3
9078,1,Salamanca,5740,220000,Piso,1.0,1.0,42.0,3.0,0,3
9079,1,Salamanca,5740,898000,Piso,3.0,2.0,138.0,5.0,0,3
9080,1,Salamanca,5740,1150000,Piso,4.0,3.0,209.0,,1,3
9081,1,Salamanca,5740,2400000,Piso,3.0,5.0,218.0,5.0,0,3
9082,1,Salamanca,5740,3100000,Piso,3.0,4.0,269.0,,0,3
9083,1,Salamanca,5740,145000,Piso,2.0,1.0,84.0,2.0,0,3
9084,1,Salamanca,5740,295000,Piso,2.0,1.0,48.0,,0,3
9085,1,Salamanca,5740,898000,Piso,3.0,2.0,138.0,5.0,0,3
9086,1,Salamanca,5740,250000,Piso,3.0,1.0,60.0,,0,3
9087,1,Salamanca,5740,860000,Piso,4.0,2.0,196.0,1.0,0,3
9088,1,Salamanca,5740,699000,Piso,2.0,2.0,102.0,2.0,0,3
9089,1,Salamanca,5740,955000,Piso,3.0,2.0,145.0,4.0,0,3
9090,1,Salamanca,5740,900000,Piso,2.0,2.0,126.0,4.0,0,3
9091,1,Salamanca,5740,1774800,Piso,3.0,3.0,267.0,,1,3
9092,1,Salamanca,5740,175000,Piso,2.0,1.0,58.0,,0,3
9093,1,Salamanca,5740,1350000,Piso,5.0,4.0,330.0,,1,3
9094,1,Salamanca,5740,1750000,Piso,4.0,3.0,242.0,,1,3
9095,1,Salamanca,5740,780000,Piso,2.0,2.0,125.0,1.0,0,3
9096,1,Salamanca,5740,760000,Piso,4.0,3.0,281.0,,1,3
9097,1,Salamanca,5740,179000,Piso,3.0,2.0,89.0,2.0,0,3
9098,1,Salamanca,5740,265000,Piso,2.0,1.0,73.0,3.0,0,3
9099,1,Salamanca,5740,740000,Piso,3.0,2.0,166.0,4.0,0,3
9100,1,Salamanca,5740,390000,Piso,2.0,2.0,50.0,3.0,0,3
9101,1,Salamanca,5740,340000,Piso,2.0,1.0,53.0,1.0,0,3
9102,1,Salamanca,5740,890000,Ático,2.0,2.0,85.0,4.0,0,3
9103,1,Salamanca,5740,530000,Piso,4.0,2.0,144.0,5.0,0,3
9104,1,Salamanca,5740,1490000,Piso,4.0,3.0,210.0,3.0,0,3
9105,1,Salamanca,5740,800000,Dúplex,3.0,3.0,160.0,5.0,0,3
9106,1,Salamanca,5740,1490000,Piso,4.0,3.0,210.0,3.0,0,3
9107,1,Salamanca,5740,312000,Piso,1.0,1.0,59.0,,0,3
9108,1,Salamanca,5740,2450000,Piso,3.0,4.0,223.0,,0,3
9109,1,Salamanca,5740,177000,Piso,,1.0,39.0,5.0,0,3
9110,1,Salamanca,5740,530000,Piso,4.0,2.0,144.0,5.0,0,3
9111,1,Salamanca,5740,800000,Dúplex,3.0,3.0,160.0,5.0,0,3
9112,1,Salamanca,5740,222000,Piso,3.0,1.0,115.0,5.0,0,3
9113,1,Salamanca,5740,1220700,Piso,6.0,2.0,211.0,1.0,0,3
9114,1,Salamanca,5740,1125000,Piso,4.0,2.0,189.0,2.0,0,3
9115,1,Salamanca,5740,103400,Piso,2.0,1.0,51.0,1.0,0,3
9116,1,Salamanca,5740,1495000,Piso,4.0,3.0,210.0,3.0,0,3
9117,1,Salamanca,5740,443000,Piso,3.0,2.0,104.0,2.0,1,3
9118,1,Salamanca,5740,435000,Piso,2.0,2.0,52.0,1.0,0,3
9119,1,Salamanca,5740,269000,Piso,2.0,1.0,60.0,2.0,0,3
9120,1,Salamanca,5740,1490000,Piso,4.0,3.0,210.0,3.0,0,3
9121,1,Salamanca,5740,900000,Piso,2.0,2.0,126.0,4.0,0,3
9122,1,Salamanca,5740,520000,Piso,3.0,1.0,80.0,6.0,0,3
9123,1,Salamanca,5740,1650000,Ático,3.0,3.0,231.0,,1,3
9124,1,Salamanca,5740,1390000,Piso,5.0,3.0,155.0,3.0,0,3
9125,1,Salamanca,5740,750000,Piso,4.0,2.0,181.0,7.0,1,3
9126,1,Salamanca,5740,966000,Ático,3.0,3.0,219.0,,1,3
9127,1,Salamanca,5740,435000,Piso,2.0,1.0,58.0,1.0,0,3
9128,1,Salamanca,5740,849000,Piso,3.0,2.0,178.0,,0,3
9129,1,Salamanca,5740,265000,Piso,1.0,1.0,37.0,5.0,0,3
9130,1,Salamanca,5740,490000,Piso,2.0,2.0,101.0,3.0,1,3
9131,1,Salamanca,5740,878800,Piso,4.0,2.0,150.0,1.0,0,3
9132,1,Salamanca,5740,359000,Piso,1.0,1.0,49.0,4.0,0,3
9133,1,Salamanca,5740,103400,Piso,2.0,1.0,51.0,1.0,0,3
9134,1,Salamanca,5740,1100000,Piso,3.0,2.0,166.0,6.0,0,3
9135,1,Salamanca,5740,185000,Estudio,,1.0,50.0,1.0,0,3
9136,1,Salamanca,5740,770000,Piso,2.0,1.0,115.0,1.0,0,3
9137,1,Salamanca,5740,152520,Piso,1.0,1.0,34.0,,0,3
9138,1,Salamanca,5740,660000,Piso,4.0,2.0,145.0,4.0,0,3
9139,1,Salamanca,5740,120000,Piso,2.0,1.0,63.0,1.0,0,3
9140,1,Salamanca,5740,199000,Apartamento,1.0,1.0,30.0,2.0,0,3
9141,1,Salamanca,5740,435000,Piso,2.0,2.0,52.0,1.0,0,3
9142,1,Salamanca,5740,800000,Dúplex,3.0,3.0,160.0,5.0,0,3
9143,1,Salamanca,5740,2400000,Piso,3.0,5.0,218.0,5.0,0,3
9144,1,Salamanca,5740,195000,Piso,1.0,1.0,74.0,,0,3
9145,1,Salamanca,5740,475000,Piso,5.0,2.0,130.0,,1,3
9146,1,Salamanca,5740,625000,Piso,3.0,2.0,124.0,2.0,1,3
9147,1,Salamanca,5740,695000,Piso,3.0,2.0,185.0,1.0,0,3
9148,1,Salamanca,5740,1025000,Piso,2.0,2.0,142.0,3.0,0,3
9149,1,Salamanca,5740,221000,Piso,2.0,1.0,75.0,1.0,1,3
9150,1,Salamanca,5740,435000,Piso,2.0,1.0,58.0,1.0,0,3
9151,1,Salamanca,5740,1600000,Piso,4.0,3.0,298.0,13.0,0,3
9152,1,Salamanca,5740,898000,Piso,3.0,2.0,138.0,5.0,0,3
9153,1,Salamanca,5740,199000,Apartamento,1.0,1.0,30.0,2.0,0,3
9154,1,Salamanca,5740,149900,Piso,1.0,1.0,36.0,4.0,0,3
9155,1,Salamanca,5740,850000,Piso,3.0,2.0,160.0,1.0,0,3
9156,1,Salamanca,5740,265000,Piso,1.0,1.0,37.0,5.0,0,3
9157,1,Salamanca,5740,4350000,Piso,5.0,10.0,404.0,2.0,1,3
9158,1,Salamanca,5740,1590000,Dúplex,3.0,3.0,206.0,,0,3
9159,1,Salamanca,5740,149000,Piso,1.0,1.0,54.0,,0,3
9160,1,Salamanca,5740,720000,Piso,3.0,2.0,130.0,1.0,0,3
9161,1,Salamanca,5740,849000,Piso,3.0,2.0,178.0,,0,3
9162,1,Salamanca,5740,415000,Piso,3.0,2.0,101.0,4.0,0,3
9163,1,Salamanca,5740,990000,Piso,,2.0,212.0,1.0,0,3
9164,1,Salamanca,5740,103400,Piso,2.0,1.0,51.0,1.0,0,3
9165,1,Salamanca,5740,249000,Piso,2.0,1.0,58.0,2.0,0,3
9166,1,Salamanca,5740,1330000,Piso,4.0,3.0,218.0,1.0,0,3
9167,1,Salamanca,5740,849000,Piso,3.0,2.0,178.0,,0,3
9168,1,Salamanca,5740,106000,Piso,3.0,1.0,66.0,2.0,0,3
9169,1,Salamanca,5740,849000,Piso,3.0,2.0,178.0,,0,3
9170,1,Salamanca,5740,380000,Piso,2.0,2.0,53.0,2.0,0,3
9171,1,Salamanca,5740,402900,Piso,2.0,1.0,91.0,1.0,0,3
9172,1,Salamanca,5740,225000,Piso,1.0,1.0,46.0,2.0,0,3
9173,1,Salamanca,5740,245000,Piso,3.0,1.0,64.0,4.0,0,3
9174,1,Salamanca,5740,2530200,Casa o chalet,3.0,3.0,642.0,,0,3
9175,1,Salamanca,5740,898000,Piso,3.0,2.0,138.0,5.0,0,3
9176,1,Salamanca,5740,525000,Piso,2.0,2.0,99.0,4.0,0,3
9177,1,Salamanca,5740,103400,Piso,2.0,1.0,51.0,1.0,0,3
9178,1,Salamanca,5740,435000,Piso,2.0,2.0,52.0,1.0,0,3
9179,1,Salamanca,5740,2985000,Piso,5.0,6.0,394.0,,1,3
9180,1,Salamanca,5740,530000,Piso,3.0,3.0,130.0,,1,3
9181,1,Salamanca,5740,747000,Ático,3.0,2.0,229.0,5.0,1,3
9182,1,Salamanca,5740,230000,Apartamento,1.0,1.0,52.0,,0,3
9183,1,Salamanca,5740,975000,Piso,3.0,3.0,177.0,3.0,1,3
9184,1,Salamanca,5740,270000,Piso,3.0,1.0,83.0,1.0,0,3
9185,1,Salamanca,5740,160000,Piso,3.0,1.0,64.0,1.0,0,3
9186,1,Salamanca,5740,135000,Piso,2.0,1.0,46.0,,0,3
9187,1,Salamanca,5740,625000,Piso,3.0,2.0,124.0,2.0,1,3
9188,1,Salamanca,5740,103400,Piso,2.0,1.0,51.0,1.0,0,3
9189,1,Salamanca,5740,630000,Piso,3.0,2.0,104.0,,1,3
9190,1,Salamanca,5740,160000,Piso,3.0,1.0,62.0,3.0,0,3
9191,1,Salamanca,5740,435000,Piso,2.0,2.0,52.0,1.0,0,3
9192,1,Salamanca,5740,103400,Piso,2.0,1.0,51.0,1.0,0,3
9193,1,Salamanca,5740,845000,Piso,3.0,2.0,114.0,2.0,0,3
9194,1,Salamanca,5740,985000,Piso,2.0,2.0,116.0,2.0,0,3
9195,1,Salamanca,5740,140000,Piso,2.0,1.0,65.0,,0,3
9196,1,Salamanca,5740,825000,Piso,3.0,4.0,126.0,3.0,0,3
9197,1,Salamanca,5740,1399000,Piso,5.0,4.0,330.0,9.0,1,3
9198,1,Salamanca,5740,1267000,Piso,4.0,3.0,166.0,4.0,0,3
9199,1,Salamanca,5740,125000,Apartamento,1.0,1.0,35.0,,0,3
9200,1,Salamanca,5740,1425000,Piso,4.0,4.0,238.0,2.0,0,3
9201,1,Salamanca,5740,1895000,Piso,4.0,6.0,165.0,6.0,0,3
9202,1,Salamanca,5740,898000,Piso,3.0,2.0,138.0,5.0,0,3
9203,1,Salamanca,5740,345000,Piso,4.0,2.0,97.0,1.0,0,3
9204,1,Salamanca,5740,625000,Piso,3.0,2.0,124.0,2.0,1,3
9205,1,Salamanca,5740,159400,Piso,1.0,1.0,48.0,,0,3
9206,1,Salamanca,5740,435000,Piso,2.0,1.0,58.0,1.0,0,3
9207,1,Salamanca,5740,1630000,Casa o chalet,4.0,5.0,443.0,,1,3
9208,1,Salamanca,5740,798000,Piso,2.0,2.0,115.0,3.0,0,3
9209,1,Salamanca,5740,1250000,Piso,2.0,2.0,125.0,,0,3
9210,1,Salamanca,5740,800000,Piso,3.0,2.0,110.0,4.0,0,3
9211,1,Salamanca,5740,435000,Piso,2.0,2.0,52.0,1.0,0,3
9212,1,Salamanca,5740,443000,Piso,3.0,2.0,104.0,2.0,1,3
9213,1,Salamanca,5740,222000,Piso,2.0,1.0,92.0,,1,3
9214,1,Salamanca,5740,329700,Piso,3.0,1.0,58.0,,0,3
9215,1,Salamanca,5740,4350000,Piso,5.0,10.0,404.0,2.0,1,3
9216,1,Salamanca,5740,625000,Piso,3.0,2.0,124.0,2.0,1,3
9217,1,Salamanca,5740,4350000,Piso,5.0,10.0,404.0,2.0,1,3
9218,1,Salamanca,5740,249500,Piso,3.0,2.0,110.0,,1,3
9219,1,Salamanca,5740,824990,Piso,3.0,2.0,152.0,3.0,0,3
9220,1,Salamanca,5740,849000,Piso,3.0,2.0,178.0,,0,3
9221,1,Salamanca,5740,269000,Piso,1.0,1.0,36.0,1.0,0,3
9222,1,Salamanca,5740,435000,Piso,2.0,1.0,58.0,1.0,0,3
9223,1,Salamanca,5740,103400,Piso,2.0,1.0,51.0,1.0,0,3
9224,1,Salamanca,5740,695000,Piso,4.0,3.0,113.0,1.0,1,3
9225,1,Salamanca,5740,650000,Piso,3.0,1.0,98.0,2.0,0,3
9226,1,Salamanca,5740,849000,Piso,3.0,2.0,178.0,,0,3
9227,1,Salamanca,5740,102000,Piso,1.0,1.0,42.0,,0,3
9228,1,Salamanca,5740,103400,Piso,2.0,1.0,51.0,1.0,0,3
9229,1,Salamanca,5740,330000,Piso,2.0,2.0,60.0,,0,3
9230,1,Salamanca,5740,800000,Dúplex,3.0,3.0,160.0,5.0,0,3
9231,1,Salamanca,5740,800000,Dúplex,3.0,3.0,160.0,5.0,0,3
9232,1,Salamanca,5740,898000,Piso,3.0,2.0,138.0,5.0,0,3
9233,1,Salamanca,5740,148000,Piso,3.0,1.0,70.0,1.0,0,3
9234,1,Salamanca,5740,385000,Piso,3.0,1.0,85.0,9.0,1,3
9235,1,Salamanca,5740,370000,Piso,4.0,3.0,153.0,1.0,0,3
9236,1,Salamanca,5740,435000,Piso,2.0,1.0,58.0,1.0,0,3
9237,1,Salamanca,5740,199000,Apartamento,1.0,1.0,30.0,2.0,0,3
9238,1,Salamanca,5740,820000,Piso,2.0,3.0,184.0,4.0,0,3
9239,1,Salamanca,5740,625000,Piso,3.0,2.0,124.0,2.0,1,3
9240,1,Salamanca,5740,249000,Piso,2.0,1.0,58.0,2.0,0,3
9241,1,Salamanca,5740,490000,Piso,3.0,1.0,82.0,3.0,1,3
9242,1,Salamanca,5740,1390000,Piso,5.0,3.0,155.0,3.0,0,3
9243,1,Salamanca,5740,450000,Apartamento,1.0,1.0,72.0,,0,3
9244,1,Salamanca,5740,430000,Ático,2.0,1.0,57.0,9.0,0,3
9245,1,Salamanca,5740,1500000,Piso,4.0,3.0,292.0,5.0,0,3
9246,1,Salamanca,5740,1025000,Piso,2.0,2.0,142.0,3.0,0,3
9247,1,Salamanca,5740,130000,Piso,3.0,1.0,53.0,,0,3
9248,1,Salamanca,5740,103400,Piso,2.0,1.0,51.0,1.0,0,3
9249,1,Salamanca,5740,1250000,Piso,4.0,3.0,195.0,6.0,0,3
9250,1,Salamanca,5740,556000,Piso,3.0,2.0,105.0,6.0,0,3
9251,1,Salamanca,5740,1290000,Piso,4.0,4.0,295.0,4.0,1,3
9252,1,Salamanca,5740,155000,Piso,1.0,1.0,32.0,,0,3
9253,1,Salamanca,5740,249000,Piso,2.0,1.0,58.0,2.0,0,3
9254,1,Salamanca,5740,200000,Piso,2.0,1.0,45.0,,0,3
9255,1,Salamanca,5740,2000000,Piso,5.0,4.0,278.0,3.0,1,3
9256,1,Salamanca,5740,1490000,Piso,4.0,3.0,210.0,3.0,0,3
9257,1,Salamanca,5740,1350000,Piso,3.0,2.0,165.0,3.0,0,3
9258,1,Salamanca,5740,249000,Piso,2.0,1.0,58.0,2.0,0,3
9259,1,Salamanca,5740,117500,Piso,1.0,1.0,38.0,,0,3
9260,1,Salamanca,5740,1080000,Ático,4.0,3.0,264.0,7.0,0,3
9261,1,Salamanca,5740,878800,Piso,4.0,2.0,168.0,1.0,0,3
9262,1,Salamanca,5740,595000,Piso,3.0,1.0,129.0,1.0,0,3
9263,1,Salamanca,5740,249000,Piso,2.0,1.0,76.0,4.0,0,3
9264,1,Salamanca,5740,435000,Piso,2.0,1.0,58.0,1.0,0,3
9265,1,Salamanca,5740,530000,Piso,4.0,2.0,144.0,5.0,0,3
9266,1,Salamanca,5740,530000,Piso,4.0,2.0,144.0,5.0,0,3
9267,1,Salamanca,5740,849000,Piso,3.0,2.0,178.0,,0,3
9268,1,Salamanca,5740,800000,Dúplex,3.0,3.0,160.0,5.0,0,3
9269,1,Salamanca,5740,220000,Piso,1.0,1.0,120.0,,0,3
9270,1,Salamanca,5740,565000,Piso,2.0,2.0,120.0,3.0,1,3
9271,1,Salamanca,5740,235000,Estudio,,1.0,42.0,3.0,0,3
9272,1,Salamanca,5740,4350000,Piso,5.0,10.0,404.0,2.0,1,3
9273,1,Salamanca,5740,295000,Piso,1.0,2.0,60.0,2.0,0,3
9274,1,Salamanca,5740,2490000,Piso,5.0,6.0,422.0,,1,3
9275,1,Salamanca,5740,625000,Piso,3.0,2.0,124.0,2.0,1,3
9276,1,Salamanca,5740,445000,Dúplex,3.0,2.0,109.0,3.0,0,3
9277,1,Salamanca,5740,106000,Piso,3.0,1.0,66.0,2.0,0,3
9278,1,Salamanca,5740,1595000,Piso,4.0,3.0,247.0,1.0,0,3
9279,1,Salamanca,5740,590000,Piso,3.0,2.0,129.0,1.0,0,3
9280,1,Salamanca,5740,690000,Piso,4.0,2.0,147.0,1.0,0,3
9281,1,Salamanca,5740,249000,Piso,2.0,1.0,58.0,2.0,0,3
9282,1,Salamanca,5740,4350000,Piso,5.0,10.0,404.0,2.0,1,3
9283,1,Salamanca,5740,1400000,Piso,3.0,2.0,160.0,1.0,0,3
9284,1,Salamanca,5740,779000,Piso,2.0,3.0,116.0,1.0,0,3
9285,1,Salamanca,5740,435000,Piso,2.0,2.0,52.0,1.0,0,3
9286,1,Salamanca,5740,138020,Piso,3.0,1.0,79.0,4.0,0,3
9287,1,Salamanca,5740,139000,Piso,2.0,1.0,60.0,2.0,0,3
9288,1,Salamanca,5740,112900,Piso,3.0,1.0,50.0,3.0,0,3
9289,1,Salamanca,5740,470000,Piso,3.0,2.0,105.0,,1,3
9290,1,Salamanca,5740,849000,Piso,3.0,2.0,178.0,,0,3
9291,1,Salamanca,5740,800000,Dúplex,3.0,3.0,160.0,5.0,0,3
9292,1,Salamanca,5740,3200000,Piso,4.0,4.0,394.0,,1,3
9293,1,Salamanca,5740,1665000,Piso,3.0,2.0,233.0,5.0,0,3
9294,1,Salamanca,5740,149900,Piso,3.0,2.0,115.0,8.0,0,3
9295,1,Salamanca,5740,800000,Dúplex,3.0,3.0,160.0,5.0,0,3
9296,1,Salamanca,5740,97000,Piso,2.0,1.0,54.0,3.0,0,3
9297,1,Salamanca,5740,385000,Piso,3.0,1.0,85.0,9.0,1,3
9298,1,Salamanca,5740,798000,Piso,2.0,2.0,115.0,3.0,0,3
9299,1,Salamanca,5740,849000,Piso,3.0,2.0,178.0,,0,3
9300,1,Salamanca,5740,106000,Piso,3.0,1.0,66.0,2.0,0,3
9301,1,Salamanca,5740,1900000,Piso,4.0,4.0,335.0,5.0,1,3
9302,1,Salamanca,5740,140000,Piso,1.0,1.0,32.0,,0,3
9303,1,Salamanca,5740,199000,Apartamento,1.0,1.0,30.0,2.0,0,3
9304,1,Salamanca,5740,105000,Piso,3.0,1.0,53.0,1.0,0,3
9305,1,Salamanca,5740,632400,Piso,4.0,3.0,171.0,3.0,0,3
9306,1,Salamanca,5740,2900000,Ático,4.0,4.0,347.0,7.0,0,3
9307,1,Salamanca,5740,265000,Piso,1.0,1.0,37.0,5.0,0,3
9308,1,Salamanca,5740,625000,Piso,3.0,2.0,124.0,2.0,1,3
9309,1,Salamanca,5740,559000,Piso,4.0,2.0,152.0,2.0,1,3
9310,1,Salamanca,5740,235000,Estudio,,1.0,42.0,3.0,0,3
9311,1,Salamanca,5740,620000,Ático,3.0,2.0,95.0,,0,3
9312,1,Salamanca,5740,249000,Piso,2.0,1.0,58.0,2.0,0,3
9313,1,Salamanca,5740,249000,Piso,2.0,1.0,58.0,2.0,0,3
9314,1,Salamanca,5740,2850000,Piso,4.0,4.0,263.0,1.0,0,3
9315,1,Salamanca,5740,730000,Piso,3.0,2.0,79.0,,0,3
9316,1,Salamanca,5740,103400,Piso,2.0,1.0,51.0,1.0,0,3
9317,1,Salamanca,5740,4350000,Piso,5.0,5.0,400.0,,0,3
9318,1,Salamanca,5740,135000,Piso,3.0,1.0,72.0,3.0,0,3
9319,1,Salamanca,5740,1490000,Piso,4.0,3.0,210.0,3.0,0,3
9320,1,Salamanca,5740,339000,Ático,2.0,1.0,50.0,7.0,0,3
9321,1,Salamanca,5740,475000,Piso,2.0,1.0,99.0,,0,3
9322,1,Salamanca,5740,199000,Apartamento,1.0,1.0,30.0,2.0,0,3
9323,1,Salamanca,5740,800000,Dúplex,3.0,3.0,160.0,5.0,0,3
9324,1,Salamanca,5740,780000,Piso,3.0,3.0,152.0,3.0,0,3
9325,1,Salamanca,5740,1100000,Piso,4.0,2.0,250.0,2.0,1,3
9326,1,Salamanca,5740,103400,Piso,2.0,1.0,51.0,1.0,0,3
9327,1,Salamanca,5740,3100000,Piso,4.0,5.0,269.0,2.0,0,3
9328,1,Salamanca,5740,620000,Piso,4.0,3.0,163.0,3.0,1,3
9329,1,Salamanca,5740,470000,Ático,1.0,1.0,54.0,5.0,0,3
9330,1,Salamanca,5740,258000,Piso,3.0,2.0,95.0,3.0,1,3
9331,1,Salamanca,5740,435000,Piso,2.0,2.0,52.0,1.0,0,3
9332,1,Salamanca,5740,1550000,Piso,3.0,4.0,211.0,1.0,0,3
9333,1,Salamanca,5740,103400,Piso,2.0,1.0,51.0,1.0,0,3
9334,1,Salamanca,5740,340000,Piso,2.0,1.0,49.0,1.0,0,3
9335,1,Salamanca,5740,435000,Piso,2.0,2.0,52.0,1.0,0,3
9336,1,Salamanca,5740,530000,Piso,2.0,2.0,104.0,4.0,1,3
9337,1,Salamanca,5740,1600000,Piso,2.0,2.0,162.0,8.0,1,3
9338,1,Salamanca,5740,410000,Piso,3.0,2.0,106.0,3.0,0,3
9339,1,Salamanca,5740,235000,Piso,2.0,1.0,65.0,,0,3
9340,1,Salamanca,5740,530000,Piso,4.0,2.0,144.0,5.0,0,3
9341,1,Salamanca,5740,149000,Estudio,,1.0,41.0,,0,3
9342,1,Salamanca,5740,260000,Piso,2.0,1.0,80.0,,0,3
9343,1,Salamanca,5740,435000,Piso,2.0,2.0,52.0,1.0,0,3
9344,1,Salamanca,5740,780000,Piso,5.0,3.0,232.0,5.0,1,3
9345,1,Salamanca,5740,142000,Apartamento,1.0,1.0,22.0,,0,3
9346,1,Salamanca,5740,530000,Piso,4.0,2.0,144.0,5.0,0,3
9347,1,Salamanca,5740,103400,Piso,2.0,1.0,51.0,1.0,0,3
9348,1,Salamanca,5740,249000,Piso,2.0,1.0,58.0,2.0,0,3
9349,1,Salamanca,5740,800000,Dúplex,3.0,3.0,160.0,5.0,0,3
9350,1,Salamanca,5740,550000,Piso,,2.0,154.0,,1,3
9351,1,Salamanca,5740,1490000,Piso,3.0,3.0,184.0,3.0,1,3
9352,1,Salamanca,5740,222000,Estudio,,1.0,38.0,3.0,0,3
9353,1,Salamanca,5740,1695000,Ático,4.0,4.0,295.0,,0,3
9354,1,Salamanca,5740,4350000,Piso,5.0,6.0,483.0,2.0,1,3
9355,1,Salamanca,5740,350000,Piso,2.0,1.0,55.0,,0,3
9356,1,Salamanca,5740,898000,Piso,3.0,2.0,138.0,5.0,0,3
9357,1,Salamanca,5740,650000,Piso,4.0,2.0,184.0,3.0,1,3
9358,1,Salamanca,5740,285000,Piso,2.0,1.0,70.0,,0,3
9359,1,Salamanca,5740,1025000,Piso,2.0,2.0,142.0,3.0,0,3
9360,1,Salamanca,5740,222000,Piso,3.0,1.0,115.0,5.0,0,3
9361,1,Salamanca,5740,103400,Piso,2.0,1.0,51.0,1.0,0,3
9362,1,Salamanca,5740,103400,Piso,2.0,1.0,51.0,1.0,0,3
9363,1,Salamanca,5740,720000,Piso,5.0,2.0,133.0,5.0,1,3
9364,1,Salamanca,5740,1025000,Piso,2.0,2.0,142.0,3.0,0,3
9365,1,Salamanca,5740,284000,Piso,2.0,1.0,73.0,3.0,0,3
9366,1,Salamanca,5740,265000,Piso,1.0,1.0,37.0,5.0,0,3
9367,1,Salamanca,5740,447000,Piso,4.0,2.0,127.0,4.0,0,3
9368,1,Salamanca,5740,265000,Piso,1.0,1.0,37.0,5.0,0,3
9369,1,Salamanca,5740,1395000,Piso,4.0,2.0,181.0,,1,3
9370,1,Salamanca,5740,495000,Piso,,2.0,122.0,,0,3
9371,1,Salamanca,5740,1399000,Piso,4.0,3.0,218.0,6.0,1,3
9372,1,Salamanca,5740,495000,Apartamento,,1.0,75.0,,0,3
9373,1,Salamanca,5740,3500000,Casa o chalet,4.0,5.0,541.0,,1,3
9374,1,Salamanca,5740,164900,Piso,2.0,1.0,85.0,,1,3
9375,1,Salamanca,5740,849000,Piso,3.0,2.0,178.0,,0,3
9376,1,Salamanca,5740,965000,Piso,3.0,2.0,149.0,4.0,0,3
9377,1,Salamanca,5740,1300000,Piso,4.0,3.0,227.0,1.0,1,3
9378,1,Salamanca,5740,162000,Piso,4.0,1.0,87.0,,0,3
9379,1,Salamanca,5740,1490000,Piso,4.0,3.0,210.0,3.0,0,3
9380,1,Salamanca,5740,1390000,Piso,4.0,3.0,220.0,4.0,0,3
9381,1,Salamanca,5740,800000,Dúplex,3.0,3.0,160.0,5.0,0,3
9382,1,Salamanca,5740,632400,Piso,4.0,3.0,171.0,3.0,0,3
9383,1,Salamanca,5740,235000,Estudio,,1.0,42.0,3.0,0,3
9384,1,Salamanca,5740,3450000,Piso,3.0,4.0,251.0,,0,3
9385,1,Salamanca,5740,900000,Piso,2.0,2.0,126.0,4.0,0,3
9386,1,Salamanca,5740,1490000,Piso,4.0,3.0,210.0,3.0,0,3
9387,1,Salamanca,5740,630000,Piso,3.0,1.0,99.0,2.0,0,3
9388,1,Salamanca,5740,320000,Piso,3.0,2.0,84.0,1.0,0,3
9389,1,Salamanca,5740,138000,Apartamento,1.0,1.0,43.0,1.0,0,3
9390,1,Salamanca,5740,148000,Piso,2.0,1.0,72.0,6.0,0,3
9391,1,Salamanca,5740,1140000,Piso,4.0,3.0,273.0,2.0,0,3
9392,1,Salamanca,5740,265000,Piso,1.0,1.0,56.0,3.0,1,3
9393,1,Salamanca,5740,195000,Piso,3.0,1.0,95.0,4.0,0,3
9394,1,Salamanca,5740,895000,Piso,3.0,2.0,173.0,3.0,0,3
9395,1,Salamanca,5740,1500000,Piso,8.0,2.0,261.0,1.0,0,3
9396,1,Salamanca,5740,410000,Piso,2.0,2.0,50.0,3.0,0,3
9397,1,Salamanca,5740,1450000,Loft,4.0,2.0,413.0,,0,3
9398,1,Salamanca,5740,290000,Piso,1.0,1.0,50.0,,0,3
9399,1,Salamanca,5740,265000,Piso,1.0,1.0,37.0,5.0,0,3
9400,1,Salamanca,5740,4350000,Piso,5.0,10.0,404.0,2.0,1,3
9401,1,Salamanca,5740,1990000,Ático,4.0,4.0,297.0,,1,3
9402,1,Salamanca,5740,28100,Piso,1.0,1.0,22.0,,0,3
9403,1,Salamanca,5740,400000,Ático,1.0,1.0,50.0,7.0,0,3
9404,1,Salamanca,5740,1530000,Dúplex,3.0,3.0,170.0,2.0,1,3
9405,1,Salamanca,5740,111000,Piso,1.0,1.0,50.0,5.0,0,3
9406,1,Salamanca,5740,299900,Piso,3.0,2.0,98.0,,0,3
9407,1,Salamanca,5740,550000,Piso,3.0,2.0,108.0,1.0,1,3
9408,1,Salamanca,5740,878800,Piso,4.0,2.0,150.0,1.0,0,3
9409,1,Salamanca,5740,1490000,Piso,4.0,3.0,210.0,3.0,0,3
9410,1,Salamanca,5740,690000,Piso,3.0,1.0,77.0,7.0,0,3
9411,1,Salamanca,5740,2200000,Piso,4.0,5.0,290.0,4.0,0,3
9412,1,Salamanca,5740,190000,Piso,3.0,1.0,60.0,4.0,0,3
9413,1,Salamanca,5740,99000,Piso,2.0,1.0,65.0,3.0,0,3
9414,1,Salamanca,5740,1490000,Piso,4.0,3.0,210.0,3.0,0,3
9415,1,Salamanca,5740,122900,Piso,1.0,1.0,32.0,,1,3
9416,1,Salamanca,5740,535000,Piso,3.0,2.0,110.0,,0,3
9417,1,Salamanca,5740,258000,Piso,3.0,2.0,95.0,3.0,1,3
9418,1,Salamanca,5740,460000,Piso,4.0,2.0,137.0,,0,3
9419,1,Salamanca,5740,415000,Piso,2.0,2.0,72.0,,0,3
9420,1,Salamanca,5740,950000,Dúplex,5.0,5.0,344.0,1.0,1,3
9421,1,Salamanca,5740,1050000,Piso,5.0,5.0,244.0,5.0,0,3
9422,1,Salamanca,5740,435000,Piso,2.0,2.0,52.0,1.0,0,3
9423,1,Salamanca,5740,1100000,Piso,6.0,6.0,148.0,1.0,0,3
9424,1,Salamanca,5740,1950000,Piso,4.0,5.0,289.0,4.0,0,3
9425,1,Salamanca,5740,1490000,Piso,4.0,3.0,210.0,3.0,0,3
9426,1,Salamanca,5740,590000,Piso,3.0,2.0,158.0,1.0,1,3
9427,1,Salamanca,5740,900000,Piso,2.0,2.0,126.0,4.0,0,3
9428,1,Salamanca,5740,219000,Ático,2.0,2.0,65.0,2.0,1,3
9429,1,Salamanca,5740,275000,Piso,2.0,2.0,92.0,2.0,0,3
9430,1,Salamanca,5740,265000,Piso,1.0,1.0,37.0,5.0,0,3
9431,1,Salamanca,5740,4350000,Piso,5.0,10.0,404.0,2.0,1,3
9432,1,Salamanca,5740,800000,Dúplex,3.0,3.0,160.0,5.0,0,3
9433,1,Salamanca,5740,2980000,Casa adosada,5.0,5.0,354.0,,1,3
9434,1,Salamanca,5740,1195000,Piso,5.0,3.0,224.0,4.0,0,3
9435,1,Salamanca,5740,605000,Piso,5.0,2.0,180.0,1.0,0,3
9436,1,Salamanca,5740,849000,Piso,3.0,2.0,178.0,,0,3
9437,1,Salamanca,5740,435000,Piso,2.0,1.0,58.0,1.0,0,3
9438,1,Salamanca,5740,530000,Piso,3.0,2.0,95.0,,1,3
9439,1,Salamanca,5740,540000,Piso,4.0,2.0,171.0,1.0,0,3
9440,1,Salamanca,5740,178000,Piso,3.0,1.0,80.0,,0,3
9441,1,Salamanca,5740,800000,Dúplex,3.0,3.0,160.0,5.0,0,3
9442,1,Salamanca,5740,530000,Piso,4.0,2.0,144.0,5.0,0,3
9443,1,Salamanca,5740,2580000,Ático,4.0,5.0,257.0,,1,3
9444,1,Salamanca,5740,435000,Piso,2.0,1.0,58.0,1.0,0,3
9445,1,Salamanca,5740,435000,Piso,2.0,1.0,58.0,1.0,0,3
9446,1,Salamanca,5740,1570000,Dúplex,,5.0,354.0,,1,3
9447,1,Salamanca,5740,1102264,Piso,3.0,4.0,282.0,,1,3
9448,1,Salamanca,5740,435000,Piso,2.0,2.0,52.0,1.0,0,3
9449,1,Salamanca,5740,93000,Piso,1.0,1.0,30.0,1.0,0,3
9450,1,Salamanca,5740,103400,Piso,2.0,1.0,51.0,1.0,0,3
9451,1,Salamanca,5740,625000,Piso,3.0,2.0,124.0,2.0,1,3
9452,1,Salamanca,5740,625000,Piso,3.0,2.0,124.0,2.0,1,3
9453,1,Salamanca,5740,110000,Piso,3.0,1.0,59.0,,0,3
9454,1,Salamanca,5740,218000,Piso,3.0,1.0,71.0,2.0,0,3
9455,1,Salamanca,5740,625000,Piso,3.0,2.0,124.0,2.0,1,3
9456,1,Salamanca,5740,348000,Piso,3.0,1.0,102.0,,0,3
9457,1,Salamanca,5740,265000,Piso,1.0,1.0,37.0,5.0,0,3
9458,1,Salamanca,5740,550000,Piso,3.0,2.0,120.0,,0,3
9459,1,Salamanca,5740,650000,Piso,2.0,2.0,124.0,1.0,0,3
9460,1,Salamanca,5740,315000,Apartamento,1.0,1.0,36.0,4.0,0,3
9461,1,Salamanca,5740,800000,Dúplex,3.0,3.0,160.0,5.0,0,3
9462,1,Salamanca,5740,690000,Piso,4.0,2.0,147.0,5.0,0,3
9463,1,Salamanca,5740,898000,Piso,3.0,2.0,138.0,5.0,0,3
9464,1,Salamanca,5740,366400,Piso,3.0,1.0,78.0,6.0,0,3
9465,1,Salamanca,5740,890000,Piso,3.0,3.0,144.0,1.0,0,3
9466,1,Salamanca,5740,726000,Piso,3.0,2.0,139.0,1.0,0,3
9467,1,Salamanca,5740,878800,Piso,4.0,2.0,168.0,1.0,0,3
9468,1,Salamanca,5740,435000,Piso,2.0,2.0,52.0,1.0,0,3
9469,1,Salamanca,5740,129000,Piso,3.0,1.0,83.0,4.0,0,3
9470,1,Salamanca,5740,259900,Piso,3.0,2.0,110.0,4.0,1,3
9471,1,Salamanca,5740,437000,Piso,2.0,1.0,65.0,7.0,0,3
9472,1,Salamanca,5740,898000,Piso,3.0,2.0,138.0,5.0,0,3
9473,1,Salamanca,5740,210000,Piso,2.0,1.0,79.0,2.0,0,3
9474,1,Salamanca,5740,1495000,Piso,4.0,3.0,210.0,3.0,0,3
9475,1,Salamanca,5740,435000,Piso,2.0,1.0,58.0,1.0,0,3
9476,1,Salamanca,5740,530000,Piso,4.0,2.0,144.0,5.0,0,3
9477,1,Salamanca,5740,800000,Dúplex,3.0,3.0,160.0,5.0,0,3
9478,1,Salamanca,5740,625000,Piso,3.0,2.0,124.0,2.0,1,3
9479,1,Salamanca,5740,849000,Piso,3.0,2.0,178.0,,0,3
9480,1,Salamanca,5740,218000,Piso,1.0,1.0,47.0,,0,3
9481,1,Salamanca,5740,345000,Piso,3.0,1.0,89.0,,1,3
9482,1,Salamanca,5740,2700000,Piso,5.0,5.0,285.0,1.0,1,3
9483,1,Salamanca,5740,1950000,Casa adosada,6.0,5.0,382.0,,1,3
9484,1,Salamanca,5740,849000,Piso,3.0,2.0,178.0,,0,3
9485,1,Salamanca,5740,1975000,Casa o chalet,8.0,5.0,480.0,,0,3
9486,1,Salamanca,5740,749000,Ático,6.0,3.0,222.0,9.0,1,3
9487,1,Salamanca,5740,216000,Piso,1.0,1.0,57.0,2.0,0,3
9488,1,Salamanca,5740,1750000,Piso,3.0,3.0,379.0,1.0,0,3
9489,1,Salamanca,5740,940000,Piso,5.0,5.0,166.0,1.0,0,3
9490,1,Salamanca,5740,1026100,Piso,2.0,2.0,147.0,9.0,0,3
9491,1,Salamanca,5740,1050000,Piso,4.0,3.0,183.0,4.0,0,3
9492,1,Salamanca,5740,849000,Piso,3.0,2.0,178.0,,0,3
9493,1,Salamanca,5740,106000,Piso,3.0,1.0,66.0,2.0,0,3
9494,1,Salamanca,5740,219000,Piso,1.0,1.0,42.0,1.0,0,3
9495,1,Salamanca,5740,445000,Ático,2.0,1.0,95.0,5.0,0,3
9496,1,Salamanca,5740,145000,Piso,3.0,1.0,60.0,2.0,0,3
9497,1,Salamanca,5740,219000,Piso,1.0,1.0,45.0,2.0,0,3
9498,1,Salamanca,5740,570000,Piso,4.0,1.0,135.0,4.0,0,3
9499,1,Salamanca,5740,845000,Piso,2.0,2.0,100.0,3.0,0,3
9500,1,Salamanca,5740,849000,Piso,3.0,2.0,178.0,,0,3
9501,1,Salamanca,5740,985000,Casa adosada,7.0,6.0,259.0,,1,3
9502,1,Salamanca,5740,1175000,Piso,3.0,3.0,170.0,,0,3
9503,1,Salamanca,5740,1240000,Piso,3.0,5.0,165.0,,0,3
9504,1,Salamanca,5740,650000,Ático,3.0,3.0,98.0,4.0,0,3
9505,1,Salamanca,5740,825000,Piso,3.0,2.0,151.0,3.0,0,3
9506,1,Salamanca,5740,228000,Piso,2.0,1.0,63.0,2.0,0,3
9507,1,Salamanca,5740,2150000,Piso,5.0,5.0,350.0,1.0,0,3
9508,1,Salamanca,5740,2650000,Piso,3.0,3.0,335.0,5.0,0,3
9509,1,Salamanca,5740,265000,Piso,1.0,1.0,37.0,5.0,0,3
9510,1,Salamanca,5740,935000,Piso,3.0,2.0,145.0,4.0,0,3
9511,1,Salamanca,5740,625000,Piso,3.0,2.0,124.0,2.0,1,3
9512,1,Salamanca,5740,690000,Piso,5.0,2.0,138.0,4.0,0,3
9513,1,Salamanca,5740,890000,Casa adosada,3.0,2.0,208.0,,1,3
9514,1,Salamanca,5740,450000,Piso,2.0,2.0,92.0,2.0,1,3
9515,1,Salamanca,5740,3100000,Piso,4.0,4.0,269.0,2.0,0,3
9516,1,Salamanca,5740,435000,Piso,2.0,2.0,52.0,1.0,0,3
9517,1,Salamanca,5740,710000,Piso,4.0,2.0,175.0,4.0,0,3
9518,1,Salamanca,5740,1350000,Piso,4.0,3.0,203.0,,0,3
9519,1,Salamanca,5740,160000,Piso,1.0,1.0,26.0,2.0,0,3
9520,1,Salamanca,5740,250000,Piso,3.0,2.0,102.0,3.0,0,3
9521,1,Salamanca,5740,161200,Piso,3.0,1.0,82.0,4.0,0,3
9522,1,Salamanca,5740,1999900,Piso,5.0,6.0,405.0,1.0,0,3
9523,1,Salamanca,5740,980000,Ático,4.0,3.0,179.0,,1,3
9524,1,Salamanca,5740,898000,Piso,3.0,2.0,138.0,5.0,0,3
9525,1,Salamanca,5740,500000,Piso,4.0,2.0,101.0,6.0,0,3
9526,1,Salamanca,5740,898000,Piso,3.0,2.0,138.0,5.0,0,3
9527,1,Salamanca,5740,475000,Ático,2.0,1.0,93.0,6.0,1,3
9528,1,Salamanca,5740,2100000,Casa o chalet,7.0,4.0,439.0,,1,3
9529,1,Salamanca,5740,100000,Piso,2.0,1.0,63.0,,0,3
9530,1,Salamanca,5740,435000,Piso,2.0,1.0,58.0,1.0,0,3
9531,1,Salamanca,5740,530000,Piso,4.0,2.0,144.0,5.0,0,3
9532,1,Salamanca,5740,1095000,Piso,3.0,3.0,214.0,2.0,1,3
9533,1,Salamanca,5740,2400000,Piso,3.0,5.0,218.0,5.0,0,3
9534,1,Salamanca,5740,258000,Piso,3.0,2.0,95.0,3.0,1,3
9535,1,Salamanca,5740,1950000,Piso,3.0,4.0,209.0,4.0,0,3
9536,1,Salamanca,5740,798000,Piso,2.0,2.0,115.0,3.0,0,3
9537,1,Salamanca,5740,632400,Piso,4.0,3.0,171.0,3.0,0,3
9538,1,Salamanca,5740,530000,Piso,4.0,2.0,144.0,5.0,0,3
9539,1,Salamanca,5740,2700000,Piso,4.0,4.0,342.0,5.0,1,3
9540,1,Salamanca,5740,435000,Piso,2.0,2.0,52.0,1.0,0,3
9541,1,Salamanca,5740,74000,Piso,1.0,1.0,21.0,,0,3
9542,1,Salamanca,5740,167000,Piso,1.0,1.0,52.0,1.0,1,3
9543,1,Salamanca,5740,570000,Piso,5.0,2.0,130.0,1.0,0,3
9544,1,Salamanca,5740,1630000,Casa o chalet,,5.0,443.0,,1,3
9545,1,Salamanca,5740,126000,Piso,2.0,1.0,37.0,1.0,0,3
9546,1,Salamanca,5740,1175000,Piso,5.0,3.0,232.0,2.0,1,3
9547,1,Salamanca,5740,199000,Apartamento,1.0,1.0,30.0,2.0,0,3
9548,1,Salamanca,5740,350000,Estudio,,1.0,48.0,2.0,0,3
9549,1,Salamanca,5740,443000,Piso,3.0,2.0,104.0,2.0,1,3
9550,1,Salamanca,5740,415000,Piso,2.0,2.0,105.0,1.0,1,3
9551,1,Salamanca,5740,720000,Piso,5.0,2.0,133.0,5.0,1,3
9552,1,Salamanca,5740,296000,Piso,3.0,1.0,67.0,,0,3
9553,1,Salamanca,5740,103400,Piso,2.0,1.0,51.0,1.0,0,3
9554,1,Salamanca,5740,580000,Piso,3.0,2.0,110.0,3.0,0,3
9555,1,Salamanca,5740,530000,Piso,4.0,2.0,144.0,5.0,0,3
9556,1,Salamanca,5740,310000,Piso,2.0,2.0,85.0,,0,3
9557,1,Salamanca,5740,172000,Piso,1.0,1.0,51.0,4.0,0,3
9558,1,Salamanca,5740,540000,Piso,4.0,2.0,150.0,1.0,0,3
9559,1,Salamanca,5740,498900,Piso,3.0,2.0,97.0,1.0,1,3
9560,1,Salamanca,5740,2200000,Casa o chalet,4.0,5.0,312.0,,0,3
9561,1,Salamanca,5740,1295000,Piso,4.0,3.0,242.0,1.0,1,3
9562,1,Salamanca,5740,800000,Dúplex,3.0,3.0,160.0,5.0,0,3
9563,1,Salamanca,5740,1450000,Casa adosada,6.0,6.0,400.0,,1,3
9564,1,Salamanca,5740,2200000,Piso,4.0,3.0,348.0,2.0,0,3
9565,1,Salamanca,5740,1250000,Piso,4.0,4.0,310.0,2.0,0,3
9566,1,Salamanca,5740,816000,Ático,2.0,3.0,156.0,7.0,0,3
9567,1,Salamanca,5740,849000,Piso,3.0,2.0,178.0,,0,3
9568,1,Salamanca,5740,287370,Ático,2.0,2.0,90.0,3.0,0,3
9569,1,Salamanca,5740,177000,Piso,,1.0,39.0,5.0,0,3
9570,1,Salamanca,5740,878800,Piso,4.0,2.0,168.0,1.0,0,3
9571,1,Salamanca,5740,898000,Piso,3.0,2.0,138.0,5.0,0,3
9572,1,Salamanca,5740,443000,Piso,3.0,2.0,104.0,2.0,1,3
9573,1,Salamanca,5740,395000,Piso,2.0,1.0,85.0,2.0,0,3
9574,1,Salamanca,5740,144000,Dúplex,1.0,1.0,48.0,,0,3
9575,1,Salamanca,5740,296000,Piso,3.0,1.0,67.0,,0,3
9576,1,Salamanca,5740,4350000,Piso,5.0,5.0,400.0,,0,3
9577,1,Salamanca,5740,435000,Piso,2.0,2.0,52.0,1.0,0,3
9578,1,Salamanca,5740,2400000,Piso,6.0,4.0,335.0,,0,3
9579,1,Salamanca,5740,798000,Piso,2.0,2.0,115.0,3.0,0,3
9580,1,Salamanca,5740,395000,Apartamento,1.0,1.0,55.0,2.0,0,3
9581,1,Salamanca,5740,1220700,Piso,6.0,2.0,211.0,,0,3
9582,1,Salamanca,5740,250000,Piso,1.0,1.0,50.0,2.0,0,3
9583,1,Salamanca,5740,195000,Piso,3.0,2.0,85.0,3.0,0,3
9584,1,Salamanca,5740,265000,Piso,3.0,1.0,58.0,1.0,0,3
9585,1,Salamanca,5740,940000,Piso,5.0,5.0,155.0,2.0,0,3
9586,1,Salamanca,5740,825000,Piso,4.0,2.0,145.0,3.0,1,3
9587,1,Salamanca,5740,315000,Piso,2.0,1.0,75.0,1.0,0,3
9588,1,Salamanca,5740,849000,Piso,3.0,2.0,178.0,,0,3
9589,1,Salamanca,5740,435000,Piso,2.0,1.0,58.0,1.0,0,3
9590,1,Salamanca,5740,1490000,Piso,4.0,3.0,210.0,3.0,0,3
9591,1,Salamanca,5740,238000,Piso,3.0,1.0,69.0,2.0,0,3
9592,1,Salamanca,5740,797000,Piso,5.0,3.0,225.0,,1,3
9593,1,Salamanca,5740,256000,Piso,2.0,2.0,57.0,,0,3
9594,1,Salamanca,5740,265000,Piso,1.0,1.0,37.0,5.0,0,3
9595,1,Salamanca,5740,435000,Piso,2.0,2.0,52.0,1.0,0,3
9596,1,Salamanca,5740,103400,Piso,2.0,1.0,51.0,1.0,0,3
9597,1,Salamanca,5740,410960,Piso,2.0,1.0,86.0,6.0,0,3
9598,1,Salamanca,5740,735000,Piso,4.0,2.0,213.0,7.0,0,3
9599,1,Salamanca,5740,770000,Dúplex,2.0,1.0,115.0,1.0,0,3
9600,1,Salamanca,5740,106000,Piso,3.0,1.0,66.0,2.0,0,3
9601,1,Salamanca,5740,898000,Piso,3.0,2.0,138.0,5.0,0,3
9602,1,Salamanca,5740,385000,Piso,3.0,1.0,85.0,9.0,1,3
9603,1,Salamanca,5740,435000,Piso,2.0,2.0,52.0,1.0,0,3
9604,1,Salamanca,5740,435000,Piso,2.0,2.0,52.0,1.0,0,3
9605,1,Salamanca,5740,435000,Piso,2.0,1.0,58.0,1.0,0,3
9606,1,Salamanca,5740,166500,Piso,3.0,1.0,83.0,2.0,0,3
9607,1,Salamanca,5740,1490000,Piso,4.0,3.0,210.0,3.0,0,3
9608,1,Salamanca,5740,1350000,Piso,4.0,4.0,227.0,1.0,1,3
9609,1,Salamanca,5740,375000,Piso,2.0,2.0,79.0,,0,3
9610,1,Salamanca,5740,288400,Piso,1.0,1.0,47.0,7.0,1,3
9611,1,Salamanca,5740,1150000,Piso,2.0,3.0,110.0,6.0,0,3
9612,1,Salamanca,5740,898000,Piso,3.0,2.0,138.0,5.0,0,3
9613,1,Salamanca,5740,180000,Piso,3.0,1.0,84.0,7.0,1,3
9614,1,Salamanca,5740,1025000,Piso,2.0,2.0,142.0,3.0,0,3
9615,1,Salamanca,5740,435000,Apartamento,2.0,1.0,58.0,1.0,0,3
9616,1,Salamanca,5740,200000,Piso,4.0,1.0,85.0,2.0,0,3
9617,1,Salamanca,5740,560000,Piso,4.0,3.0,160.0,,0,3
9618,1,Salamanca,5740,106000,Piso,3.0,1.0,66.0,2.0,0,3
9619,1,Salamanca,5740,2975000,Piso,3.0,3.0,288.0,6.0,0,3
9620,1,Salamanca,5740,135000,Piso,3.0,1.0,56.0,4.0,0,3
9621,1,Salamanca,5740,590000,Piso,3.0,2.0,122.0,5.0,0,3
9622,1,Salamanca,5740,849000,Piso,3.0,2.0,178.0,,0,3
9623,1,Salamanca,5740,255000,Piso,3.0,2.0,97.0,7.0,0,3
9624,1,Salamanca,5740,1190000,Piso,3.0,3.0,226.0,2.0,0,3
9625,14,San Blas,2558,266100,Piso,4.0,2.0,100.0,1.0,0,14
9626,14,San Blas,2558,296000,Piso,3.0,2.0,85.0,3.0,1,14
9627,14,San Blas,2558,159000,Piso,2.0,1.0,51.0,1.0,0,14
9628,14,San Blas,2558,285000,Piso,2.0,1.0,90.0,3.0,1,14
9629,14,San Blas,2558,325000,Piso,1.0,1.0,65.0,7.0,1,14
9630,14,San Blas,2558,192500,Piso,3.0,1.0,84.0,,0,14
9631,14,San Blas,2558,443000,Piso,3.0,2.0,104.0,2.0,1,14
9632,14,San Blas,2558,135000,Piso,3.0,1.0,70.0,,0,14
9633,14,San Blas,2558,285000,Piso,2.0,1.0,90.0,3.0,1,14
9634,14,San Blas,2558,114000,Piso,2.0,1.0,55.0,1.0,0,14
9635,14,San Blas,2558,490000,Casa o chalet,4.0,3.0,208.0,,0,14
9636,14,San Blas,2558,108900,Piso,2.0,1.0,55.0,,0,14
9637,14,San Blas,2558,152000,Apartamento,1.0,1.0,44.0,,0,14
9638,14,San Blas,2558,210000,Piso,1.0,1.0,64.0,2.0,1,14
9639,14,San Blas,2558,185000,Piso,2.0,1.0,83.0,,0,14
9640,14,San Blas,2558,166000,Piso,2.0,1.0,66.0,,0,14
9641,14,San Blas,2558,180000,Piso,2.0,1.0,79.0,,0,14
9642,14,San Blas,2558,2700000,Casa adosada,5.0,5.0,590.0,,1,14
9643,14,San Blas,2558,95000,Piso,3.0,1.0,32.0,,0,14
9644,14,San Blas,2558,250000,Piso,3.0,1.0,91.0,3.0,0,14
9645,14,San Blas,2558,277000,Piso,3.0,1.0,97.0,4.0,0,14
9646,14,San Blas,2558,152000,Apartamento,1.0,1.0,44.0,,0,14
9647,14,San Blas,2558,245000,Dúplex,1.0,2.0,88.0,2.0,1,14
9648,14,San Blas,2558,360000,Piso,2.0,2.0,127.0,1.0,1,14
9649,14,San Blas,2558,185000,Piso,2.0,1.0,60.0,,0,14
9650,14,San Blas,2558,220000,Piso,2.0,1.0,66.0,5.0,1,14
9651,14,San Blas,2558,203000,Piso,3.0,2.0,114.0,,0,14
9652,14,San Blas,2558,102000,Piso,3.0,1.0,70.0,4.0,0,14
9653,14,San Blas,2558,230000,Piso,2.0,1.0,70.0,,0,14
9654,14,San Blas,2558,650000,Casa adosada,4.0,4.0,326.0,,1,14
9655,14,San Blas,2558,405000,Piso,3.0,2.0,116.0,3.0,1,14
9656,14,San Blas,2558,130000,Piso,2.0,1.0,70.0,,0,14
9657,14,San Blas,2558,499000,Piso,2.0,2.0,88.0,4.0,0,14
9658,14,San Blas,2558,457000,Ático,2.0,2.0,96.0,3.0,1,14
9659,14,San Blas,2558,139800,Piso,2.0,2.0,68.0,1.0,0,14
9660,14,San Blas,2558,200500,Piso,2.0,1.0,63.0,12.0,0,14
9661,14,San Blas,2558,330000,Piso,3.0,1.0,78.0,1.0,0,14
9662,14,San Blas,2558,68500,Apartamento,1.0,1.0,22.0,,0,14
9663,14,San Blas,2558,210000,Piso,3.0,1.0,90.0,3.0,0,14
9664,14,San Blas,2558,550000,Casa adosada,5.0,3.0,180.0,,1,14
9665,14,San Blas,2558,118000,Piso,2.0,1.0,64.0,4.0,0,14
9666,14,San Blas,2558,285000,Piso,2.0,1.0,90.0,3.0,1,14
9667,14,San Blas,2558,360000,Piso,3.0,2.0,137.0,1.0,1,14
9668,14,San Blas,2558,118000,Piso,2.0,1.0,64.0,4.0,0,14
9669,14,San Blas,2558,105000,Piso,3.0,1.0,52.0,1.0,0,14
9670,14,San Blas,2558,489000,Piso,5.0,2.0,117.0,2.0,0,14
9671,14,San Blas,2558,185000,Piso,3.0,2.0,93.0,1.0,0,14
9672,14,San Blas,2558,152000,Apartamento,1.0,1.0,44.0,,0,14
9673,14,San Blas,2558,107000,Piso,,,56.0,,0,14
9674,14,San Blas,2558,118000,Piso,2.0,1.0,64.0,4.0,0,14
9675,14,San Blas,2558,159000,Piso,4.0,2.0,105.0,3.0,0,14
9676,14,San Blas,2558,495000,Piso,4.0,2.0,120.0,,1,14
9677,14,San Blas,2558,445000,Piso,3.0,2.0,100.0,5.0,1,14
9678,14,San Blas,2558,359000,Piso,2.0,2.0,120.0,2.0,1,14
9679,14,San Blas,2558,299000,Piso,4.0,2.0,137.0,1.0,1,14
9680,14,San Blas,2558,118000,Piso,2.0,1.0,64.0,4.0,0,14
9681,14,San Blas,2558,201000,Piso,1.0,1.0,44.0,,0,14
9682,14,San Blas,2558,177200,Piso,3.0,1.0,52.0,2.0,0,14
9683,14,San Blas,2558,99000,Piso,3.0,1.0,82.0,1.0,0,14
9684,14,San Blas,2558,99000,Piso,2.0,1.0,65.0,1.0,0,14
9685,14,San Blas,2558,148000,Piso,2.0,1.0,77.0,6.0,0,14
9686,14,San Blas,2558,140000,Piso,3.0,1.0,75.0,,0,14
9687,14,San Blas,2558,285000,Piso,2.0,1.0,90.0,3.0,1,14
9688,14,San Blas,2558,760000,Piso,2.0,2.0,82.0,4.0,0,14
9689,14,San Blas,2558,186000,Estudio,,1.0,37.0,2.0,0,14
9690,14,San Blas,2558,140000,Piso,1.0,1.0,51.0,2.0,0,14
9691,14,San Blas,2558,365000,Ático,2.0,1.0,98.0,5.0,1,14
9692,14,San Blas,2558,430000,Piso,4.0,3.0,122.0,3.0,0,14
9693,14,San Blas,2558,89000,Piso,3.0,1.0,82.0,,0,14
9694,14,San Blas,2558,1525000,Ático,4.0,3.0,220.0,9.0,1,14
9695,14,San Blas,2558,550000,Casa adosada,5.0,3.0,180.0,,1,14
9696,14,San Blas,2558,175000,Piso,1.0,1.0,39.0,1.0,1,14
9697,14,San Blas,2558,1080000,Ático,5.0,4.0,263.0,7.0,0,14
9698,14,San Blas,2558,133000,Piso,2.0,1.0,62.0,5.0,0,14
9699,14,San Blas,2558,500000,Apartamento,1.0,1.0,74.0,2.0,0,14
9700,14,San Blas,2558,185000,Piso,3.0,2.0,93.0,1.0,0,14
9701,14,San Blas,2558,292000,Piso,3.0,2.0,133.0,1.0,1,14
9702,14,San Blas,2558,443000,Piso,3.0,2.0,104.0,2.0,1,14
9703,14,San Blas,2558,360000,Piso,2.0,2.0,122.0,1.0,1,14
9704,14,San Blas,2558,100000,Piso,2.0,1.0,50.0,2.0,0,14
9705,14,San Blas,2558,115000,Piso,2.0,1.0,48.0,,0,14
9706,14,San Blas,2558,277000,Piso,3.0,1.0,97.0,4.0,0,14
9707,14,San Blas,2558,110000,Piso,3.0,1.0,62.0,4.0,0,14
9708,14,San Blas,2558,140000,Apartamento,1.0,1.0,45.0,,0,14
9709,14,San Blas,2558,60900,Piso,3.0,2.0,92.0,6.0,0,14
9710,14,San Blas,2558,1090000,Piso,2.0,3.0,186.0,,0,14
9711,14,San Blas,2558,299000,Piso,3.0,2.0,101.0,1.0,1,14
9712,14,San Blas,2558,122000,Piso,3.0,1.0,59.0,,0,14
9713,14,San Blas,2558,225000,Piso,1.0,1.0,34.0,,0,14
9714,14,San Blas,2558,118000,Piso,2.0,1.0,64.0,4.0,0,14
9715,14,San Blas,2558,194900,Piso,3.0,1.0,75.0,,0,14
9716,14,San Blas,2558,320000,Piso,3.0,2.0,102.0,1.0,0,14
9717,14,San Blas,2558,120000,Piso,2.0,1.0,60.0,2.0,0,14
9718,14,San Blas,2558,457000,Ático,2.0,2.0,96.0,3.0,1,14
9719,14,San Blas,2558,520000,Piso,3.0,2.0,225.0,,1,14
9720,14,San Blas,2558,279000,Piso,2.0,1.0,57.0,1.0,0,14
9721,14,San Blas,2558,185000,Piso,3.0,2.0,93.0,1.0,0,14
9722,14,San Blas,2558,550000,Casa adosada,5.0,3.0,180.0,,1,14
9723,14,San Blas,2558,443000,Piso,3.0,2.0,104.0,2.0,1,14
9724,14,San Blas,2558,490000,Piso,3.0,2.0,149.0,6.0,0,14
9725,14,San Blas,2558,153000,Piso,2.0,1.0,54.0,4.0,0,14
9726,14,San Blas,2558,443000,Piso,3.0,2.0,104.0,2.0,1,14
9727,14,San Blas,2558,190000,Piso,2.0,1.0,65.0,,0,14
9728,14,San Blas,2558,285000,Piso,2.0,1.0,90.0,3.0,1,14
9729,14,San Blas,2558,443000,Piso,3.0,2.0,104.0,2.0,1,14
9730,14,San Blas,2558,108000,Piso,3.0,1.0,58.0,5.0,0,14
9731,14,San Blas,2558,315000,Ático,2.0,1.0,70.0,9.0,0,14
9732,14,San Blas,2558,1950000,Piso,2.0,3.0,314.0,,0,14
9733,14,San Blas,2558,550000,Casa adosada,5.0,3.0,180.0,,1,14
9734,14,San Blas,2558,185000,Piso,3.0,2.0,93.0,1.0,0,14
9735,14,San Blas,2558,285000,Piso,2.0,1.0,90.0,3.0,1,14
9736,14,San Blas,2558,352000,Piso,3.0,1.0,122.0,2.0,0,14
9737,14,San Blas,2558,118000,Piso,2.0,1.0,64.0,4.0,0,14
9738,14,San Blas,2558,118000,Piso,2.0,1.0,64.0,4.0,0,14
9739,14,San Blas,2558,140000,Piso,3.0,1.0,75.0,,0,14
9740,14,San Blas,2558,100000,Piso,2.0,1.0,50.0,2.0,0,14
9741,14,San Blas,2558,91000,Loft,,1.0,48.0,,1,14
9742,14,San Blas,2558,285000,Piso,2.0,1.0,90.0,3.0,1,14
9743,14,San Blas,2558,137000,Piso,3.0,1.0,86.0,3.0,0,14
9744,14,San Blas,2558,165000,Piso,3.0,1.0,73.0,,0,14
9745,14,San Blas,2558,1100000,Casa adosada,5.0,5.0,480.0,,1,14
9746,14,San Blas,2558,207800,Piso,2.0,1.0,69.0,,0,14
9747,14,San Blas,2558,85000,Piso,1.0,1.0,37.0,,0,14
9748,14,San Blas,2558,2500000,Piso,4.0,4.0,300.0,4.0,1,14
9749,14,San Blas,2558,230000,Piso,2.0,1.0,70.0,,0,14
9750,14,San Blas,2558,730000,Casa o chalet,4.0,4.0,226.0,,1,14
9751,14,San Blas,2558,147500,Piso,3.0,1.0,62.0,,0,14
9752,14,San Blas,2558,118000,Piso,2.0,1.0,64.0,4.0,0,14
9753,14,San Blas,2558,348000,Piso,,1.0,85.0,1.0,0,14
9754,14,San Blas,2558,285000,Piso,2.0,1.0,90.0,3.0,1,14
9755,14,San Blas,2558,43700,Piso,2.0,2.0,75.0,6.0,0,14
9756,14,San Blas,2558,110000,Piso,3.0,1.0,56.0,,0,14
9757,14,San Blas,2558,187500,Piso,4.0,1.0,96.0,3.0,0,14
9758,14,San Blas,2558,265000,Piso,4.0,1.0,134.0,,0,14
9759,14,San Blas,2558,900000,Piso,2.0,2.0,107.0,2.0,0,14
9760,14,San Blas,2558,190000,Piso,3.0,1.0,90.0,,0,14
9761,14,San Blas,2558,239000,Piso,3.0,2.0,87.0,1.0,1,14
9762,14,San Blas,2558,43700,Piso,2.0,2.0,75.0,7.0,0,14
9763,14,San Blas,2558,538000,Apartamento,2.0,2.0,348.0,,1,14
9764,14,San Blas,2558,190890,Piso,3.0,1.0,93.0,3.0,0,14
9765,14,San Blas,2558,118000,Piso,2.0,1.0,64.0,4.0,0,14
9766,14,San Blas,2558,310000,Piso,4.0,2.0,105.0,1.0,0,14
9767,14,San Blas,2558,199000,Piso,1.0,1.0,53.0,3.0,0,14
9768,14,San Blas,2558,169000,Piso,2.0,1.0,60.0,3.0,0,14
9769,14,San Blas,2558,178000,Piso,3.0,1.0,58.0,3.0,0,14
9770,14,San Blas,2558,124000,Piso,2.0,1.0,45.0,2.0,0,14
9771,14,San Blas,2558,322000,Piso,2.0,2.0,87.0,2.0,1,14
9772,14,San Blas,2558,94000,Piso,2.0,1.0,49.0,1.0,0,14
9773,14,San Blas,2558,285000,Piso,2.0,1.0,90.0,3.0,1,14
9774,14,San Blas,2558,550000,Casa adosada,5.0,3.0,180.0,,1,14
9775,14,San Blas,2558,264000,Piso,3.0,2.0,104.0,1.0,1,14
9776,14,San Blas,2558,550000,Casa adosada,5.0,3.0,180.0,,1,14
9777,14,San Blas,2558,115900,Piso,1.0,1.0,40.0,,0,14
9778,14,San Blas,2558,189000,Estudio,1.0,1.0,52.0,,1,14
9779,14,San Blas,2558,320000,Piso,1.0,2.0,111.0,,1,14
9780,14,San Blas,2558,118000,Piso,2.0,1.0,64.0,4.0,0,14
9781,14,San Blas,2558,360000,Piso,3.0,2.0,124.0,1.0,1,14
9782,14,San Blas,2558,225000,Piso,3.0,2.0,116.0,4.0,0,14
9783,14,San Blas,2558,185000,Piso,3.0,2.0,93.0,1.0,0,14
9784,14,San Blas,2558,159000,Piso,2.0,1.0,102.0,2.0,0,14
9785,14,San Blas,2558,298600,Piso,3.0,1.0,98.0,,0,14
9786,14,San Blas,2558,109000,Piso,2.0,1.0,50.0,,0,14
9787,14,San Blas,2558,108000,Piso,3.0,1.0,60.0,,0,14
9788,14,San Blas,2558,165000,Apartamento,1.0,1.0,44.0,3.0,0,14
9789,14,San Blas,2558,300000,Piso,3.0,2.0,110.0,2.0,1,14
9790,14,San Blas,2558,285000,Piso,2.0,1.0,90.0,3.0,1,14
9791,14,San Blas,2558,415000,Piso,2.0,1.0,82.0,4.0,1,14
9792,14,San Blas,2558,311500,Piso,4.0,2.0,91.0,,0,14
9793,14,San Blas,2558,170000,Piso,2.0,1.0,90.0,6.0,0,14
9794,14,San Blas,2558,800000,Piso,3.0,2.0,110.0,4.0,0,14
9795,14,San Blas,2558,169000,Piso,2.0,1.0,45.0,,0,14
9796,14,San Blas,2558,360000,Piso,2.0,2.0,85.0,3.0,0,14
9797,14,San Blas,2558,135000,Ático,1.0,1.0,25.0,2.0,0,14
9798,14,San Blas,2558,720000,Casa adosada,3.0,3.0,170.0,,1,14
9799,14,San Blas,2558,152000,Apartamento,1.0,1.0,44.0,,0,14
9800,14,San Blas,2558,270000,Dúplex,1.0,2.0,132.0,,1,14
9801,14,San Blas,2558,103000,Piso,2.0,1.0,50.0,1.0,0,14
9802,14,San Blas,2558,285000,Piso,2.0,1.0,90.0,3.0,1,14
9803,14,San Blas,2558,285000,Piso,2.0,1.0,90.0,3.0,1,14
9804,14,San Blas,2558,118000,Piso,2.0,1.0,64.0,4.0,0,14
9805,14,San Blas,2558,118000,Piso,2.0,1.0,64.0,4.0,0,14
9806,14,San Blas,2558,1299000,Casa adosada,4.0,7.0,327.0,,1,14
9807,14,San Blas,2558,475000,Dúplex,3.0,4.0,217.0,,0,14
9808,14,San Blas,2558,142000,Piso,3.0,1.0,67.0,2.0,0,14
9809,14,San Blas,2558,215000,Piso,2.0,1.0,58.0,2.0,0,14
9810,14,San Blas,2558,199000,Piso,2.0,1.0,75.0,3.0,0,14
9811,14,San Blas,2558,100000,Piso,2.0,1.0,50.0,2.0,0,14
9812,14,San Blas,2558,259000,Piso,3.0,2.0,83.0,,0,14
9813,14,San Blas,2558,550000,Casa adosada,5.0,3.0,180.0,,1,14
9814,14,San Blas,2558,589000,Piso,4.0,2.0,179.0,5.0,0,14
9815,14,San Blas,2558,443000,Piso,3.0,2.0,104.0,2.0,1,14
9816,14,San Blas,2558,130000,Piso,3.0,1.0,70.0,2.0,0,14
9817,14,San Blas,2558,138535,Estudio,,1.0,55.0,2.0,0,14
9818,14,San Blas,2558,160000,Piso,3.0,1.0,82.0,,0,14
9819,14,San Blas,2558,185000,Piso,3.0,2.0,93.0,1.0,0,14
9820,14,San Blas,2558,145000,Piso,3.0,1.0,81.0,1.0,0,14
9821,14,San Blas,2558,165000,Piso,1.0,1.0,30.0,1.0,0,14
9822,14,San Blas,2558,135000,Piso,3.0,1.0,68.0,,0,14
9823,14,San Blas,2558,426000,Planta baja,3.0,2.0,197.0,,1,14
9824,14,San Blas,2558,118000,Piso,2.0,1.0,64.0,4.0,0,14
9825,14,San Blas,2558,102260,Piso,2.0,1.0,55.0,,0,14
9826,14,San Blas,2558,430000,Piso,2.0,2.0,90.0,,1,14
9827,14,San Blas,2558,152000,Apartamento,1.0,1.0,44.0,,0,14
9828,14,San Blas,2558,597000,Piso,5.0,4.0,170.0,1.0,1,14
9829,14,San Blas,2558,189000,Estudio,1.0,1.0,52.0,,1,14
9830,14,San Blas,2558,995000,Casa o chalet,5.0,4.0,289.0,,1,14
9831,14,San Blas,2558,189000,Estudio,1.0,1.0,52.0,,1,14
9832,14,San Blas,2558,152000,Apartamento,1.0,1.0,44.0,,0,14
9833,14,San Blas,2558,179000,Piso,1.0,1.0,47.0,,1,14
9834,14,San Blas,2558,850000,Piso,4.0,3.0,183.0,,1,14
9835,14,San Blas,2558,885000,Piso,4.0,3.0,173.0,2.0,0,14
9836,14,San Blas,2558,800000,Piso,3.0,2.0,146.0,2.0,0,14
9837,14,San Blas,2558,100000,Piso,2.0,1.0,50.0,2.0,0,14
9838,14,San Blas,2558,292000,Piso,2.0,2.0,82.0,,1,14
9839,14,San Blas,2558,263000,Piso,3.0,2.0,270.0,,0,14
9840,14,San Blas,2558,443000,Piso,3.0,2.0,104.0,2.0,1,14
9841,14,San Blas,2558,93000,Piso,2.0,1.0,58.0,4.0,0,14
9842,14,San Blas,2558,100000,Piso,2.0,1.0,50.0,2.0,0,14
9843,14,San Blas,2558,495000,Piso,3.0,2.0,108.0,,0,14
9844,14,San Blas,2558,250000,Piso,2.0,1.0,70.0,2.0,0,14
9845,14,San Blas,2558,150000,Piso,,1.0,36.0,2.0,0,14
9846,14,San Blas,2558,770000,Piso,3.0,2.0,140.0,,1,14
9847,14,San Blas,2558,46900,Piso,2.0,2.0,79.0,6.0,0,14
9848,14,San Blas,2558,230000,Piso,2.0,1.0,70.0,,0,14
9849,14,San Blas,2558,42100,Piso,2.0,2.0,63.0,,0,14
9850,14,San Blas,2558,140000,Piso,3.0,1.0,65.0,3.0,0,14
9851,14,San Blas,2558,93000,Piso,3.0,1.0,66.0,2.0,0,14
9852,14,San Blas,2558,580000,Piso,3.0,2.0,114.0,,1,14
9853,14,San Blas,2558,109000,Piso,2.0,1.0,44.0,,0,14
9854,14,San Blas,2558,299000,Casa o chalet,2.0,1.0,55.0,,0,14
9855,14,San Blas,2558,100000,Piso,2.0,1.0,50.0,2.0,0,14
9856,14,San Blas,2558,210000,Piso,3.0,1.0,50.0,,0,14
9857,14,San Blas,2558,325000,Piso,3.0,2.0,115.0,4.0,0,14
9858,14,San Blas,2558,132000,Piso,3.0,1.0,60.0,,0,14
9859,14,San Blas,2558,660000,Piso,2.0,2.0,150.0,2.0,0,14
9860,14,San Blas,2558,99000,Piso,3.0,1.0,53.0,3.0,0,14
9861,14,San Blas,2558,285000,Piso,2.0,1.0,90.0,3.0,1,14
9862,14,San Blas,2558,229000,Piso,3.0,1.0,65.0,,0,14
9863,14,San Blas,2558,210000,Piso,3.0,1.0,68.0,3.0,0,14
9864,14,San Blas,2558,443000,Piso,3.0,2.0,104.0,2.0,1,14
9865,14,San Blas,2558,230000,Piso,2.0,1.0,70.0,,0,14
9866,14,San Blas,2558,695000,Piso,4.0,3.0,116.0,,0,14
9867,14,San Blas,2558,239000,Piso,3.0,1.0,88.0,,0,14
9868,14,San Blas,2558,118000,Piso,2.0,1.0,64.0,4.0,0,14
9869,14,San Blas,2558,357000,Piso,3.0,2.0,117.0,,1,14
9870,14,San Blas,2558,395000,Piso,3.0,2.0,107.0,,0,14
9871,14,San Blas,2558,118000,Piso,2.0,1.0,64.0,4.0,0,14
9872,14,San Blas,2558,135000,Piso,3.0,1.0,76.0,3.0,0,14
9873,14,San Blas,2558,110719,Piso,3.0,1.0,67.0,5.0,0,14
9874,14,San Blas,2558,285000,Piso,2.0,1.0,90.0,3.0,1,14
9875,14,San Blas,2558,315000,Piso,2.0,2.0,85.0,,1,14
9876,14,San Blas,2558,102000,Piso,2.0,1.0,51.0,,0,14
9877,14,San Blas,2558,105000,Piso,1.0,1.0,55.0,2.0,0,14
9878,14,San Blas,2558,138000,Piso,3.0,1.0,67.0,,0,14
9879,14,San Blas,2558,365000,Piso,4.0,2.0,125.0,1.0,0,14
9880,14,San Blas,2558,495000,Piso,4.0,3.0,130.0,,1,14
9881,14,San Blas,2558,112000,Piso,3.0,1.0,63.0,3.0,0,14
9882,14,San Blas,2558,118000,Piso,2.0,1.0,64.0,4.0,0,14
9883,14,San Blas,2558,1130000,Casa o chalet,5.0,6.0,258.0,,0,14
9884,14,San Blas,2558,825000,Piso,3.0,2.0,153.0,2.0,0,14
9885,14,San Blas,2558,1950000,Apartamento,3.0,4.0,210.0,,0,14
9886,14,San Blas,2558,184000,Piso,2.0,1.0,59.0,,0,14
9887,14,San Blas,2558,230000,Piso,2.0,1.0,70.0,,0,14
9888,14,San Blas,2558,152000,Apartamento,1.0,1.0,44.0,,0,14
9889,14,San Blas,2558,199000,Piso,2.0,1.0,57.0,,0,14
9890,14,San Blas,2558,692890,Piso,2.0,2.0,71.0,3.0,0,14
9891,14,San Blas,2558,118000,Piso,2.0,1.0,64.0,4.0,0,14
9892,14,San Blas,2558,149900,Piso,3.0,1.0,81.0,,0,14
9893,14,San Blas,2558,185000,Piso,3.0,2.0,93.0,1.0,0,14
9894,14,San Blas,2558,265000,Piso,3.0,2.0,146.0,1.0,1,14
9895,14,San Blas,2558,194000,Piso,3.0,1.0,40.0,,0,14
9896,14,San Blas,2558,152000,Apartamento,1.0,1.0,44.0,,0,14
9897,14,San Blas,2558,103000,Piso,2.0,1.0,50.0,,0,14
9898,14,San Blas,2558,750000,Piso,5.0,3.0,190.0,2.0,1,14
9899,14,San Blas,2558,870000,Ático,4.0,3.0,236.0,,1,14
9900,14,San Blas,2558,550000,Casa adosada,5.0,3.0,180.0,,1,14
9901,14,San Blas,2558,285000,Piso,2.0,1.0,90.0,3.0,1,14
9902,14,San Blas,2558,118000,Piso,2.0,1.0,64.0,4.0,0,14
9903,14,San Blas,2558,425000,Piso,2.0,2.0,100.0,1.0,1,14
9904,14,San Blas,2558,550000,Casa adosada,5.0,3.0,180.0,,1,14
9905,14,San Blas,2558,118000,Piso,2.0,1.0,64.0,4.0,0,14
9906,14,San Blas,2558,75035,Piso,2.0,1.0,57.0,4.0,0,14
9907,14,San Blas,2558,225000,Piso,3.0,1.0,90.0,,0,14
9908,14,San Blas,2558,280000,Piso,2.0,2.0,90.0,,0,14
9909,14,San Blas,2558,1530000,Piso,3.0,2.0,153.0,4.0,0,14
9910,14,San Blas,2558,139900,Dúplex,3.0,1.0,67.0,2.0,0,14
9911,14,San Blas,2558,2200000,Piso,4.0,4.0,301.0,2.0,0,14
9912,14,San Blas,2558,146000,Piso,2.0,1.0,57.0,2.0,0,14
9913,14,San Blas,2558,850000,Piso,3.0,3.0,143.0,,1,14
9914,14,San Blas,2558,285000,Piso,2.0,1.0,90.0,3.0,1,14
9915,14,San Blas,2558,185000,Piso,3.0,2.0,93.0,1.0,0,14
9916,14,San Blas,2558,255000,Piso,2.0,1.0,65.0,2.0,0,14
9917,14,San Blas,2558,176000,Piso,3.0,2.0,101.0,,0,14
9918,14,San Blas,2558,155000,Piso,1.0,1.0,52.0,2.0,1,14
9919,14,San Blas,2558,285000,Piso,2.0,1.0,90.0,3.0,1,14
9920,14,San Blas,2558,105000,Piso,3.0,1.0,55.0,3.0,0,14
9921,14,San Blas,2558,360000,Piso,2.0,1.0,70.0,1.0,0,14
9922,14,San Blas,2558,189000,Estudio,1.0,1.0,52.0,,1,14
9923,14,San Blas,2558,337000,Piso,3.0,2.0,107.0,1.0,1,14
9924,14,San Blas,2558,118000,Piso,2.0,1.0,64.0,4.0,0,14
9925,14,San Blas,2558,214900,Piso,2.0,2.0,82.0,2.0,1,14
9926,14,San Blas,2558,295000,Piso,1.0,1.0,79.0,1.0,1,14
9927,14,San Blas,2558,1200000,Piso,4.0,3.0,219.0,3.0,0,14
9928,14,San Blas,2558,480000,Ático,3.0,2.0,169.0,7.0,1,14
9929,14,San Blas,2558,443000,Piso,3.0,2.0,104.0,2.0,1,14
9930,14,San Blas,2558,235000,Piso,3.0,2.0,100.0,2.0,0,14
9931,14,San Blas,2558,468000,Piso,3.0,2.0,111.0,4.0,1,14
9932,14,San Blas,2558,161000,Piso,3.0,1.0,65.0,,0,14
9933,14,San Blas,2558,232000,Piso,3.0,2.0,112.0,2.0,1,14
9934,14,San Blas,2558,185000,Piso,3.0,2.0,93.0,1.0,0,14
9935,14,San Blas,2558,330000,Piso,2.0,1.0,97.0,6.0,0,14
9936,14,San Blas,2558,189000,Estudio,1.0,1.0,52.0,,1,14
9937,14,San Blas,2558,125000,Piso,3.0,1.0,70.0,4.0,0,14
9938,14,San Blas,2558,101000,Piso,3.0,1.0,64.0,,0,14
9939,14,San Blas,2558,193000,Piso,1.0,1.0,45.0,,1,14
9940,14,San Blas,2558,199900,Piso,3.0,1.0,90.0,3.0,0,14
9941,14,San Blas,2558,185000,Piso,3.0,2.0,93.0,1.0,0,14
9942,14,San Blas,2558,350000,Piso,2.0,2.0,97.0,1.0,0,14
9943,14,San Blas,2558,363000,Piso,3.0,2.0,106.0,,1,14
9944,14,San Blas,2558,118000,Piso,2.0,1.0,64.0,4.0,0,14
9945,14,San Blas,2558,100000,Piso,2.0,1.0,50.0,2.0,0,14
9946,14,San Blas,2558,83000,Piso,3.0,1.0,53.0,,0,14
9947,14,San Blas,2558,325000,Piso,3.0,2.0,93.0,,1,14
9948,14,San Blas,2558,330000,Piso,3.0,2.0,108.0,2.0,1,14
9949,14,San Blas,2558,98000,Piso,3.0,1.0,65.0,5.0,0,14
9950,14,San Blas,2558,1585000,Piso,3.0,4.0,177.0,,1,14
9951,14,San Blas,2558,305000,Piso,2.0,2.0,83.0,3.0,0,14
9952,14,San Blas,2558,350000,Piso,2.0,2.0,75.0,5.0,1,14
9953,14,San Blas,2558,100000,Piso,2.0,1.0,50.0,2.0,0,14
9954,14,San Blas,2558,370000,Piso,2.0,2.0,107.0,,1,14
9955,14,San Blas,2558,118000,Piso,2.0,1.0,64.0,4.0,0,14
9956,14,San Blas,2558,595000,Piso,3.0,3.0,200.0,,1,14
9957,14,San Blas,2558,100000,Piso,2.0,1.0,50.0,2.0,0,14
9958,14,San Blas,2558,849900,Piso,3.0,2.0,183.0,,0,14
9959,14,San Blas,2558,560000,Ático,3.0,2.0,140.0,7.0,0,14
9960,14,San Blas,2558,443000,Piso,3.0,2.0,104.0,2.0,1,14
9961,14,San Blas,2558,105000,Piso,2.0,1.0,60.0,,0,14
9962,14,San Blas,2558,185000,Piso,3.0,2.0,93.0,1.0,0,14
9963,14,San Blas,2558,2150000,Apartamento,2.0,2.0,93.0,1.0,1,14
9964,14,San Blas,2558,203000,Piso,3.0,1.0,95.0,9.0,0,14
9965,14,San Blas,2558,94000,Piso,2.0,1.0,55.0,1.0,0,14
9966,14,San Blas,2558,190000,Piso,2.0,1.0,71.0,,0,14
9967,14,San Blas,2558,140000,Piso,3.0,1.0,75.0,,0,14
9968,14,San Blas,2558,289000,Piso,3.0,2.0,125.0,3.0,0,14
9969,14,San Blas,2558,420000,Piso,2.0,2.0,101.0,4.0,0,14
9970,14,San Blas,2558,565000,Piso,4.0,3.0,158.0,13.0,0,14
9971,14,San Blas,2558,92500,Piso,2.0,1.0,50.0,3.0,0,14
9972,14,San Blas,2558,84000,Piso,3.0,1.0,59.0,2.0,0,14
9973,14,San Blas,2558,189900,Piso,2.0,1.0,65.0,1.0,0,14
9974,14,San Blas,2558,189000,Estudio,1.0,1.0,52.0,,1,14
9975,14,San Blas,2558,435000,Ático,3.0,2.0,158.0,,1,14
9976,14,San Blas,2558,443000,Piso,3.0,2.0,104.0,2.0,1,14
9977,14,San Blas,2558,338000,Piso,2.0,2.0,75.0,1.0,1,14
9978,14,San Blas,2558,118000,Piso,2.0,1.0,64.0,4.0,0,14
9979,14,San Blas,2558,140000,Piso,3.0,1.0,75.0,,0,14
9980,14,San Blas,2558,185000,Piso,3.0,1.0,85.0,,0,14
9981,14,San Blas,2558,185000,Piso,3.0,2.0,93.0,1.0,0,14
9982,14,San Blas,2558,353000,Finca rústica,5.0,1.0,101.0,,0,14
9983,14,San Blas,2558,135000,Apartamento,1.0,1.0,40.0,,0,14
9984,14,San Blas,2558,93000,Piso,3.0,1.0,55.0,5.0,0,14
9985,14,San Blas,2558,750000,Casa adosada,7.0,4.0,300.0,,1,14
9986,14,San Blas,2558,273000,Piso,3.0,1.0,56.0,,0,14
9987,14,San Blas,2558,235000,Piso,3.0,1.0,74.0,1.0,0,14
9988,14,San Blas,2558,123500,Piso,2.0,1.0,69.0,,0,14
9989,14,San Blas,2558,140000,Piso,2.0,1.0,83.0,,0,14
9990,14,San Blas,2558,550000,Casa adosada,5.0,3.0,180.0,,1,14
9991,14,San Blas,2558,1089000,Piso,4.0,3.0,234.0,,0,14
9992,14,San Blas,2558,457000,Ático,2.0,2.0,96.0,3.0,1,14
9993,14,San Blas,2558,228400,Piso,3.0,1.0,91.0,2.0,0,14
9994,14,San Blas,2558,289900,Piso,3.0,1.0,78.0,2.0,0,14
9995,14,San Blas,2558,285000,Apartamento,1.0,1.0,42.0,,0,14
9996,14,San Blas,2558,100000,Piso,2.0,1.0,50.0,2.0,0,14
9997,14,San Blas,2558,140000,Piso,3.0,1.0,75.0,,0,14
9998,14,San Blas,2558,295000,Piso,4.0,2.0,115.0,2.0,1,14
9999,14,San Blas,2558,605000,Piso,2.0,2.0,168.0,1.0,0,14
10000,14,San Blas,2558,94000,Piso,2.0,1.0,49.0,1.0,0,14
10001,14,San Blas,2558,118000,Piso,2.0,1.0,64.0,4.0,0,14
10002,14,San Blas,2558,368000,Piso,3.0,2.0,110.0,1.0,1,14
10003,14,San Blas,2558,139000,Piso,,1.0,47.0,2.0,0,14
10004,14,San Blas,2558,495000,Casa o chalet,4.0,3.0,206.0,,1,14
10005,14,San Blas,2558,285000,Piso,2.0,1.0,90.0,3.0,1,14
10006,14,San Blas,2558,995000,Casa adosada,5.0,4.0,280.0,,0,14
10007,14,San Blas,2558,119990,Piso,3.0,1.0,69.0,,0,14
10008,14,San Blas,2558,189000,Estudio,1.0,1.0,52.0,,1,14
10009,14,San Blas,2558,150000,Piso,3.0,1.0,87.0,,1,14
10010,14,San Blas,2558,350000,Piso,3.0,1.0,76.0,,0,14
10011,14,San Blas,2558,175000,Piso,1.0,1.0,61.0,,0,14
10012,14,San Blas,2558,285000,Piso,2.0,1.0,90.0,3.0,1,14
10013,14,San Blas,2558,135000,Piso,1.0,1.0,46.0,,0,14
10014,14,San Blas,2558,135900,Piso,2.0,1.0,60.0,,0,14
10015,14,San Blas,2558,150000,Piso,3.0,1.0,65.0,,0,14
10016,14,San Blas,2558,350000,Apartamento,1.0,1.0,59.0,,0,14
10017,14,San Blas,2558,625000,Piso,2.0,2.0,99.0,2.0,0,14
10018,14,San Blas,2558,154900,Piso,1.0,1.0,59.0,7.0,0,14
10019,14,San Blas,2558,620000,Ático,2.0,2.0,83.0,6.0,0,14
10020,14,San Blas,2558,90000,Piso,2.0,1.0,85.0,,0,14
10021,14,San Blas,2558,90000,Piso,2.0,1.0,48.0,,0,14
10022,14,San Blas,2558,118000,Piso,2.0,1.0,64.0,4.0,0,14
10023,14,San Blas,2558,100000,Piso,2.0,1.0,50.0,2.0,0,14
10024,14,San Blas,2558,138500,Piso,3.0,1.0,70.0,,0,14
10025,14,San Blas,2558,457000,Ático,2.0,2.0,96.0,3.0,1,14
10026,14,San Blas,2558,189000,Estudio,1.0,1.0,52.0,,1,14
10027,14,San Blas,2558,118000,Piso,2.0,1.0,64.0,4.0,0,14
10028,14,San Blas,2558,185000,Piso,3.0,2.0,93.0,1.0,0,14
10029,14,San Blas,2558,146367,Piso,3.0,1.0,73.0,8.0,0,14
10030,14,San Blas,2558,235000,Piso,1.0,1.0,75.0,,1,14
10031,14,San Blas,2558,239000,Piso,3.0,1.0,97.0,3.0,0,14
10032,14,San Blas,2558,2150000,Apartamento,2.0,2.0,93.0,1.0,1,14
10033,14,San Blas,2558,990000,Casa adosada,5.0,3.0,285.0,,1,14
10034,14,San Blas,2558,93143,Piso,3.0,1.0,69.0,,0,14
10035,14,San Blas,2558,185000,Piso,3.0,2.0,93.0,1.0,0,14
10036,14,San Blas,2558,230000,Piso,3.0,1.0,88.0,1.0,0,14
10037,14,San Blas,2558,431800,Piso,,1.0,93.0,6.0,0,14
10038,14,San Blas,2558,199850,Piso,2.0,1.0,53.0,3.0,0,14
10039,14,San Blas,2558,2150000,Apartamento,2.0,2.0,93.0,1.0,1,14
10040,14,San Blas,2558,158000,Piso,2.0,1.0,67.0,,0,14
10041,14,San Blas,2558,449000,Piso,1.0,1.0,68.0,,0,14
10042,14,San Blas,2558,560000,Ático,3.0,2.0,116.0,7.0,1,14
10043,14,San Blas,2558,285000,Piso,2.0,1.0,90.0,3.0,1,14
10044,14,San Blas,2558,688740,Piso,2.0,2.0,93.0,1.0,0,14
10045,14,San Blas,2558,550000,Casa adosada,5.0,3.0,180.0,,1,14
10046,14,San Blas,2558,180000,Piso,2.0,1.0,45.0,,0,14
10047,14,San Blas,2558,166000,Piso,2.0,1.0,69.0,3.0,0,14
10048,14,San Blas,2558,799000,Piso,5.0,3.0,149.0,6.0,0,14
10049,14,San Blas,2558,443000,Piso,3.0,2.0,104.0,2.0,1,14
10050,14,San Blas,2558,220000,Piso,3.0,2.0,111.0,2.0,1,14
10051,14,San Blas,2558,84900,Piso,1.0,1.0,42.0,,0,14
10052,14,San Blas,2558,146000,Piso,2.0,1.0,58.0,3.0,0,14
10053,14,San Blas,2558,225000,Piso,1.0,1.0,60.0,4.0,0,14
10054,14,San Blas,2558,189000,Estudio,1.0,1.0,52.0,,1,14
10055,14,San Blas,2558,259000,Loft,1.0,2.0,121.0,,1,14
10056,14,San Blas,2558,1100000,Casa adosada,4.0,4.0,263.0,,1,14
10057,14,San Blas,2558,250000,Piso,2.0,2.0,76.0,,1,14
10058,14,San Blas,2558,285000,Piso,2.0,1.0,90.0,3.0,1,14
10059,14,San Blas,2558,760000,Casa o chalet,4.0,3.0,312.0,,0,14
10060,14,San Blas,2558,118000,Piso,2.0,1.0,64.0,4.0,0,14
10061,14,San Blas,2558,160000,Piso,1.0,1.0,55.0,,1,14
10062,14,San Blas,2558,96000,Piso,2.0,1.0,49.0,,0,14
10063,14,San Blas,2558,349000,Piso,2.0,2.0,90.0,,0,14
10064,14,San Blas,2558,550000,Casa adosada,5.0,3.0,180.0,,1,14
10065,14,San Blas,2558,239000,Piso,1.0,1.0,61.0,3.0,1,14
10066,14,San Blas,2558,2850000,Casa o chalet,5.0,5.0,1000.0,,1,14
10067,14,San Blas,2558,115000,Piso,2.0,1.0,48.0,,0,14
10068,14,San Blas,2558,780000,Piso,5.0,2.0,246.0,,0,14
10069,14,San Blas,2558,360000,Piso,3.0,2.0,127.0,1.0,1,14
10070,14,San Blas,2558,420000,Dúplex,2.0,2.0,103.0,,0,14
10071,14,San Blas,2558,118000,Piso,2.0,1.0,64.0,4.0,0,14
10072,14,San Blas,2558,443000,Piso,3.0,2.0,104.0,2.0,1,14
10073,14,San Blas,2558,185000,Dúplex,2.0,2.0,83.0,1.0,1,14
10074,14,San Blas,2558,365000,Piso,3.0,2.0,123.0,3.0,1,14
10075,14,San Blas,2558,230000,Piso,2.0,1.0,70.0,,0,14
10076,14,San Blas,2558,270000,Piso,2.0,2.0,92.0,7.0,0,14
10077,14,San Blas,2558,246000,Piso,2.0,2.0,93.0,2.0,1,14
10078,14,San Blas,2558,285000,Piso,2.0,1.0,90.0,3.0,1,14
10079,14,San Blas,2558,239900,Piso,3.0,1.0,90.0,,0,14
10080,14,San Blas,2558,116000,Piso,2.0,1.0,36.0,,0,14
10081,14,San Blas,2558,152000,Apartamento,1.0,1.0,44.0,,0,14
10082,14,San Blas,2558,118000,Piso,2.0,1.0,64.0,4.0,0,14
10083,14,San Blas,2558,152000,Apartamento,1.0,1.0,44.0,,0,14
10084,14,San Blas,2558,308000,Piso,3.0,2.0,122.0,2.0,1,14
10085,14,San Blas,2558,699000,Piso,2.0,2.0,92.0,2.0,0,14
10086,14,San Blas,2558,265000,Piso,4.0,1.0,134.0,,0,14
10087,14,San Blas,2558,178000,Piso,3.0,1.0,63.0,2.0,0,14
10088,14,San Blas,2558,240000,Piso,2.0,1.0,24.0,6.0,0,14
10089,14,San Blas,2558,878800,Piso,4.0,2.0,168.0,1.0,0,14
10090,14,San Blas,2558,285000,Piso,2.0,1.0,56.0,,1,14
10091,14,San Blas,2558,352000,Piso,3.0,1.0,69.0,,0,14
10092,14,San Blas,2558,230000,Piso,2.0,1.0,62.0,2.0,0,14
10093,14,San Blas,2558,580000,Ático,4.0,2.0,126.0,8.0,0,14
10094,14,San Blas,2558,45100,Piso,2.0,2.0,76.0,,0,14
10095,14,San Blas,2558,96000,Piso,2.0,1.0,57.0,,0,14
10096,14,San Blas,2558,144000,Piso,3.0,1.0,63.0,3.0,0,14
10097,14,San Blas,2558,145760,Piso,2.0,2.0,1.0,,0,14
10098,14,San Blas,2558,550000,Casa adosada,5.0,3.0,180.0,,1,14
10099,14,San Blas,2558,596000,Casa adosada,5.0,4.0,315.0,,1,14
10100,14,San Blas,2558,152000,Apartamento,1.0,1.0,44.0,,0,14
10101,14,San Blas,2558,489900,Casa adosada,4.0,3.0,211.0,,1,14
10102,14,San Blas,2558,325000,Piso,3.0,2.0,93.0,,1,14
10103,14,San Blas,2558,299000,Piso,3.0,1.0,63.0,1.0,0,14
10104,14,San Blas,2558,185000,Piso,3.0,2.0,93.0,1.0,0,14
10105,14,San Blas,2558,480000,Piso,2.0,1.0,87.0,1.0,0,14
10106,14,San Blas,2558,118000,Piso,2.0,1.0,64.0,4.0,0,14
10107,14,San Blas,2558,457000,Ático,2.0,2.0,96.0,3.0,1,14
10108,14,San Blas,2558,270000,Piso,3.0,2.0,137.0,2.0,1,14
10109,14,San Blas,2558,495000,Piso,4.0,2.0,174.0,,0,14
10110,14,San Blas,2558,185000,Piso,3.0,2.0,93.0,1.0,0,14
10111,14,San Blas,2558,257900,Piso,2.0,1.0,83.0,,0,14
10112,14,San Blas,2558,118000,Piso,2.0,1.0,64.0,4.0,0,14
10113,14,San Blas,2558,131500,Piso,3.0,1.0,60.0,3.0,0,14
10114,14,San Blas,2558,105000,Casa o chalet,2.0,2.0,124.0,,0,14
10115,14,San Blas,2558,285000,Piso,2.0,1.0,90.0,3.0,1,14
10116,14,San Blas,2558,279000,Piso,3.0,1.0,79.0,5.0,0,14
10117,14,San Blas,2558,285000,Piso,2.0,1.0,90.0,3.0,1,14
10118,14,San Blas,2558,290000,Piso,1.0,1.0,66.0,1.0,1,14
10119,14,San Blas,2558,495000,Piso,1.0,1.0,80.0,,1,14
10120,14,San Blas,2558,190000,Piso,1.0,1.0,32.0,1.0,0,14
10121,14,San Blas,2558,650000,Casa o chalet,5.0,3.0,139.0,,0,14
10122,14,San Blas,2558,140000,Piso,3.0,1.0,75.0,,0,14
10123,14,San Blas,2558,132500,Piso,2.0,1.0,50.0,,0,14
10124,14,San Blas,2558,199000,Piso,1.0,1.0,53.0,3.0,0,14
10125,14,San Blas,2558,285000,Piso,2.0,1.0,90.0,3.0,1,14
10126,14,San Blas,2558,185000,Piso,3.0,2.0,93.0,1.0,0,14
10127,14,San Blas,2558,140000,Piso,3.0,1.0,75.0,,0,14
10128,14,San Blas,2558,457000,Ático,2.0,2.0,96.0,3.0,1,14
10129,14,San Blas,2558,127000,Piso,2.0,1.0,61.0,4.0,0,14
10130,14,San Blas,2558,136100,Piso,1.0,1.0,52.0,,0,14
10131,14,San Blas,2558,550500,Piso,1.0,1.0,92.0,,0,14
10132,14,San Blas,2558,189000,Estudio,1.0,1.0,52.0,,1,14
10133,14,San Blas,2558,185000,Piso,3.0,2.0,93.0,1.0,0,14
10134,14,San Blas,2558,165000,Piso,1.0,1.0,44.0,3.0,0,14
10135,14,San Blas,2558,550000,Casa adosada,5.0,3.0,180.0,,1,14
10136,14,San Blas,2558,118000,Piso,2.0,1.0,64.0,4.0,0,14
10137,14,San Blas,2558,660000,Casa o chalet,4.0,4.0,332.0,,1,14
10138,14,San Blas,2558,114900,Estudio,,1.0,38.0,,0,14
10139,14,San Blas,2558,490000,Piso,4.0,2.0,150.0,1.0,1,14
10140,14,San Blas,2558,141000,Piso,2.0,1.0,79.0,2.0,0,14
10141,14,San Blas,2558,100000,Piso,2.0,1.0,50.0,2.0,0,14
10142,14,San Blas,2558,185000,Piso,3.0,2.0,93.0,1.0,0,14
10143,14,San Blas,2558,770000,Piso,2.0,1.0,105.0,1.0,0,14
10144,14,San Blas,2558,136000,Piso,3.0,1.0,53.0,6.0,0,14
10145,14,San Blas,2558,535000,Piso,2.0,2.0,82.0,1.0,1,14
10146,14,San Blas,2558,138000,Estudio,,1.0,35.0,3.0,0,14
10147,14,San Blas,2558,135000,Piso,1.0,1.0,40.0,1.0,0,14
10148,14,San Blas,2558,180000,Piso,4.0,1.0,91.0,,0,14
10149,14,San Blas,2558,118000,Piso,2.0,1.0,64.0,4.0,0,14
10150,14,San Blas,2558,189000,Estudio,1.0,1.0,52.0,,1,14
10151,14,San Blas,2558,124000,Piso,2.0,1.0,52.0,5.0,0,14
10152,14,San Blas,2558,189000,Estudio,1.0,1.0,52.0,,1,14
10153,14,San Blas,2558,550000,Casa adosada,5.0,3.0,180.0,,1,14
10154,14,San Blas,2558,379000,Piso,2.0,2.0,84.0,3.0,0,14
10155,14,San Blas,2558,325000,Piso,1.0,1.0,70.0,3.0,1,14
10156,14,San Blas,2558,185000,Piso,3.0,2.0,93.0,1.0,0,14
10157,14,San Blas,2558,1800000,Piso,3.0,3.0,221.0,1.0,0,14
10158,14,San Blas,2558,179000,Piso,3.0,1.0,76.0,2.0,0,14
10159,14,San Blas,2558,175000,Piso,1.0,1.0,45.0,,0,14
10160,14,San Blas,2558,550000,Casa adosada,5.0,3.0,180.0,,1,14
10161,14,San Blas,2558,473000,Piso,3.0,1.0,118.0,2.0,0,14
10162,14,San Blas,2558,443000,Piso,3.0,2.0,104.0,2.0,1,14
10163,14,San Blas,2558,185000,Piso,3.0,2.0,93.0,1.0,0,14
10164,14,San Blas,2558,118000,Piso,2.0,1.0,64.0,4.0,0,14
10165,14,San Blas,2558,485000,Loft,1.0,1.0,78.0,3.0,0,14
10166,14,San Blas,2558,185000,Piso,3.0,2.0,93.0,1.0,0,14
10167,14,San Blas,2558,245000,Piso,3.0,2.0,110.0,,1,14
10168,14,San Blas,2558,140000,Piso,3.0,1.0,75.0,,0,14
10169,14,San Blas,2558,162000,Piso,2.0,2.0,82.0,,0,14
10170,14,San Blas,2558,118000,Piso,3.0,1.0,75.0,1.0,0,14
10171,14,San Blas,2558,230000,Piso,2.0,1.0,70.0,,0,14
10172,14,San Blas,2558,995000,Piso,3.0,3.0,185.0,1.0,0,14
10173,14,San Blas,2558,295000,Piso,3.0,1.0,121.0,,0,14
10174,14,San Blas,2558,118000,Piso,2.0,1.0,64.0,4.0,0,14
10175,14,San Blas,2558,118000,Piso,2.0,1.0,64.0,4.0,0,14
10176,14,San Blas,2558,105000,Piso,3.0,1.0,55.0,4.0,0,14
10177,14,San Blas,2558,2200000,Casa o chalet,5.0,5.0,800.0,,0,14
10178,14,San Blas,2558,443000,Piso,3.0,2.0,104.0,2.0,1,14
10179,14,San Blas,2558,650000,Piso,4.0,2.0,160.0,1.0,0,14
10180,14,San Blas,2558,2850000,Piso,4.0,5.0,263.0,1.0,0,14
10181,14,San Blas,2558,347500,Piso,1.0,1.0,50.0,7.0,0,14
10182,14,San Blas,2558,179000,Piso,2.0,2.0,60.0,,0,14
10183,14,San Blas,2558,315000,Piso,2.0,1.0,50.0,3.0,0,14
10184,14,San Blas,2558,185000,Piso,3.0,2.0,93.0,1.0,0,14
10185,14,San Blas,2558,210000,Piso,2.0,2.0,96.0,,1,14
10186,14,San Blas,2558,118000,Piso,2.0,1.0,64.0,4.0,0,14
10187,14,San Blas,2558,330000,Piso,3.0,2.0,97.0,3.0,0,14
10188,14,San Blas,2558,830000,Piso,4.0,3.0,240.0,,1,14
10189,14,San Blas,2558,457000,Ático,2.0,2.0,96.0,3.0,1,14
10190,14,San Blas,2558,550000,Casa adosada,5.0,3.0,180.0,,1,14
10191,14,San Blas,2558,245000,Piso,2.0,1.0,55.0,4.0,0,14
10192,14,San Blas,2558,1120000,Piso,3.0,2.0,135.0,5.0,0,14
10193,14,San Blas,2558,235000,Piso,4.0,2.0,158.0,3.0,1,14
10194,14,San Blas,2558,3800000,Casa o chalet,7.0,7.0,707.0,,1,14
10195,14,San Blas,2558,305000,Piso,2.0,2.0,83.0,3.0,0,14
10196,14,San Blas,2558,1048330,Piso,2.0,2.0,139.0,9.0,0,14
10197,14,San Blas,2558,99500,Piso,2.0,1.0,50.0,,0,14
10198,14,San Blas,2558,250000,Piso,3.0,1.0,70.0,1.0,0,14
10199,14,San Blas,2558,598000,Piso,3.0,2.0,127.0,,1,14
10200,14,San Blas,2558,299000,Ático,2.0,2.0,60.0,,0,14
10201,14,San Blas,2558,390000,Piso,4.0,3.0,160.0,,0,14
10202,14,San Blas,2558,46900,Piso,2.0,2.0,79.0,7.0,0,14
10203,14,San Blas,2558,100000,Piso,2.0,1.0,50.0,2.0,0,14
10204,14,San Blas,2558,270000,Piso,2.0,2.0,89.0,4.0,0,14
10205,14,San Blas,2558,285000,Piso,2.0,1.0,90.0,3.0,1,14
10206,14,San Blas,2558,380000,Piso,3.0,1.0,114.0,3.0,0,14
10207,14,San Blas,2558,285000,Piso,2.0,1.0,90.0,3.0,1,14
10208,14,San Blas,2558,212000,Piso,2.0,2.0,75.0,3.0,0,14
10209,14,San Blas,2558,152000,Apartamento,1.0,1.0,44.0,,0,14
10210,14,San Blas,2558,194000,Piso,3.0,1.0,63.0,,0,14
10211,14,San Blas,2558,185000,Piso,3.0,2.0,93.0,1.0,0,14
10212,14,San Blas,2558,185000,Piso,3.0,2.0,93.0,1.0,0,14
10213,14,San Blas,2558,290000,Piso,2.0,2.0,100.0,,0,14
10214,14,San Blas,2558,265000,Piso,3.0,2.0,114.0,,0,14
10215,14,San Blas,2558,550000,Casa adosada,5.0,3.0,180.0,,1,14
10216,14,San Blas,2558,235000,Piso,1.0,1.0,46.0,,1,14
10217,14,San Blas,2558,570000,Piso,2.0,2.0,101.0,,0,14
10218,14,San Blas,2558,189000,Estudio,1.0,1.0,52.0,,1,14
10219,14,San Blas,2558,100000,Piso,2.0,1.0,50.0,2.0,0,14
10220,14,San Blas,2558,195000,Piso,3.0,1.0,64.0,2.0,0,14
10221,14,San Blas,2558,140000,Piso,3.0,1.0,75.0,,0,14
10222,14,San Blas,2558,189000,Estudio,1.0,1.0,52.0,,1,14
10223,14,San Blas,2558,204900,Piso,3.0,1.0,76.0,1.0,0,14
10224,14,San Blas,2558,690000,Piso,2.0,2.0,119.0,5.0,1,14
10225,14,San Blas,2558,216000,Piso,1.0,1.0,57.0,2.0,0,14
10226,14,San Blas,2558,930000,Piso,4.0,3.0,229.0,,1,14
10227,14,San Blas,2558,285000,Piso,2.0,1.0,90.0,3.0,1,14
10228,14,San Blas,2558,139000,Piso,2.0,1.0,54.0,,0,14
10229,14,San Blas,2558,360000,Piso,2.0,2.0,103.0,1.0,1,14
10230,14,San Blas,2558,185000,Piso,3.0,2.0,93.0,1.0,0,14
10231,14,San Blas,2558,950000,Piso,3.0,3.0,155.0,,0,14
10232,14,San Blas,2558,457000,Ático,2.0,2.0,96.0,3.0,1,14
10233,14,San Blas,2558,195000,Estudio,1.0,1.0,32.0,4.0,0,14
10234,14,San Blas,2558,91907,Piso,1.0,2.0,96.0,,0,14
10235,14,San Blas,2558,285000,Piso,2.0,1.0,90.0,3.0,1,14
10236,14,San Blas,2558,100000,Piso,2.0,1.0,50.0,2.0,0,14
10237,14,San Blas,2558,130300,Piso,,1.0,42.0,,0,14
10238,14,San Blas,2558,285000,Piso,2.0,1.0,90.0,3.0,1,14
10239,14,San Blas,2558,152000,Apartamento,1.0,1.0,44.0,,0,14
10240,14,San Blas,2558,399000,Piso,5.0,2.0,140.0,4.0,0,14
10241,14,San Blas,2558,185000,Piso,3.0,1.0,94.0,,0,14
10242,9,Tetuán,3649,165000,Piso,3.0,1.0,71.0,,0,7
10243,9,Tetuán,3649,239500,Dúplex,1.0,1.0,67.0,2.0,0,7
10244,9,Tetuán,3649,194000,Piso,2.0,1.0,47.0,1.0,0,7
10245,9,Tetuán,3649,194000,Estudio,,1.0,40.0,1.0,1,7
10246,9,Tetuán,3649,739000,Piso,3.0,3.0,126.0,1.0,0,7
10247,9,Tetuán,3649,450000,Piso,2.0,1.0,65.0,8.0,0,7
10248,9,Tetuán,3649,135000,Piso,3.0,1.0,67.0,3.0,0,7
10249,9,Tetuán,3649,2160000,Piso,4.0,5.0,266.0,5.0,0,7
10250,9,Tetuán,3649,310000,Piso,4.0,2.0,76.0,3.0,0,7
10251,9,Tetuán,3649,390000,Piso,3.0,1.0,99.0,3.0,0,7
10252,9,Tetuán,3649,390000,Piso,3.0,1.0,99.0,3.0,0,7
10253,9,Tetuán,3649,160650,Piso,3.0,1.0,55.0,1.0,0,7
10254,9,Tetuán,3649,148000,Piso,3.0,1.0,78.0,,0,7
10255,9,Tetuán,3649,160650,Piso,3.0,1.0,55.0,1.0,0,7
10256,9,Tetuán,3649,1395000,Ático,3.0,3.0,257.0,10.0,1,7
10257,9,Tetuán,3649,2785000,Piso,4.0,5.0,398.0,5.0,1,7
10258,9,Tetuán,3649,195000,Piso,1.0,1.0,41.0,1.0,0,7
10259,9,Tetuán,3649,890000,Casa o chalet,5.0,5.0,342.0,,1,7
10260,9,Tetuán,3649,95000,Planta baja,1.0,1.0,35.0,,0,7
10261,9,Tetuán,3649,390000,Piso,3.0,1.0,99.0,3.0,0,7
10262,9,Tetuán,3649,350000,Piso,3.0,2.0,134.0,3.0,1,7
10263,9,Tetuán,3649,368000,Piso,3.0,1.0,98.0,2.0,0,7
10264,9,Tetuán,3649,797000,Piso,5.0,3.0,232.0,2.0,1,7
10265,9,Tetuán,3649,950000,Piso,4.0,4.0,200.0,1.0,1,7
10266,9,Tetuán,3649,150000,Apartamento,1.0,1.0,43.0,,0,7
10267,9,Tetuán,3649,216000,Piso,3.0,1.0,85.0,3.0,0,7
10268,9,Tetuán,3649,335000,Ático,2.0,1.0,79.0,4.0,1,7
10269,9,Tetuán,3649,368000,Piso,3.0,1.0,98.0,2.0,0,7
10270,9,Tetuán,3649,161000,Piso,3.0,1.0,76.0,,0,7
10271,9,Tetuán,3649,299000,Ático,1.0,1.0,100.0,3.0,0,7
10272,9,Tetuán,3649,104500,Piso,2.0,1.0,33.0,,0,7
10273,9,Tetuán,3649,310000,Piso,4.0,2.0,76.0,3.0,0,7
10274,9,Tetuán,3649,1350000,Piso,4.0,3.0,203.0,,0,7
10275,9,Tetuán,3649,1772000,Casa o chalet,5.0,3.0,696.0,,1,7
10276,9,Tetuán,3649,320000,Piso,2.0,2.0,92.0,,1,7
10277,9,Tetuán,3649,169900,Piso,4.0,2.0,120.0,4.0,0,7
10278,9,Tetuán,3649,135000,Piso,2.0,1.0,59.0,1.0,0,7
10279,9,Tetuán,3649,530000,Dúplex,3.0,3.0,138.0,,0,7
10280,9,Tetuán,3649,250000,Piso,2.0,1.0,46.0,,0,7
10281,9,Tetuán,3649,235000,Piso,2.0,1.0,54.0,1.0,0,7
10282,9,Tetuán,3649,190000,Piso,2.0,1.0,75.0,,0,7
10283,9,Tetuán,3649,180000,Planta baja,2.0,1.0,52.0,,0,7
10284,9,Tetuán,3649,129000,Piso,1.0,1.0,34.0,,0,7
10285,9,Tetuán,3649,152000,Apartamento,1.0,1.0,44.0,,0,7
10286,9,Tetuán,3649,130000,Piso,3.0,2.0,78.0,3.0,0,7
10287,9,Tetuán,3649,385000,Apartamento,1.0,1.0,71.0,3.0,0,7
10288,9,Tetuán,3649,395500,Piso,3.0,1.0,101.0,,0,7
10289,9,Tetuán,3649,95000,Planta baja,1.0,1.0,35.0,,0,7
10290,9,Tetuán,3649,180000,Piso,3.0,1.0,66.0,3.0,0,7
10291,9,Tetuán,3649,169000,Loft,2.0,2.0,85.0,1.0,1,7
10292,9,Tetuán,3649,230000,Piso,3.0,2.0,80.0,2.0,0,7
10293,9,Tetuán,3649,185000,Apartamento,1.0,1.0,48.0,,0,7
10294,9,Tetuán,3649,368000,Piso,3.0,1.0,98.0,2.0,0,7
10295,9,Tetuán,3649,110000,Piso,2.0,1.0,60.0,3.0,0,7
10296,9,Tetuán,3649,250000,Piso,2.0,1.0,46.0,,0,7
10297,9,Tetuán,3649,830000,Piso,6.0,2.0,202.0,2.0,0,7
10298,9,Tetuán,3649,240000,Piso,2.0,1.0,73.0,1.0,0,7
10299,9,Tetuán,3649,3500000,Piso,5.0,5.0,461.0,1.0,1,7
10300,9,Tetuán,3649,95000,Planta baja,1.0,1.0,35.0,,0,7
10301,9,Tetuán,3649,310000,Piso,4.0,2.0,76.0,3.0,0,7
10302,9,Tetuán,3649,260000,Piso,2.0,1.0,80.0,1.0,0,7
10303,9,Tetuán,3649,100000,Piso,3.0,1.0,64.0,,0,7
10304,9,Tetuán,3649,975000,Piso,5.0,4.0,256.0,5.0,1,7
10305,9,Tetuán,3649,129500,Dúplex,3.0,1.0,80.0,3.0,0,7
10306,9,Tetuán,3649,310000,Piso,4.0,2.0,76.0,3.0,0,7
10307,9,Tetuán,3649,255000,Piso,2.0,1.0,65.0,4.0,0,7
10308,9,Tetuán,3649,89000,Piso,2.0,1.0,52.0,1.0,0,7
10309,9,Tetuán,3649,725000,Piso,,3.0,163.0,,0,7
10310,9,Tetuán,3649,545000,Piso,5.0,3.0,190.0,5.0,1,7
10311,9,Tetuán,3649,550000,Piso,2.0,1.0,75.0,2.0,1,7
10312,9,Tetuán,3649,197619,Apartamento,1.0,1.0,69.0,,0,7
10313,9,Tetuán,3649,270000,Piso,1.0,1.0,60.0,,0,7
10314,9,Tetuán,3649,171217,Piso,1.0,1.0,40.0,2.0,0,7
10315,9,Tetuán,3649,368000,Piso,3.0,1.0,98.0,2.0,0,7
10316,9,Tetuán,3649,172500,Piso,3.0,1.0,52.0,,0,7
10317,9,Tetuán,3649,226500,Piso,2.0,1.0,60.0,,0,7
10318,9,Tetuán,3649,700000,Piso,2.0,1.0,65.0,2.0,0,7
10319,9,Tetuán,3649,325000,Piso,3.0,2.0,97.0,4.0,0,7
10320,9,Tetuán,3649,310000,Piso,4.0,2.0,76.0,3.0,0,7
10321,9,Tetuán,3649,980000,Piso,6.0,2.0,260.0,1.0,0,7
10322,9,Tetuán,3649,390000,Piso,3.0,1.0,99.0,3.0,0,7
10323,9,Tetuán,3649,385500,Piso,3.0,2.0,126.0,5.0,1,7
10324,9,Tetuán,3649,310000,Piso,4.0,2.0,76.0,3.0,0,7
10325,9,Tetuán,3649,1495000,Piso,7.0,4.0,336.0,6.0,0,7
10326,9,Tetuán,3649,225000,Dúplex,2.0,1.0,73.0,,0,7
10327,9,Tetuán,3649,585000,Piso,1.0,2.0,86.0,12.0,0,7
10328,9,Tetuán,3649,3350000,Piso,4.0,5.0,300.0,2.0,0,7
10329,9,Tetuán,3649,450000,Piso,2.0,2.0,101.0,1.0,1,7
10330,9,Tetuán,3649,495000,Piso,1.0,1.0,80.0,6.0,1,7
10331,9,Tetuán,3649,399900,Piso,3.0,2.0,100.0,1.0,1,7
10332,9,Tetuán,3649,250000,Piso,2.0,1.0,46.0,,0,7
10333,9,Tetuán,3649,630000,Piso,3.0,2.0,150.0,2.0,1,7
10334,9,Tetuán,3649,127000,Piso,3.0,1.0,62.0,2.0,0,7
10335,9,Tetuán,3649,159000,Apartamento,1.0,1.0,48.0,,0,7
10336,9,Tetuán,3649,345000,Piso,2.0,1.0,83.0,6.0,0,7
10337,9,Tetuán,3649,165000,Piso,3.0,1.0,71.0,,0,7
10338,9,Tetuán,3649,1195000,Piso,4.0,3.0,205.0,10.0,1,7
10339,9,Tetuán,3649,2530200,Casa o chalet,3.0,3.0,642.0,,0,7
10340,9,Tetuán,3649,169900,Piso,2.0,1.0,42.0,1.0,0,7
10341,9,Tetuán,3649,310000,Piso,4.0,2.0,76.0,3.0,0,7
10342,9,Tetuán,3649,575000,Piso,3.0,2.0,100.0,4.0,0,7
10343,9,Tetuán,3649,195000,Piso,3.0,1.0,76.0,3.0,0,7
10344,9,Tetuán,3649,165000,Piso,3.0,1.0,71.0,,0,7
10345,9,Tetuán,3649,144000,Dúplex,1.0,1.0,48.0,,0,7
10346,9,Tetuán,3649,790000,Piso,4.0,2.0,139.0,4.0,0,7
10347,9,Tetuán,3649,390000,Piso,3.0,1.0,99.0,3.0,0,7
10348,9,Tetuán,3649,250000,Piso,2.0,1.0,46.0,,0,7
10349,9,Tetuán,3649,179000,Piso,2.0,1.0,58.0,3.0,0,7
10350,9,Tetuán,3649,95000,Planta baja,1.0,1.0,35.0,,0,7
10351,9,Tetuán,3649,236000,Piso,1.0,1.0,50.0,2.0,0,7
10352,9,Tetuán,3649,135000,Piso,2.0,1.0,50.0,1.0,0,7
10353,9,Tetuán,3649,1060000,Piso,1.0,1.0,240.0,,0,7
10354,9,Tetuán,3649,209000,Piso,3.0,1.0,90.0,2.0,0,7
10355,9,Tetuán,3649,285000,Piso,4.0,2.0,115.0,1.0,0,7
10356,9,Tetuán,3649,91000,Piso,2.0,1.0,51.0,,0,7
10357,9,Tetuán,3649,600000,Piso,4.0,3.0,126.0,8.0,0,7
10358,9,Tetuán,3649,650000,Piso,3.0,2.0,200.0,2.0,1,7
10359,9,Tetuán,3649,99000,Piso,3.0,1.0,62.0,,0,7
10360,9,Tetuán,3649,160650,Piso,3.0,1.0,55.0,1.0,0,7
10361,9,Tetuán,3649,80000,Piso,1.0,1.0,35.0,3.0,0,7
10362,9,Tetuán,3649,5873000,Ático,4.0,4.0,311.0,,1,7
10363,9,Tetuán,3649,215000,Ático,1.0,1.0,52.0,3.0,1,7
10364,9,Tetuán,3649,350000,Casa adosada,4.0,3.0,147.0,,0,7
10365,9,Tetuán,3649,390000,Piso,3.0,1.0,99.0,3.0,0,7
10366,9,Tetuán,3649,99000,Piso,1.0,1.0,46.0,,0,7
10367,9,Tetuán,3649,149000,Piso,2.0,1.0,45.0,1.0,0,7
10368,9,Tetuán,3649,138000,Dúplex,1.0,1.0,26.0,,0,7
10369,9,Tetuán,3649,797000,Piso,5.0,3.0,232.0,2.0,1,7
10370,9,Tetuán,3649,79900,Estudio,,1.0,25.0,,0,7
10371,9,Tetuán,3649,1399000,Piso,4.0,5.0,230.0,,1,7
10372,9,Tetuán,3649,310000,Piso,4.0,2.0,76.0,3.0,0,7
10373,9,Tetuán,3649,1200000,Casa adosada,5.0,3.0,900.0,,1,7
10374,9,Tetuán,3649,120000,Piso,1.0,1.0,40.0,,0,7
10375,9,Tetuán,3649,95000,Planta baja,1.0,1.0,35.0,,0,7
10376,9,Tetuán,3649,250000,Piso,2.0,1.0,46.0,,0,7
10377,9,Tetuán,3649,85000,Piso,2.0,1.0,83.0,,0,7
10378,9,Tetuán,3649,425000,Piso,3.0,2.0,125.0,2.0,1,7
10379,9,Tetuán,3649,940000,Piso,5.0,5.0,129.0,1.0,0,7
10380,9,Tetuán,3649,2995000,Piso,5.0,5.0,566.0,5.0,1,7
10381,9,Tetuán,3649,165000,Piso,3.0,1.0,71.0,,0,7
10382,9,Tetuán,3649,312000,Ático,3.0,1.0,105.0,3.0,1,7
10383,9,Tetuán,3649,95000,Planta baja,1.0,1.0,35.0,,0,7
10384,9,Tetuán,3649,165000,Piso,3.0,1.0,71.0,,0,7
10385,9,Tetuán,3649,149000,Apartamento,1.0,1.0,38.0,2.0,0,7
10386,9,Tetuán,3649,310000,Piso,2.0,1.0,67.0,1.0,0,7
10387,9,Tetuán,3649,215000,Piso,2.0,1.0,64.0,,1,7
10388,9,Tetuán,3649,620000,Piso,3.0,3.0,106.0,1.0,1,7
10389,9,Tetuán,3649,1500000,Dúplex,2.0,2.0,170.0,,1,7
10390,9,Tetuán,3649,85000,Piso,1.0,1.0,26.0,,0,7
10391,9,Tetuán,3649,640000,Piso,4.0,2.0,170.0,2.0,0,7
10392,9,Tetuán,3649,998000,Piso,3.0,3.0,230.0,12.0,1,7
10393,9,Tetuán,3649,250000,Piso,2.0,1.0,46.0,,0,7
10394,9,Tetuán,3649,134000,Piso,3.0,1.0,74.0,,0,7
10395,9,Tetuán,3649,390000,Piso,3.0,1.0,99.0,3.0,0,7
10396,9,Tetuán,3649,485000,Piso,2.0,1.0,60.0,10.0,0,7
10397,9,Tetuán,3649,1290000,Piso,4.0,2.0,148.0,,0,7
10398,9,Tetuán,3649,3200000,Piso,10.0,4.0,372.0,,1,7
10399,9,Tetuán,3649,390000,Piso,3.0,1.0,99.0,3.0,0,7
10400,9,Tetuán,3649,145000,Piso,2.0,1.0,63.0,,0,7
10401,9,Tetuán,3649,1150000,Dúplex,4.0,3.0,295.0,5.0,1,7
10402,9,Tetuán,3649,825000,Piso,5.0,3.0,170.0,,1,7
10403,9,Tetuán,3649,265055,Piso,1.0,1.0,59.0,1.0,1,7
10404,9,Tetuán,3649,880000,Piso,5.0,3.0,188.0,5.0,1,7
10405,9,Tetuán,3649,3450000,Piso,3.0,3.0,251.0,4.0,0,7
10406,9,Tetuán,3649,4350000,Piso,5.0,5.0,400.0,,0,7
10407,9,Tetuán,3649,950000,Piso,5.0,3.0,280.0,2.0,1,7
10408,9,Tetuán,3649,114000,Piso,3.0,1.0,64.0,,0,7
10409,9,Tetuán,3649,180000,Apartamento,1.0,1.0,56.0,1.0,0,7
10410,9,Tetuán,3649,368000,Piso,3.0,1.0,98.0,2.0,0,7
10411,9,Tetuán,3649,325000,Piso,3.0,1.0,82.0,,0,7
10412,9,Tetuán,3649,105000,Piso,2.0,1.0,49.0,1.0,0,7
10413,9,Tetuán,3649,145000,Piso,3.0,1.0,70.0,,0,7
10414,9,Tetuán,3649,390000,Piso,3.0,1.0,99.0,3.0,0,7
10415,9,Tetuán,3649,565000,Piso,3.0,3.0,157.0,1.0,0,7
10416,9,Tetuán,3649,349900,Ático,2.0,2.0,78.0,,1,7
10417,9,Tetuán,3649,184050,Piso,3.0,1.0,95.0,2.0,0,7
10418,9,Tetuán,3649,849000,Piso,4.0,4.0,230.0,8.0,1,7
10419,9,Tetuán,3649,999000,Apartamento,3.0,3.0,150.0,,0,7
10420,9,Tetuán,3649,310000,Piso,4.0,2.0,76.0,3.0,0,7
10421,9,Tetuán,3649,740000,Piso,4.0,3.0,105.0,2.0,0,7
10422,9,Tetuán,3649,277000,Piso,3.0,1.0,97.0,4.0,0,7
10423,9,Tetuán,3649,1180000,Piso,5.0,5.0,420.0,,1,7
10424,9,Tetuán,3649,148000,Piso,3.0,1.0,82.0,,0,7
10425,9,Tetuán,3649,210000,Piso,2.0,1.0,79.0,2.0,0,7
10426,9,Tetuán,3649,799000,Piso,3.0,3.0,177.0,3.0,1,7
10427,9,Tetuán,3649,299000,Piso,3.0,1.0,94.0,1.0,1,7
10428,9,Tetuán,3649,229000,Piso,2.0,2.0,73.0,3.0,0,7
10429,9,Tetuán,3649,170000,Piso,2.0,1.0,50.0,,0,7
10430,9,Tetuán,3649,1075000,Piso,4.0,3.0,247.0,1.0,1,7
10431,9,Tetuán,3649,1095000,Piso,3.0,1.0,240.0,8.0,0,7
10432,9,Tetuán,3649,263000,Piso,3.0,1.0,75.0,2.0,0,7
10433,9,Tetuán,3649,46900,Piso,2.0,2.0,79.0,,0,7
10434,9,Tetuán,3649,245000,Piso,3.0,1.0,66.0,4.0,0,7
10435,9,Tetuán,3649,250000,Piso,2.0,1.0,46.0,,0,7
10436,9,Tetuán,3649,299000,Piso,2.0,1.0,89.0,,1,7
10437,9,Tetuán,3649,310000,Piso,4.0,2.0,76.0,3.0,0,7
10438,9,Tetuán,3649,138020,Piso,3.0,1.0,79.0,,0,7
10439,9,Tetuán,3649,310000,Piso,4.0,2.0,76.0,3.0,0,7
10440,9,Tetuán,3649,135000,Piso,1.0,1.0,34.0,,0,7
10441,9,Tetuán,3649,380000,Piso,3.0,2.0,100.0,1.0,1,7
10442,9,Tetuán,3649,284955,Piso,4.0,2.0,125.0,1.0,1,7
10443,9,Tetuán,3649,750000,Apartamento,1.0,1.0,81.0,1.0,0,7
10444,9,Tetuán,3649,160650,Piso,3.0,1.0,55.0,1.0,0,7
10445,9,Tetuán,3649,101000,Piso,2.0,1.0,77.0,2.0,0,7
10446,9,Tetuán,3649,390000,Piso,3.0,1.0,99.0,3.0,0,7
10447,9,Tetuán,3649,520000,Piso,4.0,2.0,113.0,,0,7
10448,9,Tetuán,3649,895000,Apartamento,3.0,4.0,193.0,,0,7
10449,9,Tetuán,3649,590000,Piso,3.0,2.0,127.0,1.0,0,7
10450,9,Tetuán,3649,398000,Piso,2.0,1.0,87.0,4.0,1,7
10451,9,Tetuán,3649,1660000,Piso,4.0,5.0,275.0,3.0,1,7
10452,9,Tetuán,3649,140000,Piso,1.0,1.0,36.0,2.0,0,7
10453,9,Tetuán,3649,117000,Piso,2.0,1.0,62.0,1.0,0,7
10454,9,Tetuán,3649,790000,Piso,3.0,2.0,127.0,6.0,0,7
10455,9,Tetuán,3649,299000,Piso,2.0,1.0,70.0,,0,7
10456,9,Tetuán,3649,399000,Ático,5.0,2.0,214.0,,1,7
10457,9,Tetuán,3649,250000,Piso,2.0,1.0,46.0,,0,7
10458,9,Tetuán,3649,1675000,Casa o chalet,9.0,7.0,432.0,,1,7
10459,9,Tetuán,3649,390000,Piso,3.0,1.0,99.0,3.0,0,7
10460,9,Tetuán,3649,219900,Piso,1.0,1.0,46.0,,0,7
10461,9,Tetuán,3649,160650,Piso,3.0,1.0,55.0,1.0,0,7
10462,9,Tetuán,3649,1400000,Piso,5.0,4.0,322.0,8.0,1,7
10463,9,Tetuán,3649,139000,Piso,3.0,1.0,64.0,2.0,0,7
10464,9,Tetuán,3649,198000,Piso,3.0,1.0,97.0,,1,7
10465,9,Tetuán,3649,899000,Piso,5.0,4.0,256.0,5.0,0,7
10466,9,Tetuán,3649,650000,Piso,3.0,2.0,132.0,,0,7
10467,9,Tetuán,3649,480000,Piso,3.0,2.0,128.0,,1,7
10468,9,Tetuán,3649,340000,Piso,2.0,2.0,58.0,6.0,0,7
10469,9,Tetuán,3649,165000,Piso,2.0,1.0,47.0,,0,7
10470,9,Tetuán,3649,180000,Piso,3.0,1.0,66.0,2.0,0,7
10471,9,Tetuán,3649,220000,Piso,1.0,1.0,41.0,2.0,0,7
10472,9,Tetuán,3649,567000,Piso,2.0,2.0,103.0,,0,7
10473,9,Tetuán,3649,239000,Piso,2.0,1.0,112.0,,0,7
10474,9,Tetuán,3649,144000,Dúplex,1.0,1.0,48.0,,0,7
10475,9,Tetuán,3649,239000,Piso,2.0,1.0,112.0,,0,7
10476,9,Tetuán,3649,310000,Piso,4.0,2.0,76.0,3.0,0,7
10477,9,Tetuán,3649,425000,Piso,2.0,2.0,90.0,5.0,0,7
10478,9,Tetuán,3649,368000,Piso,3.0,1.0,98.0,2.0,0,7
10479,9,Tetuán,3649,138500,Piso,2.0,1.0,60.0,,0,7
10480,9,Tetuán,3649,680000,Piso,3.0,2.0,115.0,3.0,0,7
10481,9,Tetuán,3649,350000,Planta baja,3.0,2.0,101.0,,0,7
10482,9,Tetuán,3649,349000,Piso,1.0,2.0,96.0,9.0,0,7
10483,9,Tetuán,3649,250000,Piso,2.0,1.0,86.0,,0,7
10484,9,Tetuán,3649,280000,Piso,2.0,2.0,66.0,4.0,0,7
10485,9,Tetuán,3649,380000,Piso,3.0,2.0,105.0,,1,7
10486,9,Tetuán,3649,310000,Piso,4.0,2.0,76.0,3.0,0,7
10487,9,Tetuán,3649,95000,Planta baja,1.0,1.0,35.0,,0,7
10488,9,Tetuán,3649,450000,Piso,2.0,2.0,138.0,2.0,1,7
10489,9,Tetuán,3649,99000,Piso,2.0,1.0,38.0,,0,7
10490,9,Tetuán,3649,820000,Piso,5.0,3.0,222.0,6.0,1,7
10491,9,Tetuán,3649,320000,Apartamento,,,80.0,,0,7
10492,9,Tetuán,3649,595000,Piso,3.0,2.0,102.0,5.0,1,7
10493,9,Tetuán,3649,95000,Planta baja,1.0,1.0,35.0,,0,7
10494,9,Tetuán,3649,230000,Piso,3.0,1.0,90.0,1.0,0,7
10495,9,Tetuán,3649,200500,Piso,2.0,1.0,77.0,,0,7
10496,9,Tetuán,3649,730000,Piso,3.0,2.0,141.0,2.0,0,7
10497,9,Tetuán,3649,115500,Piso,3.0,1.0,70.0,4.0,0,7
10498,9,Tetuán,3649,830000,Piso,3.0,2.0,116.0,3.0,0,7
10499,9,Tetuán,3649,820000,Piso,5.0,2.0,168.0,,0,7
10500,9,Tetuán,3649,429000,Piso,2.0,2.0,98.0,,0,7
10501,9,Tetuán,3649,255000,Piso,3.0,1.0,65.0,,0,7
10502,9,Tetuán,3649,240000,Piso,3.0,1.0,70.0,2.0,0,7
10503,9,Tetuán,3649,690000,Piso,3.0,2.0,152.0,8.0,1,7
10504,9,Tetuán,3649,1200000,Piso,2.0,3.0,123.0,5.0,0,7
10505,9,Tetuán,3649,290000,Piso,2.0,1.0,100.0,7.0,1,7
10506,9,Tetuán,3649,790000,Piso,5.0,3.0,280.0,2.0,1,7
10507,9,Tetuán,3649,582220,Piso,5.0,4.0,103.0,,0,7
10508,9,Tetuán,3649,239500,Piso,1.0,1.0,67.0,7.0,0,7
10509,9,Tetuán,3649,160650,Piso,3.0,1.0,55.0,1.0,0,7
10510,9,Tetuán,3649,1180000,Piso,3.0,2.0,184.0,3.0,0,7
10511,9,Tetuán,3649,440000,Piso,3.0,2.0,119.0,4.0,0,7
10512,9,Tetuán,3649,165000,Piso,3.0,1.0,71.0,,0,7
10513,9,Tetuán,3649,79000,Piso,,1.0,65.0,,0,7
10514,9,Tetuán,3649,490000,Piso,3.0,2.0,106.0,2.0,0,7
10515,9,Tetuán,3649,170000,Piso,3.0,1.0,80.0,,0,7
10516,9,Tetuán,3649,162500,Apartamento,1.0,1.0,51.0,,0,7
10517,9,Tetuán,3649,95000,Planta baja,1.0,1.0,35.0,,0,7
10518,9,Tetuán,3649,310000,Piso,4.0,2.0,76.0,3.0,0,7
10519,9,Tetuán,3649,189000,Piso,2.0,1.0,48.0,4.0,0,7
10520,9,Tetuán,3649,390000,Piso,3.0,1.0,99.0,3.0,0,7
10521,9,Tetuán,3649,950000,Piso,3.0,3.0,160.0,4.0,1,7
10522,9,Tetuán,3649,1250000,Casa adosada,7.0,4.0,565.0,,1,7
10523,9,Tetuán,3649,99000,Piso,2.0,1.0,55.0,,0,7
10524,9,Tetuán,3649,277000,Piso,3.0,1.0,97.0,4.0,0,7
10525,9,Tetuán,3649,149000,Piso,1.0,1.0,50.0,,0,7
10526,9,Tetuán,3649,559000,Piso,4.0,2.0,152.0,2.0,1,7
10527,9,Tetuán,3649,300000,Piso,2.0,1.0,80.0,1.0,0,7
10528,9,Tetuán,3649,125000,Estudio,1.0,1.0,30.0,3.0,0,7
10529,9,Tetuán,3649,586000,Piso,5.0,2.0,214.0,2.0,0,7
10530,9,Tetuán,3649,340000,Ático,1.0,1.0,72.0,3.0,0,7
10531,9,Tetuán,3649,830000,Piso,3.0,2.0,116.0,3.0,0,7
10532,9,Tetuán,3649,95000,Planta baja,1.0,1.0,35.0,,0,7
10533,9,Tetuán,3649,108800,Piso,3.0,1.0,65.0,5.0,0,7
10534,9,Tetuán,3649,499900,Piso,2.0,2.0,78.0,7.0,0,7
10535,9,Tetuán,3649,570000,Piso,2.0,2.0,106.0,3.0,1,7
10536,9,Tetuán,3649,315000,Piso,3.0,1.0,74.0,6.0,0,7
10537,9,Tetuán,3649,395000,Piso,1.0,1.0,77.0,6.0,0,7
10538,9,Tetuán,3649,335000,Piso,7.0,2.0,125.0,,0,7
10539,9,Tetuán,3649,165000,Piso,3.0,1.0,71.0,,0,7
10540,9,Tetuán,3649,95000,Planta baja,1.0,1.0,35.0,,0,7
10541,9,Tetuán,3649,368000,Piso,3.0,1.0,98.0,2.0,0,7
10542,9,Tetuán,3649,365000,Piso,4.0,2.0,128.0,1.0,1,7
10543,9,Tetuán,3649,699000,Piso,4.0,3.0,175.0,1.0,0,7
10544,9,Tetuán,3649,875000,Piso,4.0,3.0,220.0,7.0,0,7
10545,9,Tetuán,3649,184000,Piso,3.0,1.0,70.0,,0,7
10546,9,Tetuán,3649,292000,Piso,1.0,1.0,73.0,,0,7
10547,9,Tetuán,3649,850000,Piso,4.0,2.0,160.0,,0,7
10548,9,Tetuán,3649,144000,Estudio,,1.0,32.0,1.0,0,7
10549,9,Tetuán,3649,420000,Piso,4.0,1.0,85.0,,1,7
10550,9,Tetuán,3649,674000,Piso,2.0,2.0,111.0,,0,7
10551,9,Tetuán,3649,99000,Piso,2.0,1.0,47.0,,0,7
10552,9,Tetuán,3649,459000,Piso,4.0,2.0,130.0,4.0,0,7
10553,9,Tetuán,3649,600000,Piso,3.0,2.0,127.0,1.0,0,7
10554,9,Tetuán,3649,420000,Piso,3.0,2.0,104.0,1.0,0,7
10555,9,Tetuán,3649,1048330,Piso,2.0,2.0,139.0,9.0,0,7
10556,9,Tetuán,3649,390000,Piso,3.0,1.0,99.0,3.0,0,7
10557,9,Tetuán,3649,368000,Piso,3.0,1.0,98.0,2.0,0,7
10558,9,Tetuán,3649,285000,Piso,2.0,1.0,93.0,1.0,0,7
10559,9,Tetuán,3649,610000,Piso,4.0,3.0,176.0,2.0,0,7
10560,9,Tetuán,3649,315000,Piso,2.0,1.0,101.0,1.0,0,7
10561,9,Tetuán,3649,150000,Piso,3.0,1.0,72.0,1.0,0,7
10562,9,Tetuán,3649,160650,Piso,3.0,1.0,55.0,1.0,0,7
10563,9,Tetuán,3649,250000,Piso,2.0,1.0,46.0,,0,7
10564,9,Tetuán,3649,144000,Dúplex,1.0,1.0,48.0,,0,7
10565,9,Tetuán,3649,368000,Piso,3.0,1.0,98.0,2.0,0,7
10566,9,Tetuán,3649,184000,Piso,1.0,1.0,50.0,,0,7
10567,9,Tetuán,3649,245000,Piso,3.0,1.0,91.0,1.0,0,7
10568,9,Tetuán,3649,95000,Planta baja,1.0,1.0,35.0,,0,7
10569,9,Tetuán,3649,368000,Piso,3.0,1.0,98.0,2.0,0,7
10570,9,Tetuán,3649,160650,Piso,3.0,1.0,55.0,1.0,0,7
10571,9,Tetuán,3649,80000,Piso,2.0,1.0,41.0,2.0,0,7
10572,9,Tetuán,3649,866000,Piso,2.0,2.0,130.0,,1,7
10573,9,Tetuán,3649,132520,Piso,2.0,1.0,96.0,,0,7
10574,9,Tetuán,3649,310000,Piso,4.0,2.0,76.0,3.0,0,7
10575,9,Tetuán,3649,165000,Piso,3.0,1.0,71.0,,0,7
10576,9,Tetuán,3649,390000,Piso,3.0,1.0,99.0,3.0,0,7
10577,9,Tetuán,3649,170000,Piso,2.0,1.0,80.0,,0,7
10578,9,Tetuán,3649,435000,Piso,3.0,2.0,85.0,4.0,0,7
10579,9,Tetuán,3649,109000,Piso,3.0,2.0,109.0,,0,7
10580,9,Tetuán,3649,120000,Piso,3.0,1.0,65.0,3.0,0,7
10581,9,Tetuán,3649,260000,Dúplex,2.0,1.0,90.0,,0,7
10582,9,Tetuán,3649,1495000,Piso,5.0,4.0,262.0,,0,7
10583,9,Tetuán,3649,430000,Loft,3.0,2.0,150.0,3.0,1,7
10584,9,Tetuán,3649,105000,Piso,2.0,1.0,60.0,,0,7
10585,9,Tetuán,3649,112000,Piso,1.0,1.0,57.0,12.0,0,7
10586,9,Tetuán,3649,368000,Piso,3.0,1.0,98.0,2.0,0,7
10587,9,Tetuán,3649,250000,Piso,2.0,2.0,81.0,6.0,0,7
10588,9,Tetuán,3649,299000,Piso,2.0,2.0,98.0,,0,7
10589,9,Tetuán,3649,299900,Piso,2.0,1.0,63.0,1.0,0,7
10590,9,Tetuán,3649,140000,Estudio,,1.0,57.0,,0,7
10591,9,Tetuán,3649,640000,Piso,3.0,3.0,150.0,,1,7
10592,9,Tetuán,3649,650000,Piso,,2.0,116.0,4.0,1,7
10593,9,Tetuán,3649,381500,Piso,3.0,1.0,90.0,4.0,1,7
10594,9,Tetuán,3649,119000,Loft,1.0,1.0,50.0,3.0,1,7
10595,9,Tetuán,3649,165000,Planta baja,,1.0,38.0,,1,7
10596,9,Tetuán,3649,95000,Planta baja,1.0,1.0,35.0,,0,7
10597,9,Tetuán,3649,250000,Piso,2.0,1.0,46.0,,0,7
10598,9,Tetuán,3649,729900,Piso,4.0,2.0,167.0,1.0,0,7
10599,9,Tetuán,3649,270000,Piso,3.0,1.0,65.0,,0,7
10600,9,Tetuán,3649,159000,Piso,2.0,1.0,52.0,3.0,0,7
10601,9,Tetuán,3649,119900,Piso,3.0,1.0,78.0,,0,7
10602,9,Tetuán,3649,843000,Piso,4.0,3.0,261.0,1.0,0,7
10603,9,Tetuán,3649,159000,Piso,3.0,1.0,65.0,3.0,0,7
10604,9,Tetuán,3649,370000,Piso,2.0,2.0,87.0,,1,7
10605,9,Tetuán,3649,250000,Piso,2.0,1.0,46.0,,0,7
10606,9,Tetuán,3649,222000,Piso,1.0,1.0,59.0,4.0,0,7
10607,9,Tetuán,3649,250000,Piso,2.0,1.0,46.0,,0,7
10608,9,Tetuán,3649,120000,Piso,2.0,1.0,41.0,,0,7
10609,9,Tetuán,3649,95000,Planta baja,1.0,1.0,35.0,,0,7
10610,9,Tetuán,3649,250000,Piso,2.0,1.0,46.0,,0,7
10611,9,Tetuán,3649,295000,Piso,1.0,1.0,52.0,10.0,0,7
10612,9,Tetuán,3649,270000,Piso,3.0,1.0,66.0,3.0,0,7
10613,9,Tetuán,3649,1095000,Piso,4.0,3.0,215.0,8.0,0,7
10614,9,Tetuán,3649,320000,Piso,1.0,1.0,67.0,,0,7
10615,9,Tetuán,3649,535000,Piso,3.0,2.0,141.0,6.0,1,7
10616,9,Tetuán,3649,340000,Piso,2.0,2.0,104.0,1.0,1,7
10617,9,Tetuán,3649,228000,Piso,2.0,1.0,63.0,2.0,0,7
10618,9,Tetuán,3649,165000,Piso,3.0,1.0,71.0,,0,7
10619,9,Tetuán,3649,124000,Piso,1.0,1.0,40.0,,0,7
10620,9,Tetuán,3649,298000,Piso,2.0,1.0,69.0,2.0,0,7
10621,9,Tetuán,3649,368000,Piso,3.0,1.0,98.0,2.0,0,7
10622,9,Tetuán,3649,2950000,Piso,5.0,5.0,444.0,4.0,0,7
10623,9,Tetuán,3649,216000,Dúplex,2.0,2.0,86.0,3.0,0,7
10624,9,Tetuán,3649,390000,Piso,3.0,1.0,99.0,3.0,0,7
10625,9,Tetuán,3649,137000,Piso,3.0,1.0,75.0,1.0,0,7
10626,9,Tetuán,3649,241000,Piso,4.0,1.0,98.0,,0,7
10627,9,Tetuán,3649,310000,Piso,4.0,2.0,76.0,3.0,0,7
10628,9,Tetuán,3649,980000,Ático,4.0,3.0,179.0,9.0,1,7
10629,9,Tetuán,3649,250000,Piso,2.0,1.0,46.0,,0,7
10630,9,Tetuán,3649,380000,Casa o chalet,4.0,2.0,92.0,,0,7
10631,9,Tetuán,3649,113500,Piso,2.0,1.0,57.0,,0,7
10632,9,Tetuán,3649,250000,Loft,1.0,1.0,45.0,,0,7
10633,9,Tetuán,3649,1100000,Piso,3.0,3.0,198.0,6.0,1,7
10634,9,Tetuán,3649,214000,Piso,1.0,1.0,30.0,,0,7
10635,9,Tetuán,3649,845000,Piso,2.0,2.0,100.0,3.0,0,7
10636,9,Tetuán,3649,1450000,Ático,5.0,5.0,241.0,2.0,1,7
10637,9,Tetuán,3649,250000,Piso,2.0,1.0,46.0,,0,7
10638,9,Tetuán,3649,85000,Piso,3.0,1.0,70.0,4.0,0,7
10639,9,Tetuán,3649,276730,Piso,3.0,1.0,89.0,3.0,0,7
10640,9,Tetuán,3649,271900,Estudio,,1.0,50.0,,0,7
10641,9,Tetuán,3649,150000,Apartamento,1.0,1.0,31.0,,0,7
10642,9,Tetuán,3649,142000,Estudio,,1.0,22.0,,0,7
10643,9,Tetuán,3649,285000,Piso,3.0,2.0,125.0,2.0,0,7
10644,9,Tetuán,3649,1500000,Casa o chalet,6.0,9.0,760.0,,1,7
10645,9,Tetuán,3649,310000,Piso,4.0,2.0,76.0,3.0,0,7
10646,9,Tetuán,3649,195000,Piso,3.0,1.0,61.0,4.0,0,7
10647,9,Tetuán,3649,495000,Piso,4.0,2.0,176.0,3.0,0,7
10648,9,Tetuán,3649,135000,Piso,3.0,1.0,73.0,5.0,0,7
10649,9,Tetuán,3649,295000,Piso,2.0,2.0,90.0,,1,7
10650,9,Tetuán,3649,157000,Piso,1.0,1.0,40.0,1.0,0,7
10651,9,Tetuán,3649,3600000,Piso,4.0,5.0,332.0,,1,7
10652,9,Tetuán,3649,450000,Piso,2.0,1.0,63.0,,0,7
10653,9,Tetuán,3649,395000,Ático,2.0,2.0,55.0,3.0,1,7
10654,9,Tetuán,3649,160650,Piso,3.0,1.0,55.0,1.0,0,7
10655,9,Tetuán,3649,165000,Piso,3.0,1.0,71.0,,0,7
10656,9,Tetuán,3649,250000,Piso,2.0,1.0,46.0,,0,7
10657,9,Tetuán,3649,425000,Piso,1.0,2.0,62.0,6.0,0,7
10658,9,Tetuán,3649,160650,Piso,3.0,1.0,55.0,1.0,0,7
10659,9,Tetuán,3649,235000,Piso,2.0,1.0,59.0,1.0,0,7
10660,9,Tetuán,3649,397800,Piso,4.0,2.0,93.0,1.0,0,7
10661,9,Tetuán,3649,618000,Piso,4.0,2.0,127.0,3.0,0,7
10662,9,Tetuán,3649,192500,Piso,1.0,1.0,65.0,1.0,0,7
10663,9,Tetuán,3649,865000,Planta baja,3.0,3.0,169.0,,1,7
10664,9,Tetuán,3649,359000,Piso,1.0,1.0,45.0,,0,7
10665,9,Tetuán,3649,250000,Piso,2.0,1.0,46.0,,0,7
10666,9,Tetuán,3649,250000,Piso,2.0,1.0,46.0,,0,7
10667,9,Tetuán,3649,240000,Piso,2.0,1.0,61.0,,0,7
10668,9,Tetuán,3649,325000,Piso,2.0,1.0,72.0,1.0,0,7
10669,9,Tetuán,3649,139000,Loft,,1.0,41.0,,0,7
10670,9,Tetuán,3649,310000,Piso,4.0,2.0,76.0,3.0,0,7
10671,9,Tetuán,3649,395000,Piso,4.0,2.0,123.0,2.0,0,7
10672,9,Tetuán,3649,250000,Piso,2.0,1.0,46.0,,0,7
10673,9,Tetuán,3649,990000,Piso,4.0,2.0,208.0,2.0,0,7
10674,9,Tetuán,3649,165000,Piso,3.0,1.0,71.0,,0,7
10675,9,Tetuán,3649,730000,Piso,4.0,2.0,221.0,1.0,0,7
10676,9,Tetuán,3649,249000,Ático,2.0,2.0,100.0,2.0,0,7
10677,9,Tetuán,3649,299500,Piso,4.0,2.0,118.0,1.0,1,7
10678,9,Tetuán,3649,164000,Piso,1.0,1.0,45.0,,0,7
10679,9,Tetuán,3649,550000,Loft,1.0,2.0,185.0,,0,7
10680,9,Tetuán,3649,209550,Piso,,,68.0,,0,7
10681,9,Tetuán,3649,184000,Piso,,,69.0,,0,7
10682,9,Tetuán,3649,505800,Piso,4.0,2.0,149.0,,0,7
10683,9,Tetuán,3649,153000,Piso,1.0,1.0,45.0,1.0,0,7
10684,9,Tetuán,3649,139500,Piso,3.0,1.0,69.0,,0,7
10685,9,Tetuán,3649,459000,Piso,4.0,2.0,130.0,4.0,0,7
10686,9,Tetuán,3649,559000,Piso,4.0,2.0,152.0,2.0,1,7
10687,9,Tetuán,3649,368000,Piso,4.0,2.0,84.0,,0,7
10688,9,Tetuán,3649,250000,Piso,2.0,1.0,46.0,,0,7
10689,9,Tetuán,3649,150000,Piso,3.0,1.0,71.0,2.0,0,7
10690,9,Tetuán,3649,144000,Dúplex,1.0,1.0,48.0,,0,7
10691,9,Tetuán,3649,1050000,Piso,3.0,3.0,292.0,,1,7
10692,9,Tetuán,3649,214000,Piso,3.0,1.0,72.0,4.0,0,7
10693,9,Tetuán,3649,250000,Piso,2.0,1.0,46.0,,0,7
10694,9,Tetuán,3649,625000,Piso,4.0,4.0,215.0,,0,7
10695,9,Tetuán,3649,112000,Piso,1.0,1.0,35.0,2.0,0,7
10696,9,Tetuán,3649,555490,Piso,2.0,2.0,87.0,1.0,0,7
10697,9,Tetuán,3649,179000,Piso,1.0,1.0,51.0,,1,7
10698,9,Tetuán,3649,190600,Piso,1.0,1.0,64.0,1.0,1,7
10699,9,Tetuán,3649,144000,Dúplex,1.0,1.0,48.0,,0,7
10700,9,Tetuán,3649,770000,Piso,5.0,2.0,197.0,2.0,0,7
10701,9,Tetuán,3649,139000,Piso,3.0,1.0,70.0,1.0,0,7
10702,9,Tetuán,3649,230300,Piso,2.0,1.0,68.0,,0,7
10703,9,Tetuán,3649,160650,Piso,3.0,1.0,55.0,1.0,0,7
10704,9,Tetuán,3649,95000,Planta baja,1.0,1.0,35.0,,0,7
10705,9,Tetuán,3649,95000,Planta baja,1.0,1.0,35.0,,0,7
10706,9,Tetuán,3649,247000,Piso,1.0,1.0,49.0,,0,7
10707,9,Tetuán,3649,195000,Piso,4.0,2.0,114.0,,0,7
10708,9,Tetuán,3649,625000,Piso,4.0,3.0,126.0,8.0,1,7
10709,9,Tetuán,3649,243580,Piso,1.0,1.0,67.0,2.0,0,7
10710,9,Tetuán,3649,235000,Piso,2.0,1.0,67.0,2.0,1,7
10711,9,Tetuán,3649,310000,Piso,4.0,2.0,76.0,3.0,0,7
10712,9,Tetuán,3649,190000,Piso,3.0,1.0,95.0,,0,7
10713,9,Tetuán,3649,160650,Piso,3.0,1.0,55.0,1.0,0,7
10714,9,Tetuán,3649,550000,Piso,4.0,3.0,120.0,4.0,0,7
10715,9,Tetuán,3649,124000,Piso,2.0,1.0,55.0,3.0,0,7
10716,9,Tetuán,3649,160650,Piso,3.0,1.0,55.0,1.0,0,7
10717,9,Tetuán,3649,310000,Piso,4.0,2.0,76.0,3.0,0,7
10718,9,Tetuán,3649,700000,Piso,3.0,4.0,114.0,,0,7
10719,9,Tetuán,3649,95000,Planta baja,1.0,1.0,35.0,,0,7
10720,9,Tetuán,3649,239500,Dúplex,1.0,1.0,67.0,,1,7
10721,9,Tetuán,3649,390000,Piso,3.0,1.0,99.0,3.0,0,7
10722,9,Tetuán,3649,395000,Piso,3.0,2.0,111.0,5.0,0,7
10723,9,Tetuán,3649,319000,Piso,2.0,3.0,103.0,,1,7
10724,9,Tetuán,3649,329000,Piso,3.0,2.0,88.0,3.0,1,7
10725,9,Tetuán,3649,155000,Piso,2.0,1.0,82.0,3.0,0,7
10726,9,Tetuán,3649,147000,Piso,2.0,1.0,53.0,,0,7
10727,9,Tetuán,3649,1399000,Piso,5.0,4.0,330.0,9.0,1,7
10728,9,Tetuán,3649,265000,Piso,3.0,2.0,115.0,2.0,0,7
10729,9,Tetuán,3649,210000,Estudio,,1.0,33.0,8.0,0,7
10730,9,Tetuán,3649,450000,Piso,3.0,2.0,85.0,2.0,1,7
10731,9,Tetuán,3649,325000,Piso,2.0,1.0,60.0,1.0,0,7
10732,9,Tetuán,3649,95000,Planta baja,1.0,1.0,35.0,,0,7
10733,9,Tetuán,3649,739000,Piso,4.0,3.0,114.0,2.0,0,7
10734,9,Tetuán,3649,215000,Piso,2.0,1.0,73.0,,0,7
10735,9,Tetuán,3649,310000,Piso,4.0,2.0,76.0,3.0,0,7
10736,9,Tetuán,3649,250000,Piso,2.0,1.0,46.0,,0,7
10737,9,Tetuán,3649,280000,Casa o chalet,6.0,3.0,174.0,,0,7
10738,9,Tetuán,3649,1475000,Piso,4.0,4.0,310.0,4.0,1,7
10739,9,Tetuán,3649,950000,Ático,3.0,2.0,168.0,7.0,1,7
10740,9,Tetuán,3649,144000,Dúplex,1.0,1.0,48.0,,0,7
10741,9,Tetuán,3649,450000,Piso,2.0,2.0,94.0,1.0,1,7
10742,9,Tetuán,3649,144000,Dúplex,1.0,1.0,48.0,,0,7
10743,9,Tetuán,3649,160650,Piso,3.0,1.0,55.0,1.0,0,7
10744,9,Tetuán,3649,441000,Piso,5.0,2.0,150.0,,0,7
10745,9,Tetuán,3649,310000,Piso,4.0,2.0,76.0,3.0,0,7
10746,9,Tetuán,3649,250000,Piso,2.0,1.0,46.0,,0,7
10747,9,Tetuán,3649,148500,Piso,2.0,1.0,59.0,1.0,0,7
10748,9,Tetuán,3649,368000,Piso,3.0,1.0,98.0,2.0,0,7
10749,9,Tetuán,3649,95000,Piso,2.0,1.0,63.0,5.0,0,7
10750,9,Tetuán,3649,160650,Piso,3.0,1.0,55.0,1.0,0,7
10751,9,Tetuán,3649,800000,Piso,5.0,3.0,197.0,6.0,0,7
10752,9,Tetuán,3649,375000,Piso,2.0,2.0,55.0,,0,7
10753,9,Tetuán,3649,140000,Piso,2.0,1.0,46.0,,0,7
10754,9,Tetuán,3649,165000,Piso,3.0,1.0,71.0,,0,7
10755,9,Tetuán,3649,2400000,Piso,5.0,3.0,282.0,,1,7
10756,9,Tetuán,3649,148500,Piso,1.0,1.0,60.0,3.0,0,7
10757,9,Tetuán,3649,1050000,Piso,7.0,3.0,290.0,2.0,1,7
10758,9,Tetuán,3649,145000,Piso,2.0,1.0,60.0,,0,7
10759,9,Tetuán,3649,219000,Piso,1.0,1.0,42.0,1.0,0,7
10760,9,Tetuán,3649,320000,Piso,3.0,2.0,90.0,4.0,0,7
10761,9,Tetuán,3649,176000,Piso,2.0,1.0,56.0,1.0,0,7
10762,9,Tetuán,3649,95000,Planta baja,1.0,1.0,35.0,,0,7
10763,9,Tetuán,3649,505800,Piso,4.0,2.0,149.0,,0,7
10764,9,Tetuán,3649,586000,Piso,9.0,3.0,214.0,,1,7
10765,9,Tetuán,3649,385000,Piso,3.0,1.0,84.0,9.0,0,7
10766,9,Tetuán,3649,298000,Apartamento,1.0,1.0,44.0,1.0,0,7
10767,9,Tetuán,3649,226000,Piso,3.0,1.0,80.0,,0,7
10768,9,Tetuán,3649,95000,Planta baja,1.0,1.0,35.0,,0,7
10769,9,Tetuán,3649,559000,Piso,4.0,3.0,145.0,2.0,0,7
10770,9,Tetuán,3649,339000,Piso,2.0,1.0,54.0,7.0,0,7
10771,9,Tetuán,3649,165000,Piso,3.0,1.0,71.0,,0,7
10772,9,Tetuán,3649,825000,Apartamento,5.0,3.0,175.0,5.0,1,7
10773,9,Tetuán,3649,368000,Piso,3.0,1.0,98.0,2.0,0,7
10774,9,Tetuán,3649,390000,Piso,3.0,1.0,99.0,3.0,0,7
10775,9,Tetuán,3649,149900,Piso,3.0,1.0,67.0,4.0,0,7
10776,9,Tetuán,3649,160650,Piso,3.0,1.0,55.0,1.0,0,7
10777,9,Tetuán,3649,310000,Piso,3.0,2.0,95.0,5.0,1,7
10778,9,Tetuán,3649,310000,Piso,4.0,2.0,76.0,3.0,0,7
10779,9,Tetuán,3649,384000,Piso,3.0,2.0,110.0,3.0,1,7
10780,9,Tetuán,3649,245000,Piso,2.0,1.0,82.0,3.0,0,7
10781,9,Tetuán,3649,3000000,Casa adosada,5.0,5.0,650.0,,0,7
10782,9,Tetuán,3649,290000,Piso,3.0,2.0,90.0,,1,7
10783,9,Tetuán,3649,227000,Piso,2.0,1.0,66.0,1.0,1,7
10784,9,Tetuán,3649,162000,Piso,2.0,1.0,79.0,2.0,0,7
10785,9,Tetuán,3649,279000,Piso,3.0,2.0,97.0,2.0,0,7
10786,9,Tetuán,3649,368000,Piso,3.0,1.0,98.0,2.0,0,7
10787,9,Tetuán,3649,130000,Piso,3.0,1.0,61.0,2.0,0,7
10788,9,Tetuán,3649,650000,Piso,3.0,2.0,116.0,6.0,0,7
10789,9,Tetuán,3649,450000,Piso,2.0,2.0,90.0,2.0,0,7
10790,9,Tetuán,3649,260000,Piso,2.0,1.0,67.0,2.0,1,7
10791,9,Tetuán,3649,390000,Piso,3.0,1.0,99.0,3.0,0,7
10792,9,Tetuán,3649,79000,Piso,2.0,1.0,50.0,,0,7
10793,9,Tetuán,3649,285000,Piso,1.0,1.0,78.0,1.0,0,7
10794,9,Tetuán,3649,500000,Piso,4.0,2.0,101.0,6.0,0,7
10795,9,Tetuán,3649,1030000,Piso,4.0,4.0,220.0,7.0,1,7
10796,9,Tetuán,3649,1050000,Piso,4.0,4.0,199.0,3.0,0,7
10797,9,Tetuán,3649,1120000,Piso,3.0,2.0,130.0,5.0,0,7
10798,9,Tetuán,3649,270000,Piso,1.0,1.0,35.0,2.0,0,7
10799,9,Tetuán,3649,788000,Piso,5.0,3.0,245.0,7.0,1,7
10800,9,Tetuán,3649,180000,Apartamento,2.0,1.0,45.0,3.0,0,7
10801,9,Tetuán,3649,210000,Piso,2.0,1.0,79.0,,1,7
10802,9,Tetuán,3649,95000,Planta baja,1.0,1.0,35.0,,0,7
10803,9,Tetuán,3649,184900,Piso,2.0,2.0,89.0,,0,7
10804,9,Tetuán,3649,475000,Piso,5.0,2.0,130.0,,0,7
10805,9,Tetuán,3649,225000,Piso,2.0,1.0,75.0,,0,7
10806,9,Tetuán,3649,149000,Piso,2.0,1.0,50.0,,0,7
10807,9,Tetuán,3649,95000,Planta baja,1.0,1.0,35.0,,0,7
10808,9,Tetuán,3649,160000,Piso,1.0,1.0,35.0,1.0,0,7
10809,9,Tetuán,3649,119000,Piso,1.0,1.0,30.0,,0,7
10810,9,Tetuán,3649,245000,Piso,3.0,1.0,64.0,4.0,0,7
10811,9,Tetuán,3649,200000,Piso,2.0,1.0,69.0,2.0,0,7
10812,9,Tetuán,3649,368000,Piso,3.0,1.0,98.0,2.0,0,7
10813,9,Tetuán,3649,390000,Piso,3.0,1.0,99.0,3.0,0,7
10814,9,Tetuán,3649,950000,Ático,3.0,2.0,168.0,7.0,1,7
10815,9,Tetuán,3649,145000,Piso,1.0,1.0,65.0,,0,7
10816,9,Tetuán,3649,168500,Loft,,1.0,117.0,,0,7
10817,9,Tetuán,3649,310000,Piso,4.0,2.0,76.0,3.0,0,7
10818,9,Tetuán,3649,199500,Ático,3.0,2.0,127.0,4.0,0,7
10819,9,Tetuán,3649,130975,Piso,3.0,1.0,64.0,4.0,0,7
10820,9,Tetuán,3649,153100,Piso,2.0,1.0,75.0,8.0,0,7
10821,9,Tetuán,3649,100000,Piso,3.0,1.0,64.0,,0,7
10822,9,Tetuán,3649,389000,Piso,3.0,1.0,75.0,3.0,0,7
10823,9,Tetuán,3649,250000,Piso,2.0,1.0,46.0,,0,7
10824,9,Tetuán,3649,495000,Piso,6.0,2.0,167.0,,0,7
10825,9,Tetuán,3649,459000,Piso,4.0,2.0,130.0,4.0,0,7
10826,9,Tetuán,3649,124000,Piso,2.0,1.0,45.0,2.0,0,7
10827,9,Tetuán,3649,450000,Piso,2.0,2.0,88.0,,1,7
10828,9,Tetuán,3649,289000,Piso,2.0,1.0,72.0,1.0,1,7
10829,9,Tetuán,3649,495000,Piso,3.0,2.0,130.0,6.0,0,7
10830,9,Tetuán,3649,95000,Planta baja,1.0,1.0,35.0,,0,7
10831,9,Tetuán,3649,215000,Piso,3.0,1.0,64.0,3.0,0,7
10832,9,Tetuán,3649,350000,Ático,2.0,1.0,80.0,4.0,1,7
10833,9,Tetuán,3649,675000,Piso,4.0,2.0,144.0,3.0,0,7
10834,9,Tetuán,3649,430000,Piso,2.0,2.0,138.0,2.0,1,7
10835,9,Tetuán,3649,250000,Piso,2.0,1.0,46.0,,0,7
10836,9,Tetuán,3649,144000,Dúplex,1.0,1.0,48.0,,0,7
10837,9,Tetuán,3649,144000,Dúplex,1.0,1.0,48.0,,0,7
10838,9,Tetuán,3649,298000,Piso,2.0,1.0,69.0,2.0,0,7
10839,9,Tetuán,3649,165000,Piso,3.0,1.0,71.0,,0,7
10840,9,Tetuán,3649,145000,Apartamento,1.0,1.0,60.0,1.0,0,7
10841,9,Tetuán,3649,150000,Piso,2.0,1.0,70.0,,0,7
10842,9,Tetuán,3649,469000,Piso,4.0,2.0,150.0,5.0,0,7
10843,9,Tetuán,3649,220000,Piso,2.0,2.0,62.0,,1,7
10844,9,Tetuán,3649,2100000,Piso,13.0,3.0,397.0,,0,7
10845,9,Tetuán,3649,347000,Piso,3.0,1.0,82.0,4.0,0,7
10846,9,Tetuán,3649,368000,Piso,3.0,1.0,98.0,2.0,0,7
10847,9,Tetuán,3649,1000000,Apartamento,1.0,2.0,100.0,,0,7
10848,9,Tetuán,3649,310000,Piso,4.0,2.0,76.0,3.0,0,7
10849,9,Tetuán,3649,218000,Piso,2.0,1.0,63.0,1.0,0,7
10850,9,Tetuán,3649,160650,Piso,3.0,1.0,55.0,1.0,0,7
10851,9,Tetuán,3649,259000,Piso,2.0,1.0,56.0,4.0,0,7
10852,9,Tetuán,3649,310000,Piso,4.0,2.0,76.0,3.0,0,7
10853,9,Tetuán,3649,157000,Apartamento,1.0,1.0,31.0,1.0,0,7
10854,9,Tetuán,3649,390000,Piso,3.0,1.0,99.0,3.0,0,7
10855,9,Tetuán,3649,999000,Piso,2.0,2.0,165.0,6.0,0,7
10856,9,Tetuán,3649,160650,Piso,3.0,1.0,55.0,1.0,0,7
10857,9,Tetuán,3649,295000,Piso,1.0,1.0,50.0,,1,7
10858,9,Tetuán,3649,144000,Dúplex,1.0,1.0,48.0,,0,7
10859,9,Tetuán,3649,300000,Piso,3.0,3.0,100.0,,0,7
10860,9,Tetuán,3649,160650,Piso,3.0,1.0,55.0,1.0,0,7
10861,9,Tetuán,3649,144000,Dúplex,1.0,1.0,48.0,,0,7
10862,9,Tetuán,3649,569000,Ático,2.0,2.0,130.0,9.0,1,7
10863,9,Tetuán,3649,95000,Planta baja,1.0,1.0,35.0,,0,7
10864,9,Tetuán,3649,195000,Piso,1.0,1.0,55.0,2.0,0,7
10865,9,Tetuán,3649,152520,Piso,1.0,1.0,34.0,,0,7
10866,9,Tetuán,3649,390000,Piso,3.0,1.0,99.0,3.0,0,7
10867,9,Tetuán,3649,112000,Piso,2.0,1.0,50.0,,0,7
10868,9,Tetuán,3649,268800,Piso,2.0,2.0,76.0,2.0,1,7
10869,9,Tetuán,3649,165000,Piso,3.0,1.0,71.0,,0,7
10870,9,Tetuán,3649,1350000,Piso,5.0,5.0,312.0,,0,7
10871,9,Tetuán,3649,1150000,Apartamento,2.0,3.0,116.0,,0,7
10872,9,Tetuán,3649,1490000,Piso,7.0,4.0,336.0,6.0,1,7
10873,9,Tetuán,3649,112000,Piso,,1.0,30.0,2.0,0,7
10874,9,Tetuán,3649,1295000,Piso,4.0,3.0,224.0,4.0,0,7
10875,9,Tetuán,3649,449000,Piso,5.0,2.0,124.0,,0,7
10876,9,Tetuán,3649,109000,Piso,2.0,1.0,59.0,1.0,0,7
10877,9,Tetuán,3649,310000,Piso,4.0,2.0,76.0,3.0,0,7
10878,9,Tetuán,3649,368000,Piso,3.0,1.0,98.0,2.0,0,7
10879,9,Tetuán,3649,200000,Piso,2.0,1.0,40.0,,0,7
10880,9,Tetuán,3649,260000,Piso,2.0,1.0,60.0,2.0,0,7
10881,9,Tetuán,3649,258000,Piso,2.0,1.0,73.0,3.0,1,7
10882,9,Tetuán,3649,144000,Dúplex,1.0,1.0,48.0,,0,7
10883,9,Tetuán,3649,255000,Piso,3.0,1.0,78.0,2.0,0,7
10884,9,Tetuán,3649,790000,Casa adosada,3.0,4.0,307.0,,1,7
10885,9,Tetuán,3649,570000,Piso,2.0,1.0,105.0,2.0,0,7
10886,9,Tetuán,3649,219000,Piso,2.0,1.0,60.0,,0,7
10887,9,Tetuán,3649,390000,Piso,3.0,1.0,99.0,3.0,0,7
10888,9,Tetuán,3649,165000,Piso,3.0,1.0,71.0,,0,7
10889,9,Tetuán,3649,126000,Piso,2.0,1.0,65.0,4.0,0,7
10890,9,Tetuán,3649,165000,Piso,3.0,1.0,71.0,,0,7
10891,9,Tetuán,3649,144000,Dúplex,1.0,1.0,48.0,,0,7
10892,9,Tetuán,3649,225246,Piso,1.0,1.0,44.0,,0,7
10893,9,Tetuán,3649,1580000,Piso,4.0,6.0,280.0,10.0,1,7
10894,9,Tetuán,3649,250000,Piso,2.0,1.0,46.0,,0,7
10895,9,Tetuán,3649,310000,Piso,4.0,2.0,76.0,3.0,0,7
10896,9,Tetuán,3649,544600,Piso,2.0,2.0,87.0,1.0,0,7
10897,9,Tetuán,3649,540000,Piso,3.0,2.0,112.0,3.0,0,7
10898,9,Tetuán,3649,575000,Piso,3.0,2.0,90.0,8.0,1,7
10899,9,Tetuán,3649,239000,Piso,2.0,2.0,94.0,,0,7
10900,9,Tetuán,3649,368000,Piso,3.0,1.0,98.0,2.0,0,7
10901,9,Tetuán,3649,310000,Piso,4.0,2.0,76.0,3.0,0,7
10902,9,Tetuán,3649,390000,Piso,3.0,1.0,99.0,3.0,0,7
10903,9,Tetuán,3649,930000,Piso,5.0,3.0,203.0,4.0,1,7
10904,9,Tetuán,3649,109000,Piso,2.0,1.0,69.0,,0,7
10905,9,Tetuán,3649,697000,Piso,5.0,3.0,162.0,3.0,1,7
10906,9,Tetuán,3649,1980000,Piso,3.0,4.0,195.0,3.0,0,7
10907,9,Tetuán,3649,930000,Piso,5.0,3.0,206.0,,0,7
10908,9,Tetuán,3649,265000,Piso,3.0,1.0,53.0,4.0,0,7
10909,9,Tetuán,3649,344000,Piso,4.0,2.0,120.0,3.0,1,7
10910,9,Tetuán,3649,1600000,Piso,1.0,1.0,300.0,,0,7
10911,9,Tetuán,3649,178000,Piso,1.0,1.0,59.0,,0,7
10912,9,Tetuán,3649,105000,Piso,2.0,1.0,66.0,4.0,0,7
10913,9,Tetuán,3649,215000,Apartamento,1.0,1.0,60.0,2.0,1,7
10914,9,Tetuán,3649,215000,Piso,2.0,1.0,55.0,1.0,0,7
10915,9,Tetuán,3649,389000,Piso,3.0,1.0,91.0,1.0,1,7
10916,9,Tetuán,3649,315000,Piso,3.0,1.0,94.0,2.0,1,7
10917,9,Tetuán,3649,157000,Apartamento,1.0,1.0,,1.0,0,7
10918,9,Tetuán,3649,250000,Ático,2.0,2.0,85.0,3.0,0,7
10919,9,Tetuán,3649,400000,Piso,1.0,1.0,56.0,15.0,0,7
10920,9,Tetuán,3649,843000,Piso,4.0,3.0,261.0,1.0,1,7
10921,9,Tetuán,3649,245000,Dúplex,3.0,3.0,130.0,7.0,0,7
10922,9,Tetuán,3649,144000,Dúplex,1.0,1.0,48.0,,0,7
10923,9,Tetuán,3649,133000,Piso,4.0,1.0,74.0,3.0,0,7
10924,9,Tetuán,3649,175000,Piso,2.0,1.0,60.0,,0,7
10925,9,Tetuán,3649,530000,Piso,1.0,2.0,86.0,12.0,1,7
10926,9,Tetuán,3649,373730,Piso,3.0,1.0,78.0,11.0,0,7
10927,9,Tetuán,3649,310000,Piso,4.0,2.0,76.0,3.0,0,7
10928,9,Tetuán,3649,1600000,Casa o chalet,6.0,6.0,623.0,,1,7
10929,9,Tetuán,3649,419000,Piso,2.0,1.0,84.0,10.0,0,7
10930,9,Tetuán,3649,255000,Piso,3.0,1.0,86.0,4.0,0,7
10931,9,Tetuán,3649,125000,Estudio,,,40.0,,0,7
10932,9,Tetuán,3649,520000,Piso,3.0,1.0,91.0,2.0,0,7
10933,9,Tetuán,3649,250000,Piso,2.0,1.0,46.0,,0,7
10934,9,Tetuán,3649,1100000,Piso,5.0,4.0,279.0,7.0,1,7
10935,9,Tetuán,3649,160650,Piso,3.0,1.0,55.0,1.0,0,7
10936,9,Tetuán,3649,139900,Piso,2.0,1.0,69.0,1.0,0,7
10937,9,Tetuán,3649,1150000,Piso,4.0,3.0,173.0,6.0,0,7
10938,9,Tetuán,3649,925000,Piso,4.0,3.0,227.0,4.0,0,7
10939,9,Tetuán,3649,145000,Piso,2.0,1.0,75.0,3.0,0,7
10940,9,Tetuán,3649,125000,Piso,2.0,1.0,51.0,1.0,0,7
10941,9,Tetuán,3649,171670,Piso,1.0,1.0,53.0,3.0,0,7
10942,9,Tetuán,3649,344500,Apartamento,1.0,2.0,80.0,1.0,0,7
10943,9,Tetuán,3649,310000,Piso,3.0,1.0,89.0,2.0,1,7
10944,9,Tetuán,3649,530000,Piso,4.0,2.0,129.0,5.0,0,7
10945,9,Tetuán,3649,165000,Piso,3.0,1.0,71.0,,0,7
10946,9,Tetuán,3649,113000,Piso,3.0,1.0,53.0,1.0,0,7
10947,9,Tetuán,3649,279000,Piso,3.0,2.0,110.0,5.0,1,7
10948,9,Tetuán,3649,1200000,Piso,4.0,2.0,235.0,1.0,0,7
10949,9,Tetuán,3649,640000,Piso,4.0,3.0,191.0,1.0,0,7
10950,9,Tetuán,3649,165000,Piso,3.0,1.0,71.0,,0,7
10951,9,Tetuán,3649,402900,Piso,2.0,1.0,91.0,1.0,0,7
10952,9,Tetuán,3649,185000,Dúplex,2.0,1.0,40.0,,0,7
10953,9,Tetuán,3649,1470000,Piso,4.0,2.0,342.0,6.0,1,7
10954,9,Tetuán,3649,200000,Piso,1.0,1.0,62.0,1.0,0,7
10955,9,Tetuán,3649,162000,Piso,,1.0,30.0,2.0,0,7
10956,9,Tetuán,3649,840000,Piso,,,120.0,6.0,0,7
10957,9,Tetuán,3649,165000,Piso,2.0,1.0,65.0,,0,7
10958,9,Tetuán,3649,160650,Piso,3.0,1.0,55.0,1.0,0,7
10959,9,Tetuán,3649,1395000,Casa adosada,5.0,4.0,700.0,,1,7
10960,9,Tetuán,3649,128000,Piso,2.0,1.0,54.0,2.0,0,7
10961,9,Tetuán,3649,550000,Piso,4.0,2.0,142.0,4.0,1,7
10962,9,Tetuán,3649,849000,Piso,4.0,3.0,211.0,3.0,0,7
10963,9,Tetuán,3649,790000,Piso,5.0,3.0,281.0,2.0,1,7
10964,9,Tetuán,3649,144000,Dúplex,1.0,1.0,48.0,,0,7
10965,9,Tetuán,3649,95000,Planta baja,1.0,1.0,35.0,,0,7
10966,9,Tetuán,3649,89000,Piso,3.0,1.0,49.0,7.0,0,7
10967,9,Tetuán,3649,144000,Dúplex,1.0,1.0,48.0,,0,7
10968,9,Tetuán,3649,91000,Piso,2.0,1.0,52.0,3.0,0,7
10969,9,Tetuán,3649,825000,Piso,5.0,3.0,175.0,5.0,1,7
10970,9,Tetuán,3649,310000,Piso,4.0,2.0,76.0,3.0,0,7
10971,9,Tetuán,3649,71000,Piso,2.0,1.0,47.0,2.0,0,7
10972,9,Tetuán,3649,1395000,Piso,3.0,3.0,150.0,5.0,0,7
10973,9,Tetuán,3649,2100000,Piso,5.0,4.0,230.0,1.0,0,7
10974,9,Tetuán,3649,160650,Piso,3.0,1.0,55.0,1.0,0,7
10975,9,Tetuán,3649,144000,Dúplex,1.0,1.0,48.0,,0,7
10976,9,Tetuán,3649,390000,Piso,3.0,1.0,99.0,3.0,0,7
10977,9,Tetuán,3649,167000,Piso,1.0,1.0,32.0,,0,7
10978,9,Tetuán,3649,475000,Piso,,1.0,140.0,,0,7
10979,9,Tetuán,3649,169000,Piso,2.0,1.0,60.0,3.0,0,7
10980,9,Tetuán,3649,1190000,Casa o chalet,4.0,2.0,250.0,,0,7
10981,9,Tetuán,3649,670000,Piso,2.0,2.0,90.0,4.0,0,7
10982,9,Tetuán,3649,399000,Piso,3.0,1.0,96.0,2.0,0,7
10983,9,Tetuán,3649,390000,Piso,3.0,1.0,99.0,3.0,0,7
10984,9,Tetuán,3649,180000,Estudio,,1.0,43.0,3.0,0,7
10985,9,Tetuán,3649,695000,Dúplex,2.0,1.0,68.0,,0,7
10986,9,Tetuán,3649,385000,Piso,4.0,2.0,93.0,2.0,1,7
10987,9,Tetuán,3649,540000,Piso,3.0,2.0,120.0,,0,7
10988,9,Tetuán,3649,130000,Piso,3.0,1.0,58.0,,0,7
10989,9,Tetuán,3649,255000,Piso,2.0,1.0,65.0,4.0,0,7
10990,9,Tetuán,3649,390000,Piso,3.0,1.0,99.0,3.0,0,7
10991,9,Tetuán,3649,157000,Piso,,,36.0,1.0,0,7
10992,9,Tetuán,3649,180000,Piso,1.0,1.0,56.0,1.0,0,7
10993,9,Tetuán,3649,335000,Piso,2.0,1.0,106.0,,0,7
10994,9,Tetuán,3649,1300000,Piso,5.0,4.0,358.0,5.0,1,7
10995,9,Tetuán,3649,115500,Piso,3.0,1.0,76.0,,0,7
10996,9,Tetuán,3649,1590000,Piso,3.0,4.0,321.0,4.0,0,7
10997,9,Tetuán,3649,390000,Piso,3.0,1.0,99.0,3.0,0,7
10998,9,Tetuán,3649,485000,Piso,3.0,2.0,204.0,3.0,1,7
10999,9,Tetuán,3649,95000,Planta baja,1.0,1.0,35.0,,0,7
11000,9,Tetuán,3649,250000,Piso,2.0,1.0,46.0,,0,7
11001,9,Tetuán,3649,120000,Piso,1.0,1.0,40.0,,0,7
11002,9,Tetuán,3649,236000,Piso,2.0,1.0,42.0,1.0,0,7
11003,9,Tetuán,3649,178000,Piso,1.0,1.0,50.0,,0,7
11004,9,Tetuán,3649,335000,Piso,2.0,2.0,80.0,1.0,1,7
11005,9,Tetuán,3649,305000,Piso,4.0,2.0,169.0,9.0,1,7
11006,9,Tetuán,3649,250000,Piso,2.0,1.0,46.0,,0,7
11007,9,Tetuán,3649,250000,Piso,2.0,1.0,46.0,,0,7
11008,9,Tetuán,3649,2200000,Piso,12.0,5.0,281.0,,1,7
11009,9,Tetuán,3649,1350000,Piso,5.0,5.0,312.0,,0,7
11010,9,Tetuán,3649,2500000,Casa o chalet,5.0,4.0,369.0,,1,7
11011,9,Tetuán,3649,795000,Piso,4.0,2.0,155.0,12.0,1,7
11012,9,Tetuán,3649,160650,Piso,3.0,1.0,55.0,1.0,0,7
11013,9,Tetuán,3649,675000,Piso,3.0,2.0,166.0,,1,7
11014,9,Tetuán,3649,95000,Planta baja,1.0,1.0,35.0,,0,7
11015,9,Tetuán,3649,165000,Piso,3.0,1.0,71.0,,0,7
11016,9,Tetuán,3649,242000,Ático,1.0,2.0,81.0,7.0,0,7
11017,9,Tetuán,3649,1300000,Piso,2.0,2.0,130.0,,0,7
11018,9,Tetuán,3649,199000,Piso,2.0,1.0,53.0,1.0,0,7
11019,9,Tetuán,3649,144000,Estudio,1.0,1.0,41.0,,0,7
11020,9,Tetuán,3649,169800,Piso,4.0,1.0,72.0,1.0,0,7
11021,9,Tetuán,3649,129900,Estudio,,1.0,36.0,2.0,0,7
11022,9,Tetuán,3649,144000,Dúplex,1.0,1.0,48.0,,0,7
11023,9,Tetuán,3649,156000,Piso,3.0,1.0,,,0,7
11024,9,Tetuán,3649,299000,Piso,3.0,2.0,89.0,,0,7
11025,9,Tetuán,3649,1695000,Piso,1.0,1.0,30.0,2.0,0,7
11026,9,Tetuán,3649,230555,Piso,2.0,1.0,69.0,1.0,0,7
11027,9,Tetuán,3649,152520,Piso,1.0,1.0,24.0,,0,7
11028,9,Tetuán,3649,250000,Piso,2.0,1.0,46.0,,0,7
11029,9,Tetuán,3649,150200,Piso,,,51.0,,0,7
11030,9,Tetuán,3649,550000,Ático,4.0,3.0,196.0,,1,7
11031,9,Tetuán,3649,650000,Piso,3.0,2.0,128.0,,0,7
11032,9,Tetuán,3649,63400,Piso,,1.0,21.0,,0,7
11033,9,Tetuán,3649,570000,Piso,5.0,5.0,140.0,3.0,0,7
11034,19,Usera,1942,99000,Piso,2.0,1.0,57.0,,0,11
11035,19,Usera,1942,890000,Piso,4.0,3.0,232.0,4.0,0,11
11036,19,Usera,1942,299000,Piso,3.0,2.0,116.0,1.0,1,11
11037,19,Usera,1942,145000,Piso,2.0,1.0,75.0,3.0,0,11
11038,19,Usera,1942,145000,Piso,2.0,1.0,75.0,3.0,0,11
11039,19,Usera,1942,825000,Piso,2.0,2.0,133.0,,0,11
11040,19,Usera,1942,222000,Piso,2.0,1.0,86.0,1.0,0,11
11041,19,Usera,1942,139000,Planta baja,3.0,1.0,75.0,,0,11
11042,19,Usera,1942,199500,Piso,3.0,1.0,70.0,,0,11
11043,19,Usera,1942,980000,Ático,4.0,3.0,200.0,9.0,0,11
11044,19,Usera,1942,330000,Piso,1.0,1.0,70.0,3.0,1,11
11045,19,Usera,1942,152000,Piso,3.0,2.0,126.0,2.0,0,11
11046,19,Usera,1942,380000,Casa adosada,4.0,2.0,90.0,,0,11
11047,19,Usera,1942,878800,Piso,4.0,2.0,168.0,1.0,0,11
11048,19,Usera,1942,138000,Piso,3.0,1.0,67.0,,0,11
11049,19,Usera,1942,211000,Estudio,,,40.0,3.0,0,11
11050,19,Usera,1942,145000,Piso,2.0,1.0,75.0,3.0,0,11
11051,19,Usera,1942,380000,Casa adosada,4.0,2.0,90.0,,0,11
11052,19,Usera,1942,239000,Dúplex,3.0,2.0,114.0,5.0,0,11
11053,19,Usera,1942,85000,Apartamento,1.0,1.0,60.0,1.0,0,11
11054,19,Usera,1942,92000,Piso,1.0,1.0,33.0,,0,11
11055,19,Usera,1942,185000,Piso,4.0,2.0,101.0,,1,11
11056,19,Usera,1942,185000,Piso,4.0,2.0,101.0,,1,11
11057,19,Usera,1942,159000,Piso,,1.0,34.0,3.0,0,11
11058,19,Usera,1942,156000,Piso,4.0,2.0,120.0,3.0,1,11
11059,19,Usera,1942,199000,Piso,3.0,1.0,86.0,1.0,1,11
11060,19,Usera,1942,365000,Piso,2.0,2.0,93.0,2.0,1,11
11061,19,Usera,1942,152000,Piso,3.0,2.0,100.0,4.0,0,11
11062,19,Usera,1942,167000,Piso,,,72.0,7.0,0,11
11063,19,Usera,1942,105000,Piso,3.0,1.0,52.0,,0,11
11064,19,Usera,1942,195000,Casa adosada,3.0,2.0,90.0,,0,11
11065,19,Usera,1942,105900,Piso,3.0,1.0,90.0,3.0,0,11
11066,19,Usera,1942,126000,Piso,3.0,1.0,64.0,3.0,0,11
11067,19,Usera,1942,878800,Piso,4.0,2.0,168.0,1.0,0,11
11068,19,Usera,1942,89900,Piso,2.0,1.0,50.0,1.0,0,11
11069,19,Usera,1942,138000,Piso,3.0,1.0,67.0,,0,11
11070,19,Usera,1942,159000,Piso,1.0,1.0,60.0,,0,11
11071,19,Usera,1942,878800,Piso,4.0,2.0,168.0,1.0,0,11
11072,19,Usera,1942,145000,Piso,2.0,1.0,75.0,3.0,0,11
11073,19,Usera,1942,136000,Piso,3.0,1.0,90.0,,0,11
11074,19,Usera,1942,145000,Piso,2.0,1.0,75.0,3.0,0,11
11075,19,Usera,1942,930000,Ático,3.0,3.0,145.0,6.0,1,11
11076,19,Usera,1942,380000,Casa adosada,4.0,2.0,90.0,,0,11
11077,19,Usera,1942,239000,Piso,3.0,2.0,117.0,3.0,1,11
11078,19,Usera,1942,145000,Piso,2.0,1.0,75.0,3.0,0,11
11079,19,Usera,1942,126500,Piso,3.0,1.0,74.0,,0,11
11080,19,Usera,1942,270000,Piso,1.0,1.0,86.0,3.0,1,11
11081,19,Usera,1942,127300,Piso,2.0,1.0,67.0,4.0,0,11
11082,19,Usera,1942,490000,Piso,2.0,2.0,80.0,,0,11
11083,19,Usera,1942,138000,Piso,3.0,1.0,67.0,,0,11
11084,19,Usera,1942,185000,Piso,4.0,2.0,101.0,,1,11
11085,19,Usera,1942,244000,Piso,3.0,2.0,114.0,5.0,1,11
11086,19,Usera,1942,139000,Piso,3.0,1.0,66.0,2.0,0,11
11087,19,Usera,1942,230000,Piso,2.0,1.0,90.0,7.0,0,11
11088,19,Usera,1942,380000,Casa adosada,4.0,2.0,90.0,,0,11
11089,19,Usera,1942,878800,Piso,4.0,2.0,168.0,1.0,0,11
11090,19,Usera,1942,116000,Piso,1.0,1.0,44.0,4.0,0,11
11091,19,Usera,1942,130000,Piso,3.0,1.0,78.0,,0,11
11092,19,Usera,1942,380000,Casa adosada,4.0,2.0,90.0,,0,11
11093,19,Usera,1942,380000,Casa adosada,4.0,2.0,90.0,,0,11
11094,19,Usera,1942,878800,Piso,4.0,2.0,168.0,1.0,0,11
11095,19,Usera,1942,198500,Piso,2.0,1.0,75.0,,0,11
11096,19,Usera,1942,152000,Apartamento,1.0,1.0,50.0,,0,11
11097,19,Usera,1942,878800,Piso,4.0,2.0,168.0,1.0,0,11
11098,19,Usera,1942,479867,Ático,4.0,2.0,274.0,7.0,1,11
11099,19,Usera,1942,224900,Piso,3.0,1.0,80.0,1.0,0,11
11100,19,Usera,1942,276000,Piso,2.0,2.0,92.0,9.0,0,11
11101,19,Usera,1942,548000,Piso,5.0,2.0,135.0,2.0,0,11
11102,19,Usera,1942,221000,Piso,2.0,,73.0,,0,11
11103,19,Usera,1942,138000,Piso,3.0,1.0,67.0,,0,11
11104,19,Usera,1942,380000,Casa adosada,4.0,2.0,90.0,,0,11
11105,19,Usera,1942,97000,Piso,2.0,1.0,69.0,2.0,0,11
11106,19,Usera,1942,380000,Casa adosada,4.0,2.0,90.0,,0,11
11107,19,Usera,1942,165000,Ático,2.0,1.0,49.0,4.0,0,11
11108,19,Usera,1942,1700000,Piso,7.0,6.0,562.0,1.0,1,11
11109,19,Usera,1942,92000,Piso,2.0,1.0,54.0,8.0,0,11
11110,19,Usera,1942,168000,Piso,1.0,1.0,52.0,,0,11
11111,19,Usera,1942,890000,Dúplex,4.0,2.0,270.0,5.0,0,11
11112,19,Usera,1942,145000,Piso,2.0,1.0,75.0,3.0,0,11
11113,19,Usera,1942,109190,Piso,3.0,1.0,51.0,3.0,0,11
11114,19,Usera,1942,80000,Piso,2.0,1.0,55.0,,0,11
11115,19,Usera,1942,245000,Piso,3.0,2.0,98.0,9.0,0,11
11116,19,Usera,1942,138000,Piso,3.0,1.0,67.0,,0,11
11117,19,Usera,1942,185000,Piso,4.0,2.0,101.0,,1,11
11118,19,Usera,1942,215000,Piso,3.0,2.0,81.0,1.0,0,11
11119,19,Usera,1942,145000,Piso,2.0,1.0,75.0,3.0,0,11
11120,19,Usera,1942,170000,Piso,5.0,2.0,108.0,2.0,0,11
11121,19,Usera,1942,79840,Piso,3.0,1.0,62.0,2.0,0,11
11122,19,Usera,1942,289900,Piso,4.0,2.0,159.0,1.0,0,11
11123,19,Usera,1942,145000,Piso,2.0,1.0,59.0,2.0,0,11
11124,19,Usera,1942,139000,Piso,3.0,1.0,70.0,7.0,0,11
11125,19,Usera,1942,295000,Apartamento,1.0,1.0,90.0,2.0,1,11
11126,19,Usera,1942,165000,Piso,2.0,1.0,34.0,,0,11
11127,19,Usera,1942,123000,Piso,2.0,1.0,68.0,1.0,0,11
11128,19,Usera,1942,138000,Piso,3.0,1.0,60.0,,0,11
11129,19,Usera,1942,878800,Piso,4.0,2.0,168.0,1.0,0,11
11130,19,Usera,1942,129500,Piso,1.0,1.0,25.0,,0,11
11131,19,Usera,1942,598000,Piso,4.0,2.0,121.0,4.0,0,11
11132,19,Usera,1942,840000,Piso,3.0,2.0,155.0,6.0,0,11
11133,19,Usera,1942,155000,Dúplex,2.0,2.0,120.0,,0,11
11134,19,Usera,1942,129000,Piso,3.0,1.0,79.0,4.0,0,11
11135,19,Usera,1942,445000,Ático,2.0,2.0,91.0,5.0,1,11
11136,19,Usera,1942,555000,Piso,4.0,2.0,113.0,,0,11
11137,19,Usera,1942,80000,Piso,2.0,1.0,53.0,5.0,0,11
11138,19,Usera,1942,138000,Piso,3.0,1.0,67.0,,0,11
11139,19,Usera,1942,878800,Piso,4.0,2.0,168.0,1.0,0,11
11140,19,Usera,1942,149000,Piso,3.0,2.0,109.0,4.0,0,11
11141,19,Usera,1942,699000,Piso,6.0,3.0,150.0,3.0,0,11
11142,19,Usera,1942,150000,Piso,2.0,1.0,68.0,1.0,0,11
11143,19,Usera,1942,380000,Casa adosada,4.0,2.0,90.0,,0,11
11144,19,Usera,1942,295000,Piso,1.0,1.0,56.0,9.0,0,11
11145,19,Usera,1942,214800,Piso,2.0,1.0,68.0,3.0,1,11
11146,19,Usera,1942,145000,Piso,2.0,1.0,75.0,3.0,0,11
11147,19,Usera,1942,138000,Piso,3.0,1.0,67.0,,0,11
11148,19,Usera,1942,2530200,Casa o chalet,1.0,1.0,642.0,,0,11
11149,19,Usera,1942,185000,Piso,4.0,2.0,101.0,,1,11
11150,19,Usera,1942,185000,Piso,3.0,1.0,82.0,2.0,0,11
11151,19,Usera,1942,380000,Casa adosada,4.0,2.0,90.0,,0,11
11152,19,Usera,1942,135000,Piso,3.0,1.0,70.0,,0,11
11153,19,Usera,1942,878800,Piso,4.0,2.0,168.0,1.0,0,11
11154,19,Usera,1942,154000,Piso,3.0,2.0,91.0,2.0,0,11
11155,19,Usera,1942,151900,Piso,2.0,1.0,52.0,,0,11
11156,19,Usera,1942,140000,Piso,3.0,1.0,63.0,,0,11
11157,19,Usera,1942,1190000,Piso,4.0,2.0,166.0,,0,11
11158,19,Usera,1942,137000,Piso,2.0,1.0,49.0,,0,11
11159,19,Usera,1942,95000,Piso,3.0,1.0,66.0,,0,11
11160,19,Usera,1942,132000,Piso,2.0,1.0,60.0,2.0,0,11
11161,19,Usera,1942,95000,Piso,3.0,1.0,75.0,,0,11
11162,19,Usera,1942,138000,Piso,3.0,1.0,67.0,,0,11
11163,19,Usera,1942,250000,Piso,1.0,1.0,40.0,2.0,0,11
11164,19,Usera,1942,575000,Piso,4.0,3.0,183.0,2.0,1,11
11165,19,Usera,1942,199000,Piso,3.0,1.0,83.0,2.0,0,11
11166,19,Usera,1942,849900,Piso,4.0,3.0,225.0,,0,11
11167,19,Usera,1942,102000,Piso,2.0,1.0,79.0,1.0,0,11
11168,19,Usera,1942,380000,Casa adosada,4.0,2.0,90.0,,0,11
11169,19,Usera,1942,381000,Piso,2.0,2.0,100.0,7.0,0,11
11170,19,Usera,1942,145000,Piso,2.0,1.0,75.0,3.0,0,11
11171,19,Usera,1942,319500,Piso,2.0,1.0,89.0,2.0,0,11
11172,19,Usera,1942,275000,Piso,3.0,2.0,95.0,4.0,1,11
11173,19,Usera,1942,189000,Piso,3.0,1.0,98.0,1.0,0,11
11174,19,Usera,1942,185000,Piso,4.0,2.0,101.0,,1,11
11175,19,Usera,1942,110500,Piso,3.0,1.0,72.0,4.0,0,11
11176,19,Usera,1942,89900,Piso,2.0,1.0,53.0,,0,11
11177,19,Usera,1942,145000,Piso,2.0,1.0,75.0,3.0,0,11
11178,19,Usera,1942,1200000,Apartamento,3.0,4.0,205.0,,0,11
11179,19,Usera,1942,878800,Piso,4.0,2.0,168.0,1.0,0,11
11180,19,Usera,1942,145000,Piso,2.0,1.0,75.0,3.0,0,11
11181,19,Usera,1942,166500,Piso,3.0,1.0,83.0,2.0,0,11
11182,19,Usera,1942,150000,Piso,3.0,1.0,110.0,6.0,0,11
11183,19,Usera,1942,138000,Piso,3.0,1.0,67.0,,0,11
11184,19,Usera,1942,230000,Piso,2.0,1.0,90.0,7.0,0,11
11185,19,Usera,1942,60000,Piso,1.0,1.0,33.0,,0,11
11186,19,Usera,1942,196000,Dúplex,2.0,1.0,71.0,,0,11
11187,19,Usera,1942,185000,Piso,4.0,2.0,101.0,,1,11
11188,19,Usera,1942,123000,Piso,2.0,1.0,58.0,,0,11
11189,19,Usera,1942,788000,Piso,4.0,3.0,168.0,1.0,1,11
11190,19,Usera,1942,132260,Piso,3.0,1.0,76.0,,0,11
11191,19,Usera,1942,1026100,Piso,2.0,2.0,147.0,9.0,0,11
11192,19,Usera,1942,159000,Piso,3.0,2.0,109.0,4.0,0,11
11193,19,Usera,1942,380000,Piso,3.0,2.0,85.0,4.0,0,11
11194,19,Usera,1942,149500,Piso,1.0,1.0,55.0,2.0,0,11
11195,19,Usera,1942,166500,Piso,3.0,1.0,83.0,2.0,0,11
11196,19,Usera,1942,124900,Piso,3.0,1.0,72.0,1.0,0,11
11197,19,Usera,1942,214000,Piso,3.0,2.0,118.0,2.0,0,11
11198,19,Usera,1942,892000,Piso,4.0,4.0,160.0,2.0,1,11
11199,19,Usera,1942,440000,Piso,4.0,4.0,158.0,,0,11
11200,19,Usera,1942,380000,Casa adosada,4.0,2.0,90.0,,0,11
11201,19,Usera,1942,380000,Casa adosada,4.0,2.0,90.0,,0,11
11202,19,Usera,1942,295000,Piso,2.0,2.0,70.0,2.0,1,11
11203,19,Usera,1942,95000,Piso,3.0,1.0,75.0,,0,11
11204,19,Usera,1942,138000,Piso,3.0,1.0,67.0,,0,11
11205,19,Usera,1942,180000,Piso,,,108.0,1.0,1,11
11206,19,Usera,1942,99000,Planta baja,2.0,1.0,54.0,,0,11
11207,19,Usera,1942,155000,Piso,3.0,1.0,75.0,,0,11
11208,19,Usera,1942,695000,Piso,6.0,3.0,201.0,4.0,0,11
11209,19,Usera,1942,878800,Piso,4.0,2.0,168.0,1.0,0,11
11210,19,Usera,1942,187000,Piso,2.0,1.0,90.0,2.0,0,11
11211,19,Usera,1942,150000,Piso,3.0,1.0,71.0,2.0,0,11
11212,19,Usera,1942,199900,Piso,2.0,1.0,68.0,3.0,0,11
11213,19,Usera,1942,380000,Casa adosada,4.0,2.0,90.0,,0,11
11214,19,Usera,1942,219900,Piso,1.0,1.0,48.0,1.0,0,11
11215,19,Usera,1942,138000,Piso,3.0,1.0,67.0,,0,11
11216,19,Usera,1942,215000,Piso,3.0,1.0,75.0,,0,11
11217,19,Usera,1942,830000,Piso,3.0,2.0,117.0,3.0,0,11
11218,19,Usera,1942,189000,Piso,3.0,1.0,98.0,1.0,0,11
11219,19,Usera,1942,145000,Piso,2.0,1.0,75.0,3.0,0,11
11220,19,Usera,1942,138000,Piso,3.0,1.0,67.0,,0,11
11221,19,Usera,1942,99000,Piso,2.0,1.0,55.0,,0,11
11222,19,Usera,1942,130000,Piso,3.0,2.0,71.0,3.0,0,11
11223,19,Usera,1942,119500,Piso,2.0,1.0,57.0,,0,11
11224,19,Usera,1942,185000,Piso,4.0,2.0,101.0,,1,11
11225,19,Usera,1942,210000,Piso,1.0,1.0,75.0,1.0,0,11
11226,19,Usera,1942,129000,Piso,3.0,1.0,83.0,9.0,0,11
11227,19,Usera,1942,315000,Ático,2.0,2.0,116.0,3.0,1,11
11228,19,Usera,1942,878800,Piso,4.0,2.0,168.0,1.0,0,11
11229,19,Usera,1942,380000,Casa adosada,4.0,2.0,90.0,,0,11
11230,19,Usera,1942,878800,Piso,4.0,2.0,168.0,1.0,0,11
11231,19,Usera,1942,193200,Piso,3.0,1.0,80.0,1.0,0,11
11232,19,Usera,1942,878800,Piso,4.0,2.0,168.0,1.0,0,11
11233,19,Usera,1942,145000,Piso,2.0,1.0,75.0,3.0,0,11
11234,19,Usera,1942,1300000,Piso,3.0,3.0,117.0,,0,11
11235,19,Usera,1942,380000,Casa adosada,4.0,2.0,90.0,,0,11
11236,19,Usera,1942,189000,Piso,3.0,1.0,98.0,1.0,0,11
11237,19,Usera,1942,138000,Piso,3.0,1.0,67.0,,0,11
11238,19,Usera,1942,878800,Piso,4.0,2.0,168.0,1.0,0,11
11239,19,Usera,1942,495000,Piso,3.0,2.0,105.0,3.0,0,11
11240,19,Usera,1942,153100,Piso,2.0,1.0,75.0,3.0,0,11
11241,19,Usera,1942,878800,Piso,4.0,2.0,168.0,1.0,0,11
11242,19,Usera,1942,878800,Piso,4.0,2.0,168.0,1.0,0,11
11243,19,Usera,1942,164000,Piso,3.0,2.0,103.0,,1,11
11244,19,Usera,1942,878800,Piso,4.0,2.0,168.0,1.0,0,11
11245,19,Usera,1942,149000,Piso,2.0,1.0,67.0,,0,11
11246,19,Usera,1942,145000,Piso,2.0,1.0,75.0,3.0,0,11
11247,19,Usera,1942,878800,Piso,4.0,2.0,168.0,1.0,0,11
11248,19,Usera,1942,131000,Piso,3.0,1.0,62.0,,0,11
11249,19,Usera,1942,325000,Piso,2.0,1.0,50.0,4.0,0,11
11250,19,Usera,1942,192000,Piso,4.0,2.0,113.0,1.0,0,11
11251,19,Usera,1942,93000,Piso,3.0,1.0,44.0,3.0,0,11
11252,19,Usera,1942,380000,Casa adosada,4.0,2.0,90.0,,0,11
11253,19,Usera,1942,119000,Ático,1.0,1.0,50.0,3.0,0,11
11254,19,Usera,1942,380000,Casa adosada,4.0,2.0,90.0,,0,11
11255,19,Usera,1942,85000,Piso,1.0,1.0,51.0,,0,11
11256,19,Usera,1942,790000,Piso,3.0,3.0,245.0,12.0,0,11
11257,19,Usera,1942,275000,Piso,1.0,1.0,64.0,,0,11
11258,19,Usera,1942,138000,Piso,3.0,1.0,67.0,,0,11
11259,19,Usera,1942,210000,Piso,3.0,1.0,62.0,1.0,0,11
11260,19,Usera,1942,100000,Piso,3.0,1.0,61.0,,0,11
11261,19,Usera,1942,380000,Casa adosada,4.0,2.0,90.0,,0,11
11262,19,Usera,1942,185000,Piso,2.0,1.0,55.0,2.0,0,11
11263,19,Usera,1942,129900,Piso,4.0,1.0,96.0,,0,11
11264,19,Usera,1942,138000,Piso,3.0,1.0,67.0,,0,11
11265,19,Usera,1942,185000,Piso,4.0,2.0,101.0,,1,11
11266,19,Usera,1942,878800,Piso,4.0,2.0,168.0,1.0,0,11
11267,19,Usera,1942,190000,Piso,3.0,1.0,80.0,1.0,0,11
11268,19,Usera,1942,95000,Piso,3.0,1.0,63.0,,0,11
11269,19,Usera,1942,878800,Piso,4.0,2.0,168.0,1.0,0,11
11270,19,Usera,1942,122700,Piso,2.0,1.0,58.0,,0,11
11271,19,Usera,1942,219000,Dúplex,4.0,3.0,160.0,,0,11
11272,19,Usera,1942,995000,Piso,5.0,5.0,261.0,5.0,1,11
11273,19,Usera,1942,870000,Casa o chalet,4.0,4.0,357.0,,1,11
11274,19,Usera,1942,878800,Piso,4.0,2.0,168.0,1.0,0,11
11275,19,Usera,1942,87000,Piso,2.0,1.0,58.0,3.0,0,11
11276,19,Usera,1942,185000,Piso,4.0,2.0,101.0,,1,11
11277,19,Usera,1942,185000,Piso,4.0,2.0,101.0,,1,11
11278,19,Usera,1942,138000,Piso,3.0,1.0,67.0,,0,11
11279,19,Usera,1942,145000,Piso,2.0,1.0,75.0,3.0,0,11
11280,19,Usera,1942,380000,Casa adosada,4.0,2.0,90.0,,0,11
11281,19,Usera,1942,380000,Casa adosada,4.0,2.0,90.0,,0,11
11282,19,Usera,1942,138000,Piso,3.0,1.0,67.0,,0,11
11283,19,Usera,1942,878800,Piso,4.0,2.0,168.0,1.0,0,11
11284,19,Usera,1942,159000,Piso,1.0,1.0,47.0,,0,11
11285,19,Usera,1942,148000,Piso,3.0,1.0,64.0,,0,11
11286,19,Usera,1942,185000,Piso,4.0,2.0,101.0,,1,11
11287,19,Usera,1942,399000,Piso,3.0,2.0,89.0,1.0,0,11
11288,19,Usera,1942,157000,Piso,2.0,1.0,55.0,,0,11
11289,19,Usera,1942,138000,Piso,3.0,1.0,67.0,,0,11
11290,19,Usera,1942,380000,Casa adosada,4.0,2.0,90.0,,0,11
11291,19,Usera,1942,159400,Piso,,,48.0,1.0,0,11
11292,19,Usera,1942,228000,Piso,3.0,2.0,82.0,5.0,1,11
11293,19,Usera,1942,220000,Piso,2.0,1.0,69.0,,0,11
11294,19,Usera,1942,84000,Loft,2.0,2.0,36.0,,0,11
11295,19,Usera,1942,122400,Piso,1.0,1.0,36.0,,0,11
11296,19,Usera,1942,199900,Piso,2.0,1.0,51.0,1.0,0,11
11297,19,Usera,1942,115000,Piso,2.0,1.0,52.0,,0,11
11298,19,Usera,1942,280000,Piso,3.0,2.0,94.0,7.0,1,11
11299,19,Usera,1942,499000,Piso,4.0,2.0,143.0,2.0,0,11
11300,19,Usera,1942,166500,Piso,3.0,1.0,83.0,2.0,0,11
11301,19,Usera,1942,878800,Piso,4.0,2.0,168.0,1.0,0,11
11302,19,Usera,1942,380000,Casa adosada,4.0,2.0,90.0,,0,11
11303,19,Usera,1942,101000,Piso,1.0,1.0,63.0,2.0,0,11
11304,19,Usera,1942,160000,Piso,3.0,1.0,74.0,3.0,0,11
11305,19,Usera,1942,149990,Loft,1.0,2.0,100.0,,0,11
11306,19,Usera,1942,238000,Piso,2.0,2.0,86.0,,1,11
11307,19,Usera,1942,179000,Estudio,,1.0,40.0,4.0,0,11
11308,19,Usera,1942,319000,Planta baja,4.0,2.0,104.0,,0,11
11309,19,Usera,1942,85000,Piso,2.0,1.0,68.0,3.0,0,11
11310,19,Usera,1942,196000,Piso,2.0,1.0,65.0,7.0,0,11
11311,19,Usera,1942,349000,Piso,3.0,2.0,143.0,,0,11
11312,19,Usera,1942,878800,Piso,4.0,2.0,168.0,1.0,0,11
11313,19,Usera,1942,380000,Casa adosada,4.0,2.0,90.0,,0,11
11314,19,Usera,1942,138000,Piso,3.0,1.0,67.0,,0,11
11315,19,Usera,1942,878800,Piso,4.0,2.0,168.0,1.0,0,11
11316,19,Usera,1942,166000,Piso,3.0,1.0,73.0,,0,11
11317,19,Usera,1942,878800,Piso,4.0,2.0,168.0,1.0,0,11
11318,19,Usera,1942,129000,Piso,1.0,1.0,25.0,1.0,0,11
11319,19,Usera,1942,166500,Piso,3.0,1.0,83.0,2.0,0,11
11320,19,Usera,1942,878800,Piso,4.0,2.0,168.0,1.0,0,11
11321,19,Usera,1942,1850000,Piso,5.0,3.0,325.0,5.0,0,11
11322,19,Usera,1942,380000,Casa adosada,4.0,2.0,90.0,,0,11
11323,19,Usera,1942,460000,Piso,6.0,2.0,141.0,2.0,0,11
11324,19,Usera,1942,270000,Piso,2.0,2.0,85.0,6.0,1,11
11325,19,Usera,1942,878800,Piso,4.0,2.0,168.0,1.0,0,11
11326,19,Usera,1942,320000,Apartamento,1.0,1.0,65.0,3.0,0,11
11327,19,Usera,1942,225000,Casa adosada,3.0,2.0,90.0,,0,11
11328,19,Usera,1942,122700,Piso,2.0,1.0,59.0,,0,11
11329,19,Usera,1942,185000,Piso,4.0,2.0,101.0,,1,11
11330,19,Usera,1942,172000,Piso,1.0,1.0,51.0,4.0,0,11
11331,19,Usera,1942,319000,Piso,3.0,1.0,91.0,3.0,0,11
11332,19,Usera,1942,120000,Piso,2.0,1.0,55.0,2.0,0,11
11333,19,Usera,1942,138000,Piso,3.0,1.0,67.0,,0,11
11334,19,Usera,1942,379000,Piso,,,100.0,3.0,0,11
11335,19,Usera,1942,220000,Piso,4.0,2.0,139.0,,0,11
11336,19,Usera,1942,118000,Piso,2.0,1.0,65.0,,0,11
11337,19,Usera,1942,125000,Piso,4.0,1.0,93.0,1.0,0,11
11338,19,Usera,1942,878800,Piso,4.0,2.0,168.0,1.0,0,11
11339,19,Usera,1942,280000,Piso,3.0,2.0,131.0,,0,11
11340,19,Usera,1942,750000,Piso,5.0,3.0,250.0,1.0,0,11
11341,19,Usera,1942,1200000,Casa adosada,4.0,4.0,320.0,,1,11
11342,19,Usera,1942,138000,Piso,3.0,1.0,67.0,,0,11
11343,19,Usera,1942,380000,Casa adosada,4.0,2.0,90.0,,0,11
11344,19,Usera,1942,138000,Piso,3.0,1.0,67.0,,0,11
11345,19,Usera,1942,878800,Piso,4.0,2.0,168.0,1.0,0,11
11346,19,Usera,1942,679300,Piso,2.0,2.0,96.0,3.0,0,11
11347,19,Usera,1942,440000,Piso,2.0,1.0,65.0,,0,11
11348,19,Usera,1942,99000,Piso,2.0,1.0,55.0,,0,11
11349,19,Usera,1942,145000,Piso,2.0,1.0,75.0,3.0,0,11
11350,19,Usera,1942,145000,Piso,2.0,1.0,75.0,3.0,0,11
11351,19,Usera,1942,878800,Piso,4.0,2.0,168.0,1.0,0,11
11352,19,Usera,1942,202000,Piso,3.0,1.0,87.0,2.0,0,11
11353,19,Usera,1942,198000,Piso,2.0,1.0,94.0,5.0,0,11
11354,19,Usera,1942,150000,Piso,3.0,1.0,80.0,2.0,0,11
11355,19,Usera,1942,109000,Piso,2.0,1.0,50.0,2.0,0,11
11356,19,Usera,1942,878800,Piso,4.0,2.0,168.0,1.0,0,11
11357,19,Usera,1942,480000,Piso,3.0,2.0,110.0,3.0,1,11
11358,19,Usera,1942,140000,Piso,3.0,2.0,103.0,,0,11
11359,19,Usera,1942,900000,Piso,3.0,3.0,130.0,1.0,1,11
11360,19,Usera,1942,145000,Piso,2.0,1.0,70.0,1.0,0,11
11361,19,Usera,1942,127300,Piso,3.0,1.0,60.0,,0,11
11362,19,Usera,1942,195000,Piso,3.0,1.0,100.0,2.0,0,11
11363,19,Usera,1942,95000,Piso,2.0,1.0,63.0,5.0,0,11
11364,19,Usera,1942,121000,Piso,2.0,1.0,58.0,2.0,0,11
11365,19,Usera,1942,145000,Piso,2.0,1.0,75.0,3.0,0,11
11366,19,Usera,1942,118000,Piso,2.0,1.0,65.0,,0,11
11367,19,Usera,1942,240000,Piso,1.0,1.0,76.0,5.0,0,11
11368,19,Usera,1942,82700,Piso,2.0,1.0,57.0,1.0,0,11
11369,19,Usera,1942,230000,Piso,2.0,1.0,90.0,7.0,0,11
11370,19,Usera,1942,145000,Piso,3.0,1.0,80.0,,0,11
11371,19,Usera,1942,185000,Piso,4.0,2.0,101.0,,1,11
11372,19,Usera,1942,185000,Piso,4.0,2.0,101.0,,1,11
11373,19,Usera,1942,325000,Piso,4.0,2.0,127.0,4.0,0,11
11374,19,Usera,1942,122700,Piso,2.0,1.0,58.0,,0,11
11375,19,Usera,1942,740000,Piso,5.0,2.0,177.0,2.0,0,11
11376,19,Usera,1942,398000,Piso,2.0,2.0,101.0,1.0,1,11
11377,19,Usera,1942,380000,Casa adosada,4.0,2.0,90.0,,0,11
11378,16,Vicálvaro,2318,331500,Piso,2.0,2.0,109.0,,0,8
11379,16,Vicálvaro,2318,340000,Piso,2.0,1.0,50.0,1.0,0,8
11380,16,Vicálvaro,2318,234680,Piso,2.0,2.0,86.0,,1,8
11381,16,Vicálvaro,2318,258000,Piso,3.0,2.0,95.0,3.0,1,8
11382,16,Vicálvaro,2318,539000,Casa adosada,3.0,4.0,206.0,,1,8
11383,16,Vicálvaro,2318,258000,Piso,3.0,2.0,95.0,3.0,1,8
11384,16,Vicálvaro,2318,257000,Piso,3.0,2.0,90.0,,0,8
11385,16,Vicálvaro,2318,234680,Piso,2.0,2.0,86.0,,1,8
11386,16,Vicálvaro,2318,169000,Loft,2.0,2.0,85.0,,1,8
11387,16,Vicálvaro,2318,208000,Piso,2.0,2.0,94.0,3.0,1,8
11388,16,Vicálvaro,2318,285000,Piso,3.0,2.0,105.0,,1,8
11389,16,Vicálvaro,2318,370000,Piso,1.0,1.0,68.0,11.0,0,8
11390,16,Vicálvaro,2318,177000,Piso,1.0,1.0,63.0,,1,8
11391,16,Vicálvaro,2318,208000,Piso,2.0,2.0,94.0,3.0,1,8
11392,16,Vicálvaro,2318,210000,Piso,2.0,2.0,89.0,5.0,1,8
11393,16,Vicálvaro,2318,100000,Piso,3.0,1.0,57.0,3.0,0,8
11394,16,Vicálvaro,2318,345000,Piso,3.0,1.0,71.0,1.0,0,8
11395,16,Vicálvaro,2318,177000,Piso,1.0,1.0,63.0,,1,8
11396,16,Vicálvaro,2318,258500,Piso,2.0,2.0,92.0,5.0,1,8
11397,16,Vicálvaro,2318,150000,Piso,3.0,1.0,66.0,,0,8
11398,16,Vicálvaro,2318,399000,Ático,3.0,1.0,57.0,5.0,0,8
11399,16,Vicálvaro,2318,234680,Piso,2.0,2.0,86.0,,1,8
11400,16,Vicálvaro,2318,210000,Piso,1.0,1.0,46.0,1.0,0,8
11401,16,Vicálvaro,2318,258000,Piso,3.0,2.0,95.0,3.0,1,8
11402,16,Vicálvaro,2318,177000,Piso,1.0,1.0,63.0,,1,8
11403,16,Vicálvaro,2318,177000,Piso,1.0,1.0,63.0,,1,8
11404,16,Vicálvaro,2318,162000,Piso,4.0,2.0,125.0,,1,8
11405,16,Vicálvaro,2318,170000,Piso,3.0,1.0,50.0,,0,8
11406,16,Vicálvaro,2318,177000,Piso,1.0,1.0,63.0,,1,8
11407,16,Vicálvaro,2318,256000,Piso,3.0,2.0,60.0,,0,8
11408,16,Vicálvaro,2318,2768000,Apartamento,4.0,4.0,368.0,,1,8
11409,16,Vicálvaro,2318,985000,Casa adosada,4.0,4.0,374.0,,0,8
11410,16,Vicálvaro,2318,177000,Piso,1.0,1.0,63.0,,1,8
11411,16,Vicálvaro,2318,177000,Piso,1.0,1.0,63.0,,1,8
11412,16,Vicálvaro,2318,399900,Ático,3.0,2.0,195.0,6.0,1,8
11413,16,Vicálvaro,2318,258000,Piso,3.0,2.0,95.0,3.0,1,8
11414,16,Vicálvaro,2318,258000,Piso,3.0,2.0,95.0,3.0,1,8
11415,16,Vicálvaro,2318,99000,Piso,1.0,1.0,16.0,,0,8
11416,16,Vicálvaro,2318,650000,Piso,3.0,2.0,92.0,1.0,0,8
11417,16,Vicálvaro,2318,172000,Piso,1.0,1.0,51.0,4.0,0,8
11418,16,Vicálvaro,2318,258000,Piso,3.0,2.0,95.0,3.0,1,8
11419,16,Vicálvaro,2318,136000,Piso,3.0,1.0,77.0,1.0,0,8
11420,16,Vicálvaro,2318,116500,Piso,3.0,1.0,57.0,,0,8
11421,16,Vicálvaro,2318,234680,Piso,2.0,2.0,86.0,,1,8
11422,16,Vicálvaro,2318,116000,Piso,3.0,1.0,67.0,,0,8
11423,16,Vicálvaro,2318,258000,Piso,3.0,2.0,95.0,3.0,1,8
11424,16,Vicálvaro,2318,208000,Piso,2.0,2.0,94.0,3.0,1,8
11425,16,Vicálvaro,2318,336000,Casa o chalet,5.0,2.0,109.0,,0,8
11426,16,Vicálvaro,2318,177000,Piso,1.0,1.0,63.0,,1,8
11427,16,Vicálvaro,2318,199000,Apartamento,1.0,1.0,54.0,3.0,1,8
11428,16,Vicálvaro,2318,234680,Piso,2.0,2.0,86.0,,1,8
11429,16,Vicálvaro,2318,119000,Piso,3.0,1.0,66.0,,0,8
11430,16,Vicálvaro,2318,258000,Piso,3.0,2.0,95.0,3.0,1,8
11431,16,Vicálvaro,2318,258000,Piso,3.0,2.0,95.0,3.0,1,8
11432,16,Vicálvaro,2318,175000,Piso,2.0,1.0,73.0,2.0,1,8
11433,16,Vicálvaro,2318,308000,Piso,3.0,2.0,106.0,5.0,1,8
11434,16,Vicálvaro,2318,175000,Piso,2.0,1.0,73.0,2.0,1,8
11435,16,Vicálvaro,2318,177000,Piso,1.0,1.0,63.0,,1,8
11436,16,Vicálvaro,2318,297000,Piso,3.0,2.0,100.0,,1,8
11437,16,Vicálvaro,2318,259900,Piso,2.0,2.0,106.0,,0,8
11438,16,Vicálvaro,2318,208000,Piso,2.0,2.0,94.0,3.0,1,8
11439,16,Vicálvaro,2318,177000,Piso,1.0,1.0,63.0,,1,8
11440,16,Vicálvaro,2318,177000,Piso,1.0,1.0,63.0,,1,8
11441,16,Vicálvaro,2318,285000,Piso,3.0,3.0,116.0,,0,8
11442,16,Vicálvaro,2318,234680,Piso,2.0,2.0,86.0,,1,8
11443,16,Vicálvaro,2318,160000,Piso,2.0,1.0,55.0,,0,8
11444,16,Vicálvaro,2318,208000,Piso,2.0,2.0,94.0,3.0,1,8
11445,16,Vicálvaro,2318,470000,Piso,4.0,2.0,123.0,,0,8
11446,16,Vicálvaro,2318,148500,Piso,2.0,1.0,78.0,,0,8
11447,16,Vicálvaro,2318,95000,Piso,1.0,1.0,52.0,,0,8
11448,16,Vicálvaro,2318,100000,Piso,2.0,1.0,56.0,1.0,0,8
11449,16,Vicálvaro,2318,1140000,Ático,1.0,2.0,150.0,7.0,0,8
11450,16,Vicálvaro,2318,177000,Piso,1.0,1.0,63.0,,1,8
11451,16,Vicálvaro,2318,177000,Piso,1.0,1.0,63.0,,1,8
11452,16,Vicálvaro,2318,208000,Piso,2.0,2.0,94.0,3.0,1,8
11453,16,Vicálvaro,2318,234680,Piso,2.0,2.0,86.0,,1,8
11454,16,Vicálvaro,2318,110000,Piso,3.0,1.0,56.0,,0,8
11455,16,Vicálvaro,2318,110000,Piso,1.0,1.0,50.0,2.0,0,8
11456,16,Vicálvaro,2318,265000,Piso,2.0,2.0,88.0,,1,8
11457,16,Vicálvaro,2318,258000,Piso,3.0,2.0,95.0,3.0,1,8
11458,16,Vicálvaro,2318,177000,Piso,1.0,1.0,63.0,,1,8
11459,16,Vicálvaro,2318,258000,Piso,3.0,2.0,95.0,3.0,1,8
11460,16,Vicálvaro,2318,189000,Piso,3.0,1.0,106.0,1.0,1,8
11461,16,Vicálvaro,2318,256000,Piso,3.0,2.0,107.0,3.0,0,8
11462,16,Vicálvaro,2318,106000,Piso,2.0,1.0,59.0,,0,8
11463,16,Vicálvaro,2318,234680,Piso,2.0,2.0,86.0,,1,8
11464,16,Vicálvaro,2318,190000,Piso,2.0,1.0,88.0,,0,8
11465,16,Vicálvaro,2318,177000,Piso,1.0,1.0,63.0,,1,8
11466,16,Vicálvaro,2318,177000,Piso,1.0,1.0,63.0,,1,8
11467,16,Vicálvaro,2318,208000,Piso,2.0,2.0,94.0,3.0,1,8
11468,16,Vicálvaro,2318,177000,Piso,1.0,1.0,63.0,,1,8
11469,16,Vicálvaro,2318,250000,Piso,3.0,1.0,81.0,,1,8
11470,16,Vicálvaro,2318,105000,Piso,2.0,2.0,62.0,,0,8
11471,16,Vicálvaro,2318,199000,Piso,2.0,2.0,80.0,,1,8
11472,16,Vicálvaro,2318,68260,Piso,3.0,1.0,60.0,3.0,0,8
11473,16,Vicálvaro,2318,201000,Piso,2.0,2.0,72.0,6.0,1,8
11474,16,Vicálvaro,2318,510000,Ático,2.0,1.0,108.0,5.0,0,8
11475,16,Vicálvaro,2318,234680,Piso,2.0,2.0,86.0,,1,8
11476,16,Vicálvaro,2318,177000,Piso,1.0,1.0,63.0,,1,8
11477,16,Vicálvaro,2318,549000,Casa o chalet,5.0,3.0,313.0,,1,8
11478,16,Vicálvaro,2318,4350000,Apartamento,5.0,5.0,391.0,,0,8
11479,16,Vicálvaro,2318,252900,Piso,2.0,2.0,106.0,,0,8
11480,16,Vicálvaro,2318,177000,Piso,1.0,1.0,63.0,,1,8
11481,16,Vicálvaro,2318,234680,Piso,2.0,2.0,86.0,,1,8
11482,16,Vicálvaro,2318,185000,Piso,4.0,2.0,145.0,2.0,1,8
11483,16,Vicálvaro,2318,970000,Piso,3.0,3.0,233.0,,0,8
11484,16,Vicálvaro,2318,115000,Piso,3.0,2.0,64.0,5.0,0,8
11485,16,Vicálvaro,2318,177000,Piso,1.0,1.0,63.0,,1,8
11486,16,Vicálvaro,2318,177000,Piso,1.0,1.0,63.0,,1,8
11487,16,Vicálvaro,2318,315000,Piso,3.0,1.0,116.0,4.0,0,8
11488,16,Vicálvaro,2318,235000,Piso,3.0,2.0,130.0,2.0,1,8
11489,16,Vicálvaro,2318,102000,Piso,2.0,1.0,48.0,,0,8
11490,16,Vicálvaro,2318,1250000,Piso,4.0,3.0,200.0,6.0,0,8
11491,16,Vicálvaro,2318,113000,Piso,2.0,1.0,64.0,,0,8
11492,16,Vicálvaro,2318,315000,Ático,2.0,2.0,115.0,7.0,1,8
11493,16,Vicálvaro,2318,208000,Piso,2.0,2.0,94.0,3.0,1,8
11494,16,Vicálvaro,2318,177000,Piso,1.0,1.0,63.0,,1,8
11495,16,Vicálvaro,2318,1500000,Casa o chalet,6.0,6.0,606.0,,1,8
11496,16,Vicálvaro,2318,248600,Dúplex,3.0,2.0,96.0,1.0,0,8
11497,16,Vicálvaro,2318,382000,Piso,4.0,2.0,103.0,1.0,0,8
11498,16,Vicálvaro,2318,129000,Estudio,1.0,1.0,25.0,,1,8
11499,16,Vicálvaro,2318,177000,Piso,1.0,1.0,63.0,,1,8
11500,16,Vicálvaro,2318,385000,Piso,3.0,2.0,122.0,1.0,1,8
11501,16,Vicálvaro,2318,177000,Piso,1.0,1.0,63.0,,1,8
11502,16,Vicálvaro,2318,239000,Piso,2.0,1.0,70.0,1.0,0,8
11503,16,Vicálvaro,2318,350000,Piso,2.0,1.0,70.0,,1,8
11504,16,Vicálvaro,2318,229000,Piso,2.0,1.0,77.0,,0,8
11505,16,Vicálvaro,2318,845000,Piso,3.0,2.0,120.0,2.0,0,8
11506,16,Vicálvaro,2318,208000,Piso,2.0,2.0,94.0,3.0,1,8
11507,16,Vicálvaro,2318,177000,Piso,1.0,1.0,63.0,,1,8
11508,16,Vicálvaro,2318,234680,Piso,2.0,2.0,86.0,,1,8
11509,16,Vicálvaro,2318,177000,Piso,1.0,1.0,63.0,,1,8
11510,16,Vicálvaro,2318,177000,Piso,1.0,1.0,63.0,,1,8
11511,16,Vicálvaro,2318,85000,Piso,1.0,1.0,26.0,,0,8
11512,16,Vicálvaro,2318,234680,Piso,2.0,2.0,86.0,,1,8
11513,16,Vicálvaro,2318,140000,Planta baja,4.0,1.0,96.0,,0,8
11514,16,Vicálvaro,2318,779000,Piso,2.0,2.0,116.0,1.0,1,8
11515,16,Vicálvaro,2318,234680,Piso,2.0,2.0,86.0,,1,8
11516,16,Vicálvaro,2318,126000,Piso,2.0,1.0,54.0,,0,8
11517,16,Vicálvaro,2318,116000,Piso,2.0,1.0,71.0,,0,8
11518,16,Vicálvaro,2318,234680,Piso,2.0,2.0,86.0,,1,8
11519,16,Vicálvaro,2318,234680,Piso,2.0,2.0,86.0,,1,8
11520,16,Vicálvaro,2318,234680,Piso,2.0,2.0,86.0,,1,8
11521,16,Vicálvaro,2318,265000,Piso,3.0,2.0,112.0,1.0,0,8
11522,16,Vicálvaro,2318,198000,Piso,2.0,1.0,62.0,1.0,0,8
11523,16,Vicálvaro,2318,275000,Piso,3.0,2.0,142.0,6.0,1,8
11524,16,Vicálvaro,2318,234680,Piso,2.0,2.0,86.0,,1,8
11525,16,Vicálvaro,2318,139000,Piso,2.0,1.0,59.0,3.0,0,8
11526,16,Vicálvaro,2318,220400,Piso,1.0,1.0,62.0,3.0,0,8
11527,16,Vicálvaro,2318,258000,Piso,3.0,2.0,95.0,3.0,1,8
11528,16,Vicálvaro,2318,149500,Piso,3.0,1.0,60.0,1.0,0,8
11529,16,Vicálvaro,2318,167500,Piso,3.0,1.0,66.0,,0,8
11530,16,Vicálvaro,2318,118000,Piso,2.0,2.0,69.0,2.0,0,8
11531,16,Vicálvaro,2318,207260,Piso,3.0,1.0,95.0,,0,8
11532,16,Vicálvaro,2318,175000,Piso,3.0,2.0,68.0,,0,8
11533,16,Vicálvaro,2318,177000,Piso,1.0,1.0,63.0,,1,8
11534,16,Vicálvaro,2318,485000,Piso,3.0,2.0,126.0,2.0,1,8
11535,16,Vicálvaro,2318,1300000,Dúplex,4.0,4.0,220.0,,1,8
11536,16,Vicálvaro,2318,258000,Piso,3.0,2.0,95.0,3.0,1,8
11537,16,Vicálvaro,2318,233380,Piso,1.0,1.0,98.0,,0,8
11538,16,Vicálvaro,2318,234680,Piso,2.0,2.0,86.0,,1,8
11539,16,Vicálvaro,2318,177000,Piso,1.0,1.0,63.0,,1,8
11540,16,Vicálvaro,2318,139000,Piso,1.0,1.0,70.0,3.0,0,8
11541,16,Vicálvaro,2318,130000,Piso,3.0,1.0,56.0,3.0,0,8
11542,16,Vicálvaro,2318,258000,Piso,3.0,2.0,95.0,3.0,1,8
11543,16,Vicálvaro,2318,234680,Piso,2.0,2.0,86.0,,1,8
11544,16,Vicálvaro,2318,375000,Piso,1.0,1.0,70.0,,0,8
11545,16,Vicálvaro,2318,177000,Piso,1.0,1.0,63.0,,1,8
11546,16,Vicálvaro,2318,790000,Piso,3.0,2.0,161.0,2.0,1,8
11547,16,Vicálvaro,2318,142300,Piso,3.0,1.0,59.0,,0,8
11548,16,Vicálvaro,2318,102485,Piso,3.0,1.0,58.0,,0,8
11549,16,Vicálvaro,2318,234680,Piso,2.0,2.0,86.0,,1,8
11550,16,Vicálvaro,2318,177000,Piso,1.0,1.0,63.0,,1,8
11551,16,Vicálvaro,2318,110000,Piso,2.0,1.0,62.0,1.0,0,8
11552,16,Vicálvaro,2318,120000,Piso,2.0,1.0,50.0,1.0,0,8
11553,16,Vicálvaro,2318,177000,Piso,1.0,1.0,63.0,,1,8
11554,16,Vicálvaro,2318,290000,Piso,3.0,2.0,56.0,,0,8
11555,16,Vicálvaro,2318,258000,Piso,3.0,2.0,95.0,3.0,1,8
11556,16,Vicálvaro,2318,155000,Piso,1.0,1.0,43.0,,0,8
11557,16,Vicálvaro,2318,234680,Piso,2.0,2.0,86.0,,1,8
11558,16,Vicálvaro,2318,258000,Piso,3.0,2.0,95.0,3.0,1,8
11559,16,Vicálvaro,2318,299000,Piso,3.0,2.0,103.0,,1,8
11560,16,Vicálvaro,2318,258000,Piso,3.0,2.0,95.0,3.0,1,8
11561,16,Vicálvaro,2318,130000,Piso,3.0,1.0,66.0,,0,8
11562,16,Vicálvaro,2318,246000,Piso,2.0,2.0,76.0,3.0,1,8
11563,16,Vicálvaro,2318,168600,Piso,1.0,1.0,53.0,4.0,0,8
11564,16,Vicálvaro,2318,259000,Piso,2.0,2.0,86.0,7.0,1,8
11565,16,Vicálvaro,2318,459000,Planta baja,4.0,3.0,211.0,,1,8
11566,16,Vicálvaro,2318,177000,Piso,1.0,1.0,63.0,,1,8
11567,16,Vicálvaro,2318,369000,Piso,2.0,2.0,90.0,2.0,1,8
11568,16,Vicálvaro,2318,177000,Piso,1.0,1.0,63.0,,1,8
11569,16,Vicálvaro,2318,2150000,Apartamento,2.0,2.0,93.0,1.0,1,8
11570,16,Vicálvaro,2318,258000,Piso,3.0,2.0,95.0,3.0,1,8
11571,16,Vicálvaro,2318,145000,Estudio,,1.0,55.0,3.0,0,8
11572,16,Vicálvaro,2318,485000,Piso,2.0,2.0,85.0,3.0,0,8
11573,16,Vicálvaro,2318,258000,Piso,3.0,2.0,95.0,3.0,1,8
11574,16,Vicálvaro,2318,258000,Piso,3.0,2.0,95.0,3.0,1,8
11575,16,Vicálvaro,2318,425000,Piso,4.0,2.0,132.0,5.0,0,8
11576,16,Vicálvaro,2318,258000,Piso,3.0,2.0,95.0,3.0,1,8
11577,16,Vicálvaro,2318,123500,Piso,2.0,1.0,48.0,,0,8
11578,16,Vicálvaro,2318,208000,Piso,2.0,2.0,94.0,,0,8
11579,16,Vicálvaro,2318,208000,Piso,2.0,2.0,94.0,3.0,1,8
11580,16,Vicálvaro,2318,119000,Piso,3.0,1.0,66.0,,0,8
11581,16,Vicálvaro,2318,234680,Piso,2.0,2.0,86.0,,1,8
11582,16,Vicálvaro,2318,193200,Piso,3.0,1.0,80.0,1.0,0,8
11583,16,Vicálvaro,2318,177000,Piso,1.0,1.0,63.0,,1,8
11584,16,Vicálvaro,2318,258000,Piso,3.0,2.0,95.0,3.0,1,8
11585,16,Vicálvaro,2318,99900,Piso,2.0,1.0,58.0,,0,8
11586,16,Vicálvaro,2318,177000,Piso,1.0,1.0,63.0,,1,8
11587,16,Vicálvaro,2318,258000,Piso,3.0,2.0,95.0,3.0,1,8
11588,16,Vicálvaro,2318,177000,Piso,1.0,1.0,63.0,,1,8
11589,16,Vicálvaro,2318,394500,Casa adosada,5.0,4.0,175.0,,1,8
11590,16,Vicálvaro,2318,119000,Piso,3.0,1.0,66.0,4.0,0,8
11591,16,Vicálvaro,2318,136000,Piso,3.0,1.0,83.0,,0,8
11592,16,Vicálvaro,2318,555490,Piso,2.0,2.0,87.0,1.0,0,8
11593,16,Vicálvaro,2318,1550000,Piso,7.0,2.0,220.0,,0,8
11594,16,Vicálvaro,2318,309000,Ático,2.0,2.0,110.0,7.0,1,8
11595,16,Vicálvaro,2318,177000,Piso,1.0,1.0,63.0,,1,8
11596,16,Vicálvaro,2318,258000,Piso,3.0,2.0,95.0,3.0,1,8
11597,16,Vicálvaro,2318,175000,Piso,2.0,1.0,73.0,2.0,1,8
11598,16,Vicálvaro,2318,1220000,Piso,2.0,1.0,61.0,,0,8
11599,16,Vicálvaro,2318,146300,Piso,3.0,1.0,77.0,,0,8
11600,16,Vicálvaro,2318,166500,Piso,3.0,1.0,90.0,2.0,0,8
11601,16,Vicálvaro,2318,299000,Piso,2.0,1.0,81.0,,0,8
11602,16,Vicálvaro,2318,162500,Apartamento,1.0,1.0,51.0,,0,8
11603,16,Vicálvaro,2318,450000,Piso,5.0,2.0,164.0,5.0,1,8
11604,16,Vicálvaro,2318,208000,Piso,2.0,2.0,94.0,3.0,1,8
11605,16,Vicálvaro,2318,180000,Apartamento,1.0,1.0,45.0,1.0,0,8
11606,16,Vicálvaro,2318,258000,Piso,3.0,2.0,95.0,3.0,1,8
11607,16,Vicálvaro,2318,177000,Piso,1.0,1.0,63.0,,1,8
11608,16,Vicálvaro,2318,258000,Piso,3.0,2.0,95.0,3.0,1,8
11609,16,Vicálvaro,2318,208000,Piso,2.0,2.0,94.0,3.0,1,8
11610,16,Vicálvaro,2318,385000,Piso,5.0,4.0,167.0,4.0,0,8
11611,16,Vicálvaro,2318,270000,Piso,3.0,2.0,129.0,,0,8
11612,16,Vicálvaro,2318,500000,Piso,2.0,2.0,84.0,4.0,0,8
11613,16,Vicálvaro,2318,117300,Piso,2.0,1.0,59.0,,0,8
11614,16,Vicálvaro,2318,457000,Casa adosada,4.0,3.0,173.0,,1,8
11615,16,Vicálvaro,2318,146900,Piso,3.0,2.0,94.0,,0,8
11616,16,Vicálvaro,2318,208000,Piso,2.0,2.0,94.0,3.0,1,8
11617,16,Vicálvaro,2318,258000,Piso,3.0,2.0,95.0,3.0,1,8
11618,16,Vicálvaro,2318,115000,Piso,2.0,1.0,73.0,3.0,0,8
11619,16,Vicálvaro,2318,2294000,Casa o chalet,7.0,6.0,1245.0,,0,8
11620,16,Vicálvaro,2318,258000,Piso,3.0,2.0,95.0,3.0,1,8
11621,16,Vicálvaro,2318,234680,Piso,2.0,2.0,86.0,,1,8
11622,16,Vicálvaro,2318,265000,Piso,,,111.0,2.0,0,8
11623,16,Vicálvaro,2318,310000,Ático,2.0,2.0,95.0,6.0,1,8
11624,16,Vicálvaro,2318,147000,Piso,4.0,2.0,99.0,5.0,0,8
11625,16,Vicálvaro,2318,100000,Piso,3.0,1.0,57.0,3.0,0,8
11626,16,Vicálvaro,2318,307500,Piso,3.0,2.0,107.0,,1,8
11627,16,Vicálvaro,2318,177000,Piso,1.0,1.0,63.0,,1,8
11628,16,Vicálvaro,2318,177000,Piso,1.0,1.0,63.0,,1,8
11629,16,Vicálvaro,2318,208000,Piso,2.0,2.0,94.0,3.0,1,8
11630,16,Vicálvaro,2318,258000,Piso,3.0,2.0,95.0,3.0,1,8
11631,16,Vicálvaro,2318,555000,Piso,3.0,2.0,156.0,,1,8
11632,16,Vicálvaro,2318,177000,Piso,1.0,1.0,63.0,,1,8
11633,16,Vicálvaro,2318,210000,Piso,2.0,2.0,94.0,,0,8
11634,16,Vicálvaro,2318,375000,Piso,1.0,1.0,70.0,,0,8
11635,16,Vicálvaro,2318,375000,Piso,1.0,1.0,70.0,,0,8
11636,16,Vicálvaro,2318,258000,Piso,3.0,2.0,95.0,3.0,1,8
11637,16,Vicálvaro,2318,135000,Piso,3.0,1.0,60.0,,0,8
11638,16,Vicálvaro,2318,208000,Piso,2.0,2.0,94.0,3.0,1,8
11639,16,Vicálvaro,2318,180000,Piso,2.0,1.0,49.0,2.0,0,8
11640,16,Vicálvaro,2318,177000,Piso,1.0,1.0,63.0,,1,8
11641,16,Vicálvaro,2318,190000,Ático,1.0,1.0,56.0,,0,8
11642,16,Vicálvaro,2318,115000,Piso,2.0,1.0,55.0,,0,8
11643,16,Vicálvaro,2318,264000,Piso,2.0,1.0,51.0,1.0,0,8
11644,16,Vicálvaro,2318,204000,Piso,,,90.0,2.0,0,8
11645,16,Vicálvaro,2318,720000,Piso,3.0,2.0,127.0,2.0,1,8
11646,16,Vicálvaro,2318,870000,Ático,4.0,2.0,171.0,7.0,1,8
11647,16,Vicálvaro,2318,110000,Piso,2.0,1.0,62.0,1.0,0,8
11648,16,Vicálvaro,2318,271300,Piso,3.0,2.0,99.0,2.0,1,8
11649,16,Vicálvaro,2318,258000,Piso,3.0,2.0,95.0,3.0,1,8
11650,16,Vicálvaro,2318,211000,Piso,2.0,2.0,94.0,,0,8
11651,16,Vicálvaro,2318,340000,Piso,3.0,2.0,104.0,4.0,0,8
11652,16,Vicálvaro,2318,110000,Piso,2.0,1.0,62.0,1.0,0,8
11653,16,Vicálvaro,2318,234680,Piso,2.0,2.0,86.0,,1,8
11654,16,Vicálvaro,2318,258000,Piso,3.0,2.0,95.0,3.0,1,8
11655,16,Vicálvaro,2318,234680,Piso,2.0,2.0,86.0,,1,8
11656,16,Vicálvaro,2318,499000,Ático,3.0,2.0,160.0,7.0,1,8
11657,16,Vicálvaro,2318,175000,Piso,2.0,1.0,73.0,2.0,1,8
11658,16,Vicálvaro,2318,177000,Piso,1.0,1.0,63.0,,1,8
11659,16,Vicálvaro,2318,276225,Planta baja,3.0,2.0,123.0,4.0,1,8
11660,16,Vicálvaro,2318,440000,Piso,2.0,2.0,229.0,4.0,1,8
11661,16,Vicálvaro,2318,234680,Piso,2.0,2.0,86.0,,1,8
11662,16,Vicálvaro,2318,87000,Piso,2.0,1.0,55.0,,0,8
11663,16,Vicálvaro,2318,167000,Piso,3.0,1.0,90.0,4.0,0,8
11664,16,Vicálvaro,2318,649000,Piso,4.0,4.0,214.0,3.0,0,8
11665,16,Vicálvaro,2318,189000,Piso,3.0,1.0,90.0,,1,8
11666,16,Vicálvaro,2318,248332,Piso,3.0,2.0,90.0,,1,8
11667,16,Vicálvaro,2318,212000,Piso,2.0,2.0,94.0,,0,8
11668,16,Vicálvaro,2318,301900,Piso,1.0,1.0,56.0,3.0,0,8
11669,16,Vicálvaro,2318,120000,Casa adosada,2.0,1.0,38.0,,0,8
11670,16,Vicálvaro,2318,208000,Piso,2.0,2.0,94.0,3.0,1,8
11671,16,Vicálvaro,2318,138500,Piso,2.0,1.0,60.0,,0,8
11672,16,Vicálvaro,2318,254000,Piso,3.0,2.0,129.0,,0,8
11673,16,Vicálvaro,2318,110000,Piso,3.0,1.0,58.0,,0,8
11674,16,Vicálvaro,2318,258000,Piso,3.0,2.0,95.0,3.0,1,8
11675,16,Vicálvaro,2318,252900,Casa o chalet,2.0,2.0,106.0,6.0,1,8
11676,16,Vicálvaro,2318,258000,Piso,3.0,2.0,95.0,3.0,1,8
11677,16,Vicálvaro,2318,2075000,Piso,5.0,6.0,310.0,1.0,1,8
11678,16,Vicálvaro,2318,375000,Piso,1.0,1.0,70.0,,0,8
11679,16,Vicálvaro,2318,212000,Piso,2.0,2.0,94.0,,0,8
11680,16,Vicálvaro,2318,116500,Piso,3.0,1.0,57.0,,0,8
11681,16,Vicálvaro,2318,263125,Piso,3.0,2.0,124.0,2.0,1,8
11682,16,Vicálvaro,2318,275000,Piso,3.0,2.0,106.0,,1,8
11683,16,Vicálvaro,2318,234680,Piso,2.0,2.0,86.0,,1,8
11684,16,Vicálvaro,2318,258000,Piso,3.0,2.0,95.0,3.0,1,8
11685,16,Vicálvaro,2318,93500,Piso,1.0,1.0,32.0,,0,8
11686,16,Vicálvaro,2318,192780,Piso,3.0,1.0,89.0,6.0,0,8
11687,16,Vicálvaro,2318,177000,Piso,1.0,1.0,63.0,,1,8
11688,16,Vicálvaro,2318,158500,Piso,1.0,1.0,54.0,,1,8
11689,16,Vicálvaro,2318,258000,Piso,3.0,2.0,95.0,3.0,1,8
11690,16,Vicálvaro,2318,177000,Piso,1.0,1.0,63.0,,1,8
11691,15,Villa de Vallecas,2384,189000,Estudio,1.0,1.0,52.0,,1,11
11692,15,Villa de Vallecas,2384,1490000,Piso,8.0,6.0,289.0,1.0,0,11
11693,15,Villa de Vallecas,2384,103000,Piso,3.0,1.0,68.0,2.0,0,11
11694,15,Villa de Vallecas,2384,435000,Piso,2.0,1.0,58.0,1.0,0,11
11695,15,Villa de Vallecas,2384,258000,Piso,3.0,1.0,70.0,4.0,1,11
11696,15,Villa de Vallecas,2384,875000,Piso,2.0,2.0,127.0,3.0,1,11
11697,15,Villa de Vallecas,2384,149000,Piso,3.0,2.0,115.0,2.0,0,11
11698,15,Villa de Vallecas,2384,99900,Piso,2.0,1.0,56.0,1.0,0,11
11699,15,Villa de Vallecas,2384,141000,Piso,3.0,1.0,59.0,,0,11
11700,15,Villa de Vallecas,2384,679300,Piso,2.0,2.0,71.0,8.0,0,11
11701,15,Villa de Vallecas,2384,94800,Piso,3.0,1.0,70.0,2.0,0,11
11702,15,Villa de Vallecas,2384,234680,Piso,2.0,2.0,86.0,,1,11
11703,15,Villa de Vallecas,2384,234680,Piso,2.0,2.0,86.0,,1,11
11704,15,Villa de Vallecas,2384,112062,Piso,1.0,1.0,49.0,,0,11
11705,15,Villa de Vallecas,2384,201000,Piso,2.0,2.0,91.0,,1,11
11706,15,Villa de Vallecas,2384,574000,Piso,3.0,2.0,150.0,3.0,0,11
11707,15,Villa de Vallecas,2384,141000,Piso,3.0,1.0,59.0,,0,11
11708,15,Villa de Vallecas,2384,181000,Piso,1.0,1.0,51.0,,0,11
11709,15,Villa de Vallecas,2384,720000,Piso,5.0,2.0,133.0,5.0,1,11
11710,15,Villa de Vallecas,2384,207900,Piso,3.0,2.0,88.0,1.0,1,11
11711,15,Villa de Vallecas,2384,99000,Piso,2.0,1.0,54.0,,0,11
11712,15,Villa de Vallecas,2384,158470,Piso,1.0,1.0,50.0,,1,11
11713,15,Villa de Vallecas,2384,234680,Piso,2.0,2.0,86.0,,1,11
11714,15,Villa de Vallecas,2384,99900,Piso,2.0,1.0,56.0,1.0,0,11
11715,15,Villa de Vallecas,2384,825000,Piso,5.0,3.0,182.0,2.0,0,11
11716,15,Villa de Vallecas,2384,141000,Piso,3.0,1.0,59.0,,0,11
11717,15,Villa de Vallecas,2384,1490000,Piso,8.0,6.0,289.0,1.0,0,11
11718,15,Villa de Vallecas,2384,99900,Piso,2.0,1.0,56.0,1.0,0,11
11719,15,Villa de Vallecas,2384,720000,Piso,5.0,2.0,133.0,5.0,1,11
11720,15,Villa de Vallecas,2384,141000,Piso,3.0,1.0,59.0,,0,11
11721,15,Villa de Vallecas,2384,159400,Piso,,1.0,48.0,6.0,0,11
11722,15,Villa de Vallecas,2384,125000,Piso,2.0,3.0,84.0,,0,11
11723,15,Villa de Vallecas,2384,134500,Piso,3.0,1.0,61.0,2.0,0,11
11724,15,Villa de Vallecas,2384,435000,Piso,2.0,1.0,58.0,1.0,0,11
11725,15,Villa de Vallecas,2384,134500,Piso,3.0,1.0,61.0,2.0,0,11
11726,15,Villa de Vallecas,2384,125000,Piso,3.0,1.0,67.0,4.0,0,11
11727,15,Villa de Vallecas,2384,1490000,Piso,8.0,6.0,289.0,1.0,0,11
11728,15,Villa de Vallecas,2384,189000,Estudio,1.0,1.0,52.0,,1,11
11729,15,Villa de Vallecas,2384,165000,Loft,1.0,1.0,58.0,6.0,1,11
11730,15,Villa de Vallecas,2384,225000,Piso,1.0,1.0,65.0,,0,11
11731,15,Villa de Vallecas,2384,141000,Piso,3.0,1.0,59.0,,0,11
11732,15,Villa de Vallecas,2384,234680,Piso,2.0,2.0,86.0,,1,11
11733,15,Villa de Vallecas,2384,1490000,Piso,8.0,6.0,289.0,1.0,0,11
11734,15,Villa de Vallecas,2384,234680,Piso,2.0,2.0,86.0,,1,11
11735,15,Villa de Vallecas,2384,480000,Piso,3.0,1.0,132.0,,0,11
11736,15,Villa de Vallecas,2384,99900,Piso,2.0,1.0,56.0,1.0,0,11
11737,15,Villa de Vallecas,2384,84460,Piso,1.0,1.0,25.0,,0,11
11738,15,Villa de Vallecas,2384,141000,Piso,3.0,1.0,59.0,,0,11
11739,15,Villa de Vallecas,2384,140000,Apartamento,1.0,1.0,41.0,2.0,0,11
11740,15,Villa de Vallecas,2384,171670,Piso,1.0,1.0,53.0,3.0,0,11
11741,15,Villa de Vallecas,2384,1490000,Piso,8.0,6.0,289.0,1.0,0,11
11742,15,Villa de Vallecas,2384,158470,Piso,1.0,1.0,50.0,,1,11
11743,15,Villa de Vallecas,2384,99900,Piso,2.0,1.0,56.0,1.0,0,11
11744,15,Villa de Vallecas,2384,440000,Dúplex,3.0,3.0,180.0,7.0,1,11
11745,15,Villa de Vallecas,2384,141000,Piso,3.0,1.0,59.0,,0,11
11746,15,Villa de Vallecas,2384,180000,Piso,3.0,1.0,79.0,2.0,0,11
11747,15,Villa de Vallecas,2384,141000,Piso,3.0,1.0,59.0,,0,11
11748,15,Villa de Vallecas,2384,141000,Piso,3.0,1.0,59.0,,0,11
11749,15,Villa de Vallecas,2384,435000,Piso,2.0,1.0,58.0,1.0,0,11
11750,15,Villa de Vallecas,2384,234680,Piso,2.0,2.0,86.0,,1,11
11751,15,Villa de Vallecas,2384,435000,Piso,2.0,1.0,58.0,1.0,0,11
11752,15,Villa de Vallecas,2384,158470,Piso,1.0,1.0,50.0,,1,11
11753,15,Villa de Vallecas,2384,99900,Piso,2.0,1.0,56.0,1.0,0,11
11754,15,Villa de Vallecas,2384,1630000,Piso,6.0,4.0,295.0,4.0,0,11
11755,15,Villa de Vallecas,2384,141000,Piso,3.0,1.0,59.0,,0,11
11756,15,Villa de Vallecas,2384,1490000,Piso,8.0,6.0,289.0,1.0,0,11
11757,15,Villa de Vallecas,2384,141000,Piso,3.0,1.0,59.0,,0,11
11758,15,Villa de Vallecas,2384,158470,Piso,1.0,1.0,50.0,,1,11
11759,15,Villa de Vallecas,2384,189000,Estudio,1.0,1.0,52.0,,1,11
11760,15,Villa de Vallecas,2384,218000,Piso,2.0,2.0,81.0,,1,11
11761,15,Villa de Vallecas,2384,275000,Piso,2.0,1.0,69.0,3.0,0,11
11762,15,Villa de Vallecas,2384,435000,Piso,2.0,1.0,58.0,1.0,0,11
11763,15,Villa de Vallecas,2384,134500,Piso,3.0,1.0,61.0,2.0,0,11
11764,15,Villa de Vallecas,2384,158470,Piso,1.0,1.0,50.0,,1,11
11765,15,Villa de Vallecas,2384,135000,Piso,1.0,1.0,77.0,,1,11
11766,15,Villa de Vallecas,2384,102500,Piso,3.0,1.0,65.0,2.0,0,11
11767,15,Villa de Vallecas,2384,3150000,Piso,4.0,5.0,420.0,3.0,1,11
11768,15,Villa de Vallecas,2384,1490000,Piso,8.0,6.0,289.0,1.0,0,11
11769,15,Villa de Vallecas,2384,134900,Piso,3.0,1.0,80.0,2.0,0,11
11770,15,Villa de Vallecas,2384,234680,Piso,2.0,2.0,86.0,,1,11
11771,15,Villa de Vallecas,2384,345000,Ático,3.0,2.0,188.0,5.0,1,11
11772,15,Villa de Vallecas,2384,1490000,Piso,8.0,6.0,289.0,1.0,0,11
11773,15,Villa de Vallecas,2384,141000,Piso,3.0,1.0,59.0,,0,11
11774,15,Villa de Vallecas,2384,189000,Estudio,1.0,1.0,52.0,,1,11
11775,15,Villa de Vallecas,2384,169000,Piso,2.0,1.0,37.0,2.0,0,11
11776,15,Villa de Vallecas,2384,435000,Piso,2.0,1.0,58.0,1.0,0,11
11777,15,Villa de Vallecas,2384,350000,Piso,2.0,1.0,64.0,4.0,0,11
11778,15,Villa de Vallecas,2384,158470,Piso,1.0,1.0,50.0,,1,11
11779,15,Villa de Vallecas,2384,93000,Piso,2.0,1.0,59.0,,0,11
11780,15,Villa de Vallecas,2384,435000,Piso,2.0,1.0,58.0,1.0,0,11
11781,15,Villa de Vallecas,2384,495000,Piso,3.0,2.0,114.0,3.0,1,11
11782,15,Villa de Vallecas,2384,239000,Piso,2.0,2.0,104.0,3.0,1,11
11783,15,Villa de Vallecas,2384,234680,Piso,2.0,2.0,86.0,,1,11
11784,15,Villa de Vallecas,2384,435000,Piso,2.0,1.0,58.0,1.0,0,11
11785,15,Villa de Vallecas,2384,231000,Piso,3.0,2.0,113.0,,0,11
11786,15,Villa de Vallecas,2384,99900,Piso,2.0,1.0,56.0,1.0,0,11
11787,15,Villa de Vallecas,2384,99900,Piso,2.0,1.0,56.0,1.0,0,11
11788,15,Villa de Vallecas,2384,280000,Piso,3.0,2.0,96.0,5.0,1,11
11789,15,Villa de Vallecas,2384,189000,Estudio,1.0,1.0,52.0,,1,11
11790,15,Villa de Vallecas,2384,85000,Piso,2.0,1.0,61.0,4.0,0,11
11791,15,Villa de Vallecas,2384,435000,Piso,2.0,1.0,58.0,1.0,0,11
11792,15,Villa de Vallecas,2384,158470,Piso,1.0,1.0,50.0,,1,11
11793,15,Villa de Vallecas,2384,176000,Piso,1.0,1.0,53.0,2.0,0,11
11794,15,Villa de Vallecas,2384,1490000,Piso,8.0,6.0,289.0,1.0,0,11
11795,15,Villa de Vallecas,2384,189000,Estudio,1.0,1.0,52.0,,1,11
11796,15,Villa de Vallecas,2384,141000,Piso,3.0,1.0,59.0,,0,11
11797,15,Villa de Vallecas,2384,147000,Piso,1.0,1.0,84.0,1.0,1,11
11798,15,Villa de Vallecas,2384,720000,Piso,5.0,2.0,133.0,5.0,1,11
11799,15,Villa de Vallecas,2384,99900,Piso,2.0,1.0,52.0,,0,11
11800,15,Villa de Vallecas,2384,234680,Piso,2.0,2.0,86.0,,1,11
11801,15,Villa de Vallecas,2384,140000,Piso,3.0,1.0,72.0,3.0,0,11
11802,15,Villa de Vallecas,2384,155000,Piso,3.0,2.0,86.0,,0,11
11803,15,Villa de Vallecas,2384,141000,Piso,3.0,1.0,59.0,,0,11
11804,15,Villa de Vallecas,2384,214900,Piso,3.0,2.0,90.0,1.0,1,11
11805,15,Villa de Vallecas,2384,194000,Piso,,1.0,41.0,,0,11
11806,15,Villa de Vallecas,2384,134500,Piso,3.0,1.0,61.0,2.0,0,11
11807,15,Villa de Vallecas,2384,189000,Estudio,1.0,1.0,52.0,,1,11
11808,15,Villa de Vallecas,2384,189000,Estudio,1.0,1.0,52.0,,1,11
11809,15,Villa de Vallecas,2384,186000,Piso,3.0,2.0,95.0,1.0,0,11
11810,15,Villa de Vallecas,2384,158470,Piso,1.0,1.0,50.0,,1,11
11811,15,Villa de Vallecas,2384,199000,Piso,1.0,1.0,42.0,1.0,0,11
11812,15,Villa de Vallecas,2384,134500,Piso,3.0,1.0,61.0,2.0,0,11
11813,15,Villa de Vallecas,2384,141000,Piso,3.0,1.0,59.0,,0,11
11814,15,Villa de Vallecas,2384,225000,Piso,3.0,2.0,85.0,2.0,0,11
11815,15,Villa de Vallecas,2384,81000,Piso,3.0,1.0,60.0,1.0,0,11
11816,15,Villa de Vallecas,2384,1490000,Piso,8.0,6.0,289.0,1.0,0,11
11817,15,Villa de Vallecas,2384,720000,Piso,5.0,2.0,133.0,5.0,1,11
11818,15,Villa de Vallecas,2384,141000,Piso,3.0,1.0,59.0,,0,11
11819,15,Villa de Vallecas,2384,298900,Piso,1.0,1.0,72.0,5.0,0,11
11820,15,Villa de Vallecas,2384,435000,Piso,2.0,1.0,58.0,1.0,0,11
11821,15,Villa de Vallecas,2384,158470,Piso,1.0,1.0,50.0,,1,11
11822,15,Villa de Vallecas,2384,160000,Piso,3.0,2.0,104.0,,0,11
11823,15,Villa de Vallecas,2384,720000,Piso,5.0,2.0,133.0,5.0,1,11
11824,15,Villa de Vallecas,2384,1490000,Piso,8.0,6.0,289.0,1.0,0,11
11825,15,Villa de Vallecas,2384,189000,Estudio,1.0,1.0,52.0,,1,11
11826,15,Villa de Vallecas,2384,149000,Piso,3.0,1.0,82.0,,0,11
11827,15,Villa de Vallecas,2384,169900,Piso,4.0,2.0,120.0,4.0,0,11
11828,15,Villa de Vallecas,2384,150500,Piso,1.0,1.0,48.0,,0,11
11829,15,Villa de Vallecas,2384,234680,Piso,2.0,2.0,86.0,,1,11
11830,15,Villa de Vallecas,2384,141000,Piso,3.0,1.0,59.0,,0,11
11831,15,Villa de Vallecas,2384,99900,Piso,2.0,1.0,56.0,1.0,0,11
11832,15,Villa de Vallecas,2384,146000,Estudio,1.0,1.0,38.0,1.0,1,11
11833,15,Villa de Vallecas,2384,107500,Piso,3.0,1.0,65.0,1.0,0,11
11834,15,Villa de Vallecas,2384,99900,Piso,2.0,1.0,56.0,1.0,0,11
11835,15,Villa de Vallecas,2384,665000,Piso,2.0,2.0,139.0,,0,11
11836,15,Villa de Vallecas,2384,148000,Piso,3.0,1.0,64.0,2.0,0,11
11837,15,Villa de Vallecas,2384,329700,Piso,,,60.0,,0,11
11838,15,Villa de Vallecas,2384,1545000,Casa adosada,5.0,5.0,384.0,,1,11
11839,15,Villa de Vallecas,2384,189000,Estudio,1.0,1.0,52.0,,1,11
11840,15,Villa de Vallecas,2384,1490000,Piso,8.0,6.0,289.0,1.0,0,11
11841,15,Villa de Vallecas,2384,1498000,Piso,5.0,2.0,145.0,9.0,0,11
11842,15,Villa de Vallecas,2384,250000,Piso,4.0,2.0,126.0,1.0,0,11
11843,15,Villa de Vallecas,2384,164300,Piso,1.0,1.0,55.0,,1,11
11844,15,Villa de Vallecas,2384,134500,Piso,3.0,1.0,61.0,2.0,0,11
11845,15,Villa de Vallecas,2384,99000,Apartamento,1.0,1.0,52.0,,1,11
11846,15,Villa de Vallecas,2384,190000,Piso,1.0,1.0,48.0,,0,11
11847,15,Villa de Vallecas,2384,112000,Piso,2.0,1.0,67.0,1.0,0,11
11848,15,Villa de Vallecas,2384,97000,Planta baja,2.0,1.0,45.0,,0,11
11849,15,Villa de Vallecas,2384,157000,Piso,3.0,1.0,70.0,2.0,0,11
11850,15,Villa de Vallecas,2384,137865,Piso,3.0,1.0,90.0,1.0,0,11
11851,15,Villa de Vallecas,2384,1490000,Piso,8.0,6.0,289.0,1.0,0,11
11852,15,Villa de Vallecas,2384,720000,Piso,5.0,2.0,133.0,5.0,1,11
11853,15,Villa de Vallecas,2384,270000,Piso,1.0,1.0,58.0,,0,11
11854,15,Villa de Vallecas,2384,109890,Piso,,1.0,59.0,,0,11
11855,15,Villa de Vallecas,2384,720000,Piso,5.0,2.0,133.0,5.0,1,11
11856,15,Villa de Vallecas,2384,135000,Piso,2.0,1.0,80.0,2.0,1,11
11857,15,Villa de Vallecas,2384,158600,Piso,3.0,1.0,83.0,1.0,0,11
11858,15,Villa de Vallecas,2384,720000,Piso,5.0,2.0,133.0,5.0,1,11
11859,15,Villa de Vallecas,2384,146000,Piso,1.0,1.0,50.0,1.0,1,11
11860,15,Villa de Vallecas,2384,104500,Piso,2.0,1.0,33.0,,0,11
11861,15,Villa de Vallecas,2384,141000,Piso,3.0,1.0,59.0,,0,11
11862,15,Villa de Vallecas,2384,262000,Piso,2.0,1.0,95.0,,1,11
11863,15,Villa de Vallecas,2384,720000,Piso,5.0,2.0,133.0,5.0,1,11
11864,15,Villa de Vallecas,2384,245000,Piso,3.0,2.0,104.0,7.0,0,11
11865,15,Villa de Vallecas,2384,141000,Piso,3.0,1.0,59.0,,0,11
11866,15,Villa de Vallecas,2384,699000,Piso,4.0,3.0,140.0,1.0,0,11
11867,15,Villa de Vallecas,2384,158000,Piso,1.0,,62.0,1.0,1,11
11868,15,Villa de Vallecas,2384,126000,Piso,1.0,2.0,125.0,,1,11
11869,15,Villa de Vallecas,2384,155000,Piso,2.0,2.0,70.0,1.0,0,11
11870,15,Villa de Vallecas,2384,142000,Piso,3.0,1.0,79.0,,0,11
11871,15,Villa de Vallecas,2384,99900,Piso,2.0,1.0,56.0,1.0,0,11
11872,15,Villa de Vallecas,2384,125000,Piso,1.0,1.0,54.0,1.0,0,11
11873,15,Villa de Vallecas,2384,158470,Piso,1.0,1.0,50.0,,1,11
11874,15,Villa de Vallecas,2384,1475000,Piso,2.0,2.0,177.0,1.0,1,11
11875,15,Villa de Vallecas,2384,278000,Piso,3.0,2.0,85.0,3.0,0,11
11876,15,Villa de Vallecas,2384,238000,Piso,4.0,2.0,136.0,6.0,0,11
11877,15,Villa de Vallecas,2384,141000,Piso,3.0,1.0,59.0,,0,11
11878,15,Villa de Vallecas,2384,134500,Piso,3.0,1.0,61.0,2.0,0,11
11879,15,Villa de Vallecas,2384,234680,Piso,2.0,2.0,86.0,,1,11
11880,15,Villa de Vallecas,2384,720000,Piso,5.0,2.0,133.0,5.0,1,11
11881,15,Villa de Vallecas,2384,110476,Piso,,,57.0,,0,11
11882,15,Villa de Vallecas,2384,245000,Piso,3.0,1.0,64.0,4.0,0,11
11883,15,Villa de Vallecas,2384,141000,Piso,3.0,1.0,59.0,,0,11
11884,15,Villa de Vallecas,2384,146000,Piso,1.0,1.0,48.0,,0,11
11885,15,Villa de Vallecas,2384,1490000,Piso,8.0,6.0,289.0,1.0,0,11
11886,15,Villa de Vallecas,2384,99900,Piso,2.0,1.0,56.0,1.0,0,11
11887,15,Villa de Vallecas,2384,145990,Dúplex,3.0,2.0,110.0,1.0,0,11
11888,15,Villa de Vallecas,2384,141000,Piso,3.0,1.0,59.0,,0,11
11889,15,Villa de Vallecas,2384,1400000,Piso,5.0,5.0,368.0,7.0,1,11
11890,15,Villa de Vallecas,2384,141000,Piso,3.0,1.0,59.0,,0,11
11891,15,Villa de Vallecas,2384,435000,Piso,2.0,1.0,58.0,1.0,0,11
11892,15,Villa de Vallecas,2384,141000,Piso,3.0,1.0,59.0,,0,11
11893,15,Villa de Vallecas,2384,1490000,Piso,8.0,6.0,289.0,1.0,0,11
11894,15,Villa de Vallecas,2384,1490000,Piso,8.0,6.0,289.0,1.0,0,11
11895,15,Villa de Vallecas,2384,99900,Piso,2.0,1.0,56.0,1.0,0,11
11896,15,Villa de Vallecas,2384,99900,Piso,2.0,1.0,56.0,1.0,0,11
11897,15,Villa de Vallecas,2384,141000,Piso,3.0,1.0,59.0,,0,11
11898,15,Villa de Vallecas,2384,435000,Piso,2.0,1.0,58.0,1.0,0,11
11899,15,Villa de Vallecas,2384,479000,Loft,1.0,1.0,126.0,3.0,0,11
11900,15,Villa de Vallecas,2384,99900,Piso,2.0,1.0,56.0,1.0,0,11
11901,15,Villa de Vallecas,2384,270000,Piso,2.0,2.0,103.0,3.0,1,11
11902,15,Villa de Vallecas,2384,234680,Piso,2.0,2.0,86.0,,1,11
11903,15,Villa de Vallecas,2384,1106770,Piso,,2.0,126.0,,0,11
11904,15,Villa de Vallecas,2384,750000,Piso,3.0,2.0,122.0,1.0,0,11
11905,15,Villa de Vallecas,2384,189000,Estudio,1.0,1.0,52.0,,1,11
11906,15,Villa de Vallecas,2384,435000,Piso,2.0,1.0,58.0,1.0,0,11
11907,15,Villa de Vallecas,2384,305000,Piso,2.0,1.0,94.0,2.0,0,11
11908,15,Villa de Vallecas,2384,620000,Dúplex,3.0,2.0,135.0,4.0,0,11
11909,15,Villa de Vallecas,2384,449000,Ático,3.0,2.0,127.0,,0,11
11910,15,Villa de Vallecas,2384,158470,Piso,1.0,1.0,50.0,,1,11
11911,15,Villa de Vallecas,2384,435000,Piso,2.0,1.0,58.0,1.0,0,11
11912,15,Villa de Vallecas,2384,690000,Piso,4.0,3.0,160.0,,0,11
11913,15,Villa de Vallecas,2384,720000,Piso,5.0,2.0,133.0,5.0,1,11
11914,15,Villa de Vallecas,2384,139000,Piso,3.0,1.0,75.0,,0,11
11915,15,Villa de Vallecas,2384,1490000,Piso,8.0,6.0,289.0,1.0,0,11
11916,15,Villa de Vallecas,2384,370000,Piso,4.0,2.0,110.0,,0,11
11917,15,Villa de Vallecas,2384,90000,Piso,3.0,1.0,65.0,1.0,0,11
11918,15,Villa de Vallecas,2384,720000,Piso,5.0,2.0,133.0,5.0,1,11
11919,15,Villa de Vallecas,2384,405000,Piso,2.0,2.0,92.0,,0,11
11920,15,Villa de Vallecas,2384,435000,Piso,2.0,1.0,58.0,1.0,0,11
11921,15,Villa de Vallecas,2384,112100,Piso,1.0,1.0,33.0,,0,11
11922,15,Villa de Vallecas,2384,99900,Piso,2.0,1.0,56.0,1.0,0,11
11923,15,Villa de Vallecas,2384,121000,Estudio,,1.0,40.0,3.0,0,11
11924,15,Villa de Vallecas,2384,435000,Piso,2.0,1.0,58.0,1.0,0,11
11925,15,Villa de Vallecas,2384,234680,Piso,2.0,2.0,86.0,,1,11
11926,15,Villa de Vallecas,2384,234680,Piso,2.0,2.0,86.0,,1,11
11927,15,Villa de Vallecas,2384,720000,Piso,5.0,2.0,133.0,5.0,1,11
11928,15,Villa de Vallecas,2384,350000,Piso,2.0,1.0,64.0,4.0,0,11
11929,15,Villa de Vallecas,2384,110000,Piso,3.0,1.0,63.0,,0,11
11930,15,Villa de Vallecas,2384,305000,Piso,1.0,1.0,60.0,3.0,1,11
11931,15,Villa de Vallecas,2384,141000,Piso,3.0,1.0,59.0,,0,11
11932,15,Villa de Vallecas,2384,99900,Piso,2.0,1.0,56.0,1.0,0,11
11933,15,Villa de Vallecas,2384,103000,Piso,3.0,1.0,76.0,2.0,0,11
11934,15,Villa de Vallecas,2384,99000,Piso,1.0,1.0,45.0,,0,11
11935,15,Villa de Vallecas,2384,110000,Piso,2.0,1.0,65.0,1.0,0,11
11936,15,Villa de Vallecas,2384,150500,Piso,1.0,1.0,48.0,3.0,0,11
11937,15,Villa de Vallecas,2384,176500,Piso,2.0,1.0,42.0,,0,11
11938,15,Villa de Vallecas,2384,1490000,Piso,8.0,6.0,289.0,1.0,0,11
11939,15,Villa de Vallecas,2384,141000,Piso,3.0,1.0,59.0,,0,11
11940,15,Villa de Vallecas,2384,99900,Piso,2.0,1.0,56.0,1.0,0,11
11941,15,Villa de Vallecas,2384,695000,Dúplex,2.0,1.0,68.0,1.0,0,11
11942,15,Villa de Vallecas,2384,1490000,Piso,8.0,6.0,289.0,1.0,0,11
11943,15,Villa de Vallecas,2384,141000,Piso,3.0,1.0,59.0,,0,11
11944,15,Villa de Vallecas,2384,435000,Piso,2.0,1.0,58.0,1.0,0,11
11945,15,Villa de Vallecas,2384,435000,Piso,2.0,1.0,58.0,1.0,0,11
11946,15,Villa de Vallecas,2384,189000,Estudio,1.0,1.0,52.0,,1,11
11947,15,Villa de Vallecas,2384,1490000,Piso,8.0,6.0,289.0,1.0,0,11
11948,15,Villa de Vallecas,2384,239400,Piso,2.0,1.0,49.0,,0,11
11949,15,Villa de Vallecas,2384,110476,Piso,1.0,1.0,57.0,,0,11
11950,15,Villa de Vallecas,2384,108500,Piso,2.0,1.0,72.0,,0,11
11951,15,Villa de Vallecas,2384,1490000,Piso,8.0,6.0,289.0,1.0,0,11
11952,15,Villa de Vallecas,2384,127000,Piso,2.0,1.0,58.0,,0,11
11953,15,Villa de Vallecas,2384,150000,Planta baja,2.0,1.0,80.0,,0,11
11954,15,Villa de Vallecas,2384,148000,Piso,2.0,,71.0,,0,11
11955,15,Villa de Vallecas,2384,220000,Piso,4.0,3.0,112.0,1.0,0,11
11956,15,Villa de Vallecas,2384,141000,Piso,3.0,1.0,59.0,,0,11
11957,15,Villa de Vallecas,2384,250000,Piso,3.0,1.0,90.0,1.0,0,11
11958,15,Villa de Vallecas,2384,141000,Piso,3.0,1.0,59.0,,0,11
11959,15,Villa de Vallecas,2384,87623,Piso,1.0,1.0,47.0,8.0,0,11
11960,15,Villa de Vallecas,2384,99900,Piso,2.0,1.0,56.0,1.0,0,11
11961,15,Villa de Vallecas,2384,1490000,Piso,8.0,6.0,289.0,1.0,0,11
11962,15,Villa de Vallecas,2384,199000,Piso,2.0,1.0,79.0,8.0,1,11
11963,15,Villa de Vallecas,2384,134500,Piso,3.0,1.0,61.0,2.0,0,11
11964,15,Villa de Vallecas,2384,232000,Piso,3.0,2.0,82.0,,0,11
11965,15,Villa de Vallecas,2384,234680,Piso,2.0,2.0,86.0,,1,11
11966,15,Villa de Vallecas,2384,168300,Piso,1.0,1.0,97.0,3.0,1,11
11967,15,Villa de Vallecas,2384,134500,Piso,3.0,1.0,61.0,2.0,0,11
11968,15,Villa de Vallecas,2384,141000,Piso,3.0,1.0,59.0,,0,11
11969,15,Villa de Vallecas,2384,720000,Piso,5.0,2.0,133.0,5.0,1,11
11970,15,Villa de Vallecas,2384,234200,Piso,2.0,1.0,73.0,2.0,1,11
11971,15,Villa de Vallecas,2384,158300,Piso,,1.0,36.0,,0,11
11972,15,Villa de Vallecas,2384,720000,Piso,5.0,2.0,133.0,5.0,1,11
11973,15,Villa de Vallecas,2384,134500,Piso,3.0,1.0,61.0,2.0,0,11
11974,15,Villa de Vallecas,2384,143000,Piso,1.0,1.0,57.0,1.0,0,11
11975,15,Villa de Vallecas,2384,87000,Piso,1.0,1.0,50.0,,0,11
11976,15,Villa de Vallecas,2384,158470,Piso,1.0,1.0,50.0,,1,11
11977,15,Villa de Vallecas,2384,1490000,Piso,8.0,6.0,289.0,1.0,0,11
11978,15,Villa de Vallecas,2384,1250000,Piso,2.0,2.0,135.0,,0,11
11979,15,Villa de Vallecas,2384,1490000,Piso,8.0,6.0,289.0,1.0,0,11
11980,15,Villa de Vallecas,2384,135500,Piso,3.0,1.0,66.0,,0,11
11981,15,Villa de Vallecas,2384,210000,Piso,2.0,2.0,40.0,,0,11
11982,15,Villa de Vallecas,2384,134500,Piso,3.0,1.0,61.0,2.0,0,11
11983,15,Villa de Vallecas,2384,141000,Piso,3.0,1.0,59.0,,0,11
11984,15,Villa de Vallecas,2384,1490000,Piso,8.0,6.0,289.0,1.0,0,11
11985,15,Villa de Vallecas,2384,141000,Piso,3.0,1.0,59.0,,0,11
11986,15,Villa de Vallecas,2384,139000,Piso,2.0,1.0,84.0,,1,11
11987,15,Villa de Vallecas,2384,435000,Piso,2.0,1.0,58.0,1.0,0,11
11988,15,Villa de Vallecas,2384,141000,Piso,3.0,1.0,59.0,,0,11
11989,15,Villa de Vallecas,2384,360000,Piso,2.0,2.0,127.0,1.0,1,11
11990,15,Villa de Vallecas,2384,160000,Piso,3.0,1.0,88.0,4.0,0,11
11991,15,Villa de Vallecas,2384,99900,Piso,2.0,1.0,56.0,1.0,0,11
11992,15,Villa de Vallecas,2384,112062,Piso,1.0,1.0,49.0,,0,11
11993,15,Villa de Vallecas,2384,174000,Piso,1.0,1.0,35.0,,0,11
11994,15,Villa de Vallecas,2384,1490000,Piso,8.0,6.0,289.0,1.0,0,11
11995,15,Villa de Vallecas,2384,134500,Piso,3.0,1.0,61.0,2.0,0,11
11996,15,Villa de Vallecas,2384,435000,Piso,2.0,1.0,58.0,1.0,0,11
11997,15,Villa de Vallecas,2384,141000,Piso,3.0,1.0,59.0,,0,11
11998,15,Villa de Vallecas,2384,141000,Piso,3.0,1.0,59.0,,0,11
11999,15,Villa de Vallecas,2384,500000,Piso,3.0,2.0,100.0,3.0,1,11
12000,15,Villa de Vallecas,2384,297500,Ático,2.0,1.0,75.0,5.0,1,11
12001,15,Villa de Vallecas,2384,197500,Piso,3.0,1.0,100.0,1.0,0,11
12002,15,Villa de Vallecas,2384,122990,Piso,3.0,1.0,74.0,3.0,0,11
12003,15,Villa de Vallecas,2384,1490000,Piso,8.0,6.0,289.0,1.0,0,11
12004,15,Villa de Vallecas,2384,141000,Piso,3.0,1.0,59.0,,0,11
12005,15,Villa de Vallecas,2384,260000,Piso,3.0,2.0,180.0,,1,11
12006,15,Villa de Vallecas,2384,150000,Planta baja,2.0,1.0,80.0,,0,11
12007,15,Villa de Vallecas,2384,137500,Piso,2.0,1.0,67.0,1.0,0,11
12008,15,Villa de Vallecas,2384,228800,Piso,1.0,1.0,98.0,,0,11
12009,15,Villa de Vallecas,2384,470000,Piso,4.0,2.0,121.0,8.0,0,11
12010,15,Villa de Vallecas,2384,234680,Piso,2.0,2.0,86.0,,1,11
12011,15,Villa de Vallecas,2384,185000,Piso,2.0,1.0,44.0,2.0,0,11
12012,15,Villa de Vallecas,2384,239500,Piso,3.0,1.0,74.0,6.0,0,11
12013,15,Villa de Vallecas,2384,208900,Piso,3.0,2.0,94.0,4.0,1,11
12014,15,Villa de Vallecas,2384,720000,Piso,5.0,2.0,133.0,5.0,1,11
12015,15,Villa de Vallecas,2384,141000,Piso,3.0,1.0,59.0,,0,11
12016,15,Villa de Vallecas,2384,140000,Apartamento,1.0,1.0,84.0,1.0,1,11
12017,15,Villa de Vallecas,2384,523500,Piso,3.0,2.0,126.0,7.0,0,11
12018,15,Villa de Vallecas,2384,141000,Piso,3.0,1.0,59.0,,0,11
12019,15,Villa de Vallecas,2384,189000,Estudio,1.0,1.0,52.0,,1,11
12020,15,Villa de Vallecas,2384,1490000,Piso,8.0,6.0,289.0,1.0,0,11
12021,15,Villa de Vallecas,2384,110500,Piso,3.0,1.0,66.0,,0,11
12022,15,Villa de Vallecas,2384,1490000,Piso,8.0,6.0,289.0,1.0,0,11
12023,15,Villa de Vallecas,2384,1490000,Piso,8.0,6.0,289.0,1.0,0,11
12024,15,Villa de Vallecas,2384,435000,Piso,2.0,1.0,58.0,1.0,0,11
12025,15,Villa de Vallecas,2384,279000,Piso,3.0,2.0,100.0,5.0,1,11
12026,15,Villa de Vallecas,2384,234680,Piso,2.0,2.0,86.0,,1,11
12027,15,Villa de Vallecas,2384,1490000,Piso,8.0,6.0,289.0,1.0,0,11
12028,15,Villa de Vallecas,2384,435000,Piso,2.0,1.0,58.0,1.0,0,11
12029,15,Villa de Vallecas,2384,775000,Ático,6.0,3.0,240.0,,1,11
12030,15,Villa de Vallecas,2384,292330,Piso,1.0,1.0,56.0,2.0,0,11
12031,15,Villa de Vallecas,2384,152000,Piso,1.0,1.0,55.0,7.0,0,11
12032,15,Villa de Vallecas,2384,1700000,Piso,4.0,3.0,275.0,2.0,0,11
12033,15,Villa de Vallecas,2384,99900,Piso,2.0,1.0,56.0,1.0,0,11
12034,15,Villa de Vallecas,2384,819000,Piso,2.0,2.0,166.0,3.0,0,11
12035,15,Villa de Vallecas,2384,366000,Piso,3.0,2.0,108.0,,0,11
12036,15,Villa de Vallecas,2384,149900,Piso,3.0,1.0,98.0,1.0,0,11
12037,15,Villa de Vallecas,2384,169000,Apartamento,1.0,1.0,57.0,,0,11
12038,15,Villa de Vallecas,2384,141000,Piso,3.0,1.0,59.0,,0,11
12039,15,Villa de Vallecas,2384,99900,Piso,2.0,1.0,56.0,1.0,0,11
12040,15,Villa de Vallecas,2384,158470,Piso,1.0,1.0,50.0,,1,11
12041,15,Villa de Vallecas,2384,435000,Piso,2.0,1.0,58.0,1.0,0,11
12042,15,Villa de Vallecas,2384,110000,Casa o chalet,3.0,1.0,70.0,,0,11
12043,15,Villa de Vallecas,2384,141000,Piso,3.0,1.0,59.0,,0,11
12044,15,Villa de Vallecas,2384,164000,Piso,1.0,1.0,80.0,2.0,0,11
12045,15,Villa de Vallecas,2384,720000,Piso,5.0,2.0,133.0,5.0,1,11
12046,15,Villa de Vallecas,2384,435000,Piso,2.0,1.0,58.0,1.0,0,11
12047,15,Villa de Vallecas,2384,99900,Piso,2.0,1.0,56.0,1.0,0,11
12048,15,Villa de Vallecas,2384,223000,Piso,1.0,1.0,40.0,,0,11
12049,15,Villa de Vallecas,2384,189000,Estudio,1.0,1.0,52.0,,1,11
12050,15,Villa de Vallecas,2384,141000,Piso,3.0,1.0,59.0,,0,11
12051,15,Villa de Vallecas,2384,720000,Piso,5.0,2.0,133.0,5.0,1,11
12052,15,Villa de Vallecas,2384,435000,Piso,2.0,1.0,58.0,1.0,0,11
12053,15,Villa de Vallecas,2384,134900,Piso,3.0,1.0,80.0,2.0,0,11
12054,15,Villa de Vallecas,2384,102000,Piso,1.0,1.0,40.0,,0,11
12055,15,Villa de Vallecas,2384,162000,Piso,3.0,1.0,92.0,,0,11
12056,15,Villa de Vallecas,2384,1490000,Piso,8.0,6.0,289.0,1.0,0,11
12057,15,Villa de Vallecas,2384,435000,Piso,2.0,1.0,58.0,1.0,0,11
12058,15,Villa de Vallecas,2384,176000,Piso,1.0,1.0,53.0,,0,11
12059,15,Villa de Vallecas,2384,1245110,Piso,6.0,2.0,204.0,1.0,0,11
12060,15,Villa de Vallecas,2384,141000,Piso,3.0,1.0,59.0,,0,11
12061,15,Villa de Vallecas,2384,1490000,Piso,8.0,6.0,289.0,1.0,0,11
12062,15,Villa de Vallecas,2384,435000,Piso,2.0,1.0,58.0,1.0,0,11
12063,15,Villa de Vallecas,2384,87623,Piso,1.0,1.0,47.0,8.0,0,11
12064,15,Villa de Vallecas,2384,999000,Piso,5.0,5.0,179.0,1.0,0,11
12065,15,Villa de Vallecas,2384,137865,Piso,3.0,1.0,90.0,1.0,0,11
12066,15,Villa de Vallecas,2384,720000,Piso,5.0,2.0,133.0,5.0,1,11
12067,15,Villa de Vallecas,2384,1050000,Piso,,,403.0,,0,11
12068,15,Villa de Vallecas,2384,141000,Piso,3.0,1.0,59.0,,0,11
12069,15,Villa de Vallecas,2384,277000,Piso,3.0,2.0,92.0,2.0,1,11
12070,15,Villa de Vallecas,2384,134500,Piso,3.0,1.0,61.0,2.0,0,11
12071,15,Villa de Vallecas,2384,141000,Piso,3.0,1.0,59.0,,0,11
12072,15,Villa de Vallecas,2384,158470,Piso,1.0,1.0,50.0,,1,11
12073,15,Villa de Vallecas,2384,7525000,Apartamento,5.0,1.0,624.0,4.0,1,11
12074,15,Villa de Vallecas,2384,141000,Piso,3.0,1.0,59.0,,0,11
12075,15,Villa de Vallecas,2384,126000,Piso,2.0,1.0,90.0,,0,11
12076,15,Villa de Vallecas,2384,720000,Piso,5.0,2.0,133.0,5.0,1,11
12077,15,Villa de Vallecas,2384,189000,Estudio,1.0,1.0,52.0,,1,11
12078,15,Villa de Vallecas,2384,580000,Piso,3.0,1.0,71.0,1.0,0,11
12079,15,Villa de Vallecas,2384,434500,Piso,2.0,2.0,103.0,6.0,0,11
12080,15,Villa de Vallecas,2384,435000,Piso,2.0,1.0,58.0,1.0,0,11
12081,15,Villa de Vallecas,2384,236000,Piso,2.0,1.0,70.0,,0,11
12082,15,Villa de Vallecas,2384,350000,Piso,2.0,1.0,64.0,4.0,0,11
12083,15,Villa de Vallecas,2384,80000,Loft,,1.0,50.0,,1,11
12084,15,Villa de Vallecas,2384,99900,Piso,2.0,1.0,56.0,1.0,0,11
12085,15,Villa de Vallecas,2384,760000,Piso,4.0,2.0,135.0,,1,11
12086,15,Villa de Vallecas,2384,141000,Piso,3.0,1.0,59.0,,0,11
12087,15,Villa de Vallecas,2384,145000,Piso,3.0,2.0,103.0,1.0,0,11
12088,15,Villa de Vallecas,2384,141000,Piso,3.0,1.0,59.0,,0,11
12089,15,Villa de Vallecas,2384,184000,Piso,2.0,2.0,88.0,2.0,0,11
12090,15,Villa de Vallecas,2384,121500,Piso,3.0,1.0,53.0,,0,11
12091,15,Villa de Vallecas,2384,186000,Piso,3.0,2.0,95.0,1.0,0,11
12092,15,Villa de Vallecas,2384,186000,Piso,3.0,2.0,95.0,,0,11
12093,15,Villa de Vallecas,2384,234680,Piso,2.0,2.0,86.0,,1,11
12094,15,Villa de Vallecas,2384,434500,Piso,2.0,2.0,103.0,6.0,0,11
12095,15,Villa de Vallecas,2384,209000,Piso,1.0,1.0,64.0,1.0,1,11
12096,15,Villa de Vallecas,2384,390370,Piso,3.0,2.0,98.0,,0,11
12097,15,Villa de Vallecas,2384,1800000,Piso,4.0,3.0,275.0,2.0,0,11
12098,15,Villa de Vallecas,2384,134500,Piso,3.0,1.0,61.0,2.0,0,11
12099,15,Villa de Vallecas,2384,720000,Piso,5.0,2.0,133.0,5.0,1,11
12100,15,Villa de Vallecas,2384,95000,Piso,1.0,1.0,32.0,2.0,0,11
12101,15,Villa de Vallecas,2384,155200,Piso,3.0,2.0,80.0,1.0,0,11
12102,15,Villa de Vallecas,2384,134500,Piso,3.0,1.0,61.0,,0,11
12103,15,Villa de Vallecas,2384,225000,Piso,2.0,2.0,89.0,,1,11
12104,21,Villaverde,1706,269000,Piso,2.0,2.0,80.0,1.0,0,20
12105,21,Villaverde,1706,124900,Piso,1.0,1.0,36.0,,0,20
12106,21,Villaverde,1706,235000,Dúplex,2.0,2.0,98.0,3.0,1,20
12107,21,Villaverde,1706,140000,Piso,2.0,2.0,75.0,1.0,0,20
12108,21,Villaverde,1706,245000,Piso,3.0,3.0,125.0,,0,20
12109,21,Villaverde,1706,135000,Piso,3.0,1.0,55.0,,0,20
12110,21,Villaverde,1706,113000,Piso,2.0,1.0,63.0,3.0,0,20
12111,21,Villaverde,1706,169900,Piso,3.0,1.0,72.0,1.0,0,20
12112,21,Villaverde,1706,231430,Piso,3.0,2.0,111.0,2.0,1,20
12113,21,Villaverde,1706,145000,Piso,3.0,1.0,57.0,3.0,0,20
12114,21,Villaverde,1706,169990,Piso,4.0,2.0,105.0,6.0,0,20
12115,21,Villaverde,1706,1050000,Piso,2.0,2.0,181.0,,1,20
12116,21,Villaverde,1706,870000,Ático,4.0,2.0,175.0,7.0,1,20
12117,21,Villaverde,1706,99818,Piso,3.0,1.0,64.0,6.0,0,20
12118,21,Villaverde,1706,249000,Ático,2.0,2.0,106.0,2.0,0,20
12119,21,Villaverde,1706,84460,Piso,2.0,1.0,57.0,3.0,0,20
12120,21,Villaverde,1706,139000,Piso,3.0,1.0,75.0,,0,20
12121,21,Villaverde,1706,148500,Piso,3.0,1.0,68.0,,0,20
12122,21,Villaverde,1706,146367,Piso,3.0,1.0,72.0,3.0,0,20
12123,21,Villaverde,1706,72000,Piso,3.0,1.0,60.0,4.0,0,20
12124,21,Villaverde,1706,878800,Piso,4.0,2.0,150.0,1.0,0,20
12125,21,Villaverde,1706,387700,Piso,3.0,1.0,75.0,2.0,0,20
12126,21,Villaverde,1706,158000,Piso,1.0,1.0,60.0,2.0,1,20
12127,21,Villaverde,1706,122000,Piso,2.0,1.0,77.0,3.0,0,20
12128,21,Villaverde,1706,274900,Piso,1.0,1.0,50.0,4.0,0,20
12129,21,Villaverde,1706,175000,Piso,3.0,1.0,87.0,1.0,0,20
12130,21,Villaverde,1706,115500,Piso,3.0,1.0,66.0,,0,20
12131,21,Villaverde,1706,160000,Piso,2.0,2.0,81.0,2.0,0,20
12132,21,Villaverde,1706,91000,Piso,2.0,1.0,56.0,5.0,0,20
12133,21,Villaverde,1706,99000,Piso,3.0,1.0,74.0,2.0,0,20
12134,21,Villaverde,1706,187000,Piso,3.0,1.0,82.0,1.0,1,20
12135,21,Villaverde,1706,66000,Piso,3.0,1.0,57.0,,0,20
12136,21,Villaverde,1706,589000,Piso,3.0,2.0,130.0,1.0,1,20
12137,21,Villaverde,1706,377000,Piso,2.0,2.0,104.0,,0,20
12138,21,Villaverde,1706,1830000,Casa adosada,5.0,6.0,450.0,,1,20
12139,21,Villaverde,1706,128000,Piso,2.0,1.0,54.0,2.0,0,20
12140,21,Villaverde,1706,173000,Piso,3.0,1.0,66.0,,0,20
12141,21,Villaverde,1706,265000,Piso,3.0,2.0,103.0,,1,20
12142,21,Villaverde,1706,123900,Piso,2.0,1.0,68.0,4.0,0,20
12143,21,Villaverde,1706,112000,Piso,3.0,1.0,63.0,,0,20
12144,21,Villaverde,1706,379000,Piso,,1.0,100.0,,0,20
12145,21,Villaverde,1706,395000,Piso,2.0,1.0,84.0,,1,20
12146,21,Villaverde,1706,84000,Piso,3.0,1.0,59.0,,0,20
12147,21,Villaverde,1706,157000,Piso,4.0,1.0,80.0,2.0,0,20
12148,21,Villaverde,1706,179500,Piso,2.0,1.0,65.0,2.0,0,20
12149,21,Villaverde,1706,192000,Piso,,,46.0,,0,20
12150,21,Villaverde,1706,101700,Piso,3.0,1.0,63.0,4.0,0,20
12151,21,Villaverde,1706,148000,Piso,3.0,1.0,75.0,4.0,0,20
12152,21,Villaverde,1706,90200,Piso,2.0,1.0,50.0,,0,20
12153,21,Villaverde,1706,110000,Piso,3.0,1.0,70.0,,0,20
12154,21,Villaverde,1706,235000,Piso,4.0,2.0,100.0,2.0,0,20
12155,21,Villaverde,1706,119000,Piso,3.0,1.0,65.0,1.0,0,20
12156,21,Villaverde,1706,161200,Piso,2.0,1.0,82.0,,0,20
12157,21,Villaverde,1706,144500,Piso,3.0,2.0,100.0,1.0,0,20
12158,21,Villaverde,1706,147000,Piso,4.0,2.0,120.0,1.0,0,20
12159,21,Villaverde,1706,112824,Piso,3.0,1.0,64.0,,0,20
12160,21,Villaverde,1706,589000,Piso,5.0,2.0,144.0,6.0,1,20
12161,21,Villaverde,1706,289000,Piso,1.0,1.0,60.0,2.0,1,20
12162,21,Villaverde,1706,800000,Casa adosada,4.0,3.0,120.0,,1,20
12163,21,Villaverde,1706,4400000,Apartamento,5.0,5.0,373.0,,1,20
12164,21,Villaverde,1706,129000,Piso,4.0,1.0,85.0,1.0,0,20
12165,21,Villaverde,1706,175000,Piso,2.0,1.0,70.0,,0,20
12166,21,Villaverde,1706,935000,Piso,3.0,2.0,145.0,4.0,0,20
12167,21,Villaverde,1706,157000,Piso,4.0,1.0,115.0,3.0,0,20
12168,21,Villaverde,1706,75500,Piso,2.0,1.0,60.0,2.0,0,20
12169,21,Villaverde,1706,575000,Piso,4.0,2.0,138.0,4.0,0,20
12170,21,Villaverde,1706,99000,Piso,3.0,1.0,80.0,9.0,0,20
12171,21,Villaverde,1706,136000,Piso,3.0,1.0,55.0,,0,20
12172,21,Villaverde,1706,196000,Piso,3.0,2.0,79.0,1.0,1,20
12173,21,Villaverde,1706,120000,Piso,2.0,1.0,45.0,2.0,0,20
12174,21,Villaverde,1706,139990,Piso,2.0,1.0,71.0,3.0,0,20
12175,21,Villaverde,1706,105000,Piso,3.0,1.0,72.0,4.0,0,20
12176,21,Villaverde,1706,153800,Piso,1.0,1.0,24.0,,0,20
12177,21,Villaverde,1706,330000,Piso,2.0,2.0,80.0,1.0,0,20
12178,21,Villaverde,1706,159000,Piso,3.0,1.0,79.0,4.0,0,20
12179,21,Villaverde,1706,79000,Piso,3.0,1.0,64.0,5.0,0,20
12180,21,Villaverde,1706,119000,Piso,2.0,1.0,45.0,,0,20
12181,21,Villaverde,1706,320000,Piso,3.0,2.0,96.0,2.0,0,20
12182,21,Villaverde,1706,163000,Piso,3.0,1.0,82.0,,0,20
12183,21,Villaverde,1706,889000,Casa o chalet,7.0,5.0,447.0,,1,20
12184,21,Villaverde,1706,92000,Piso,3.0,1.0,72.0,,0,20
12185,21,Villaverde,1706,345000,Ático,3.0,2.0,188.0,5.0,1,20
12186,21,Villaverde,1706,168000,Piso,2.0,1.0,50.0,,0,20
12187,21,Villaverde,1706,280000,Piso,2.0,1.0,58.0,3.0,0,20
12188,21,Villaverde,1706,1625000,Piso,5.0,4.0,233.0,5.0,0,20
12189,21,Villaverde,1706,114000,Piso,3.0,1.0,77.0,3.0,0,20
12190,21,Villaverde,1706,225000,Ático,3.0,2.0,136.0,5.0,1,20
12191,21,Villaverde,1706,157000,Piso,1.0,1.0,40.0,1.0,0,20
12192,21,Villaverde,1706,136000,Piso,3.0,1.0,55.0,,0,20
12193,21,Villaverde,1706,196000,Piso,3.0,1.0,85.0,,0,20
12194,21,Villaverde,1706,160000,Piso,3.0,1.0,84.0,,0,20
12195,21,Villaverde,1706,102000,Piso,3.0,1.0,85.0,4.0,0,20
12196,21,Villaverde,1706,330000,Piso,4.0,3.0,140.0,1.0,1,20
12197,21,Villaverde,1706,134000,Piso,3.0,2.0,99.0,3.0,0,20
12198,21,Villaverde,1706,299000,Piso,1.0,1.0,33.0,6.0,0,20
12199,21,Villaverde,1706,185000,Apartamento,1.0,1.0,49.0,1.0,1,20
12200,21,Villaverde,1706,185000,Piso,4.0,2.0,122.0,2.0,1,20
12201,21,Villaverde,1706,115000,Piso,3.0,1.0,90.0,4.0,0,20
12202,21,Villaverde,1706,112000,Piso,3.0,1.0,63.0,3.0,0,20
12203,21,Villaverde,1706,221000,Piso,2.0,2.0,75.0,,0,20
12204,21,Villaverde,1706,375000,Piso,1.0,1.0,60.0,4.0,0,20
12205,21,Villaverde,1706,190000,Piso,1.0,1.0,76.0,,0,20
12206,21,Villaverde,1706,121000,Piso,2.0,1.0,50.0,,0,20
12207,21,Villaverde,1706,1850000,Piso,5.0,4.0,414.0,,1,20
12208,21,Villaverde,1706,146367,Piso,3.0,1.0,73.0,3.0,0,20
12209,21,Villaverde,1706,399000,Piso,2.0,1.0,106.0,2.0,1,20
12210,21,Villaverde,1706,98000,Piso,3.0,1.0,65.0,3.0,0,20
12211,21,Villaverde,1706,156880,Piso,1.0,1.0,24.0,,0,20
12212,21,Villaverde,1706,132500,Piso,3.0,1.0,71.0,,0,20
12213,21,Villaverde,1706,145000,Dúplex,2.0,2.0,60.0,1.0,0,20
12214,21,Villaverde,1706,299000,Piso,2.0,1.0,78.0,2.0,0,20
12215,21,Villaverde,1706,199900,Piso,2.0,1.0,62.0,9.0,1,20
12216,21,Villaverde,1706,150000,Piso,2.0,1.0,60.0,,0,20
12217,21,Villaverde,1706,116000,Piso,3.0,1.0,78.0,2.0,0,20
12218,21,Villaverde,1706,730000,Piso,4.0,3.0,168.0,2.0,0,20
12219,21,Villaverde,1706,73440,Piso,1.0,1.0,50.0,8.0,0,20
12220,21,Villaverde,1706,100000,Piso,3.0,1.0,54.0,,0,20
12221,21,Villaverde,1706,115000,Piso,3.0,1.0,54.0,,0,20
12222,21,Villaverde,1706,189000,Piso,3.0,1.0,81.0,5.0,1,20
12223,21,Villaverde,1706,141000,Piso,3.0,1.0,75.0,,0,20
12224,21,Villaverde,1706,305000,Piso,3.0,1.0,80.0,2.0,0,20
12225,21,Villaverde,1706,1274000,Apartamento,3.0,3.0,280.0,,1,20
12226,21,Villaverde,1706,279000,Piso,4.0,2.0,115.0,,1,20
12227,21,Villaverde,1706,1975000,Casa o chalet,6.0,3.0,1180.0,,1,20
12228,21,Villaverde,1706,145500,Piso,2.0,1.0,71.0,,0,20
12229,21,Villaverde,1706,280000,Piso,3.0,2.0,94.0,7.0,1,20
12230,21,Villaverde,1706,161000,Piso,3.0,1.0,65.0,,0,20
12231,21,Villaverde,1706,415000,Piso,3.0,2.0,106.0,3.0,1,20
12232,21,Villaverde,1706,258300,Piso,1.0,1.0,38.0,7.0,0,20
12233,21,Villaverde,1706,345000,Piso,2.0,1.0,60.0,,0,20
12234,21,Villaverde,1706,90000,Piso,2.0,1.0,60.0,,0,20
12235,21,Villaverde,1706,2025000,Piso,5.0,4.0,281.0,3.0,1,20
12236,21,Villaverde,1706,89999,Piso,2.0,1.0,51.0,3.0,0,20
12237,21,Villaverde,1706,495000,Planta baja,2.0,2.0,100.0,,1,20
12238,21,Villaverde,1706,98000,Piso,3.0,1.0,65.0,3.0,0,20
12239,21,Villaverde,1706,150000,Piso,3.0,2.0,77.0,4.0,0,20
12240,21,Villaverde,1706,87000,Piso,2.0,1.0,60.0,1.0,0,20
12241,21,Villaverde,1706,91000,Piso,2.0,1.0,61.0,,0,20
12242,21,Villaverde,1706,115000,Piso,2.0,1.0,60.0,1.0,0,20
12243,21,Villaverde,1706,125000,Piso,3.0,1.0,65.0,,0,20
12244,21,Villaverde,1706,310000,Piso,3.0,2.0,60.0,2.0,0,20
12245,21,Villaverde,1706,138500,Piso,3.0,1.0,68.0,2.0,0,20
12246,21,Villaverde,1706,83000,Piso,3.0,1.0,63.0,,0,20
12247,21,Villaverde,1706,117000,Piso,3.0,1.0,72.0,2.0,0,20
12248,21,Villaverde,1706,91907,Piso,1.0,2.0,96.0,,0,20
12249,21,Villaverde,1706,95000,Piso,2.0,1.0,61.0,,0,20
12250,21,Villaverde,1706,79840,Piso,2.0,1.0,54.0,3.0,0,20
12251,21,Villaverde,1706,1590000,Piso,4.0,5.0,240.0,5.0,0,20
12252,21,Villaverde,1706,1550000,Dúplex,5.0,3.0,320.0,2.0,1,20
12253,21,Villaverde,1706,105000,Piso,2.0,1.0,49.0,1.0,0,20
12254,21,Villaverde,1706,169900,Piso,3.0,1.0,75.0,2.0,0,20
12255,21,Villaverde,1706,144500,Piso,3.0,2.0,100.0,1.0,0,20
12256,21,Villaverde,1706,225000,Piso,2.0,1.0,89.0,2.0,0,20
12257,21,Villaverde,1706,205500,Piso,2.0,1.0,78.0,6.0,1,20
12258,21,Villaverde,1706,135000,Piso,3.0,1.0,77.0,2.0,0,20
12259,21,Villaverde,1706,146367,Piso,3.0,1.0,72.0,3.0,0,20
12260,21,Villaverde,1706,1249000,Ático,5.0,5.0,324.0,3.0,0,20
12261,21,Villaverde,1706,167562,Piso,2.0,2.0,76.0,5.0,1,20
12262,21,Villaverde,1706,139990,Piso,2.0,1.0,71.0,3.0,0,20
12263,21,Villaverde,1706,123900,Piso,2.0,1.0,68.0,4.0,0,20
12264,21,Villaverde,1706,57100,Piso,3.0,1.0,59.0,,0,20
12265,21,Villaverde,1706,196000,Piso,1.0,1.0,47.0,2.0,0,20
12266,21,Villaverde,1706,172500,Piso,1.0,1.0,61.0,3.0,0,20
12267,21,Villaverde,1706,145000,Piso,3.0,1.0,58.0,,0,20
12268,21,Villaverde,1706,108000,Piso,2.0,1.0,60.0,4.0,0,20
12269,21,Villaverde,1706,310000,Piso,3.0,2.0,94.0,3.0,0,20
12270,21,Villaverde,1706,698500,Piso,2.0,2.0,66.0,5.0,1,20
12271,21,Villaverde,1706,139000,Piso,3.0,1.0,71.0,9.0,0,20
12272,21,Villaverde,1706,890000,Piso,5.0,4.0,291.0,4.0,1,20
12273,21,Villaverde,1706,225000,Piso,2.0,1.0,38.0,,0,20
12274,21,Villaverde,1706,140000,Planta baja,2.0,2.0,86.0,,0,20
12275,21,Villaverde,1706,1350000,Piso,4.0,2.0,234.0,2.0,0,20
12276,21,Villaverde,1706,125000,Piso,3.0,1.0,62.0,3.0,0,20
12277,21,Villaverde,1706,129000,Apartamento,1.0,1.0,25.0,1.0,0,20
12278,21,Villaverde,1706,138960,Piso,3.0,2.0,97.0,2.0,0,20
12279,21,Villaverde,1706,91000,Piso,2.0,1.0,56.0,5.0,0,20
12280,21,Villaverde,1706,142000,Piso,3.0,1.0,55.0,,0,20
12281,21,Villaverde,1706,200000,Ático,2.0,1.0,71.0,,1,20
12282,21,Villaverde,1706,850000,Piso,2.0,2.0,135.0,6.0,1,20
12283,21,Villaverde,1706,134000,Piso,3.0,1.0,90.0,2.0,0,20
12284,21,Villaverde,1706,117000,Piso,3.0,1.0,80.0,,0,20
12285,21,Villaverde,1706,1800000,Piso,4.0,3.0,250.0,5.0,1,20
12286,21,Villaverde,1706,780000,Piso,3.0,2.0,116.0,,0,20
12287,21,Villaverde,1706,215000,Piso,3.0,1.0,75.0,3.0,0,20
12288,21,Villaverde,1706,100000,Piso,2.0,1.0,61.0,3.0,0,20
12289,21,Villaverde,1706,206429,Piso,3.0,2.0,97.0,2.0,1,20
12290,21,Villaverde,1706,173000,Loft,,1.0,56.0,,0,20
12291,21,Villaverde,1706,575000,Casa adosada,3.0,2.0,114.0,,1,20
12292,21,Villaverde,1706,89000,Piso,3.0,1.0,64.0,,0,20
12293,21,Villaverde,1706,84000,Piso,3.0,1.0,53.0,4.0,0,20
12294,21,Villaverde,1706,128000,Piso,3.0,1.0,81.0,,0,20
12295,21,Villaverde,1706,437000,Casa o chalet,4.0,3.0,351.0,,1,20
12296,21,Villaverde,1706,179000,Piso,3.0,1.0,84.0,,0,20
12297,21,Villaverde,1706,91000,Piso,3.0,1.0,74.0,1.0,1,20
12298,21,Villaverde,1706,135000,Estudio,1.0,1.0,25.0,,1,20
12299,21,Villaverde,1706,90000,Piso,3.0,1.0,41.0,,0,20
12300,21,Villaverde,1706,425000,Piso,3.0,1.0,113.0,2.0,0,20
12301,21,Villaverde,1706,258000,Piso,1.0,2.0,78.0,,0,20
12302,21,Villaverde,1706,445000,Piso,4.0,2.0,112.0,1.0,0,20
12303,21,Villaverde,1706,136000,Piso,3.0,1.0,92.0,3.0,1,20
12304,21,Villaverde,1706,95000,Piso,2.0,1.0,61.0,2.0,0,20
12305,21,Villaverde,1706,127000,Piso,3.0,1.0,80.0,2.0,0,20
12306,21,Villaverde,1706,142500,Piso,2.0,1.0,74.0,1.0,0,20
12307,21,Villaverde,1706,160000,Piso,2.0,1.0,80.0,,0,20
12308,21,Villaverde,1706,155890,Piso,3.0,1.0,80.0,4.0,0,20
12309,21,Villaverde,1706,299000,Piso,2.0,1.0,59.0,3.0,0,20
12310,21,Villaverde,1706,220000,Estudio,,1.0,40.0,5.0,0,20
12311,21,Villaverde,1706,528000,Piso,4.0,2.0,195.0,,1,20
12312,21,Villaverde,1706,158000,Piso,2.0,1.0,61.0,,0,20
12313,21,Villaverde,1706,112300,Piso,2.0,1.0,51.0,,0,20
12314,21,Villaverde,1706,225000,Ático,4.0,2.0,145.0,3.0,1,20
12315,21,Villaverde,1706,157500,Piso,3.0,2.0,55.0,1.0,0,20
12316,21,Villaverde,1706,299000,Piso,1.0,1.0,68.0,,0,20
12317,21,Villaverde,1706,350000,Piso,3.0,1.0,105.0,3.0,0,20
12318,21,Villaverde,1706,261000,Piso,3.0,1.0,83.0,3.0,1,20
12319,21,Villaverde,1706,169900,Piso,3.0,1.0,72.0,1.0,0,20
12320,21,Villaverde,1706,71000,Piso,3.0,1.0,60.0,,0,20
12321,21,Villaverde,1706,115000,Piso,2.0,1.0,68.0,,0,20
12322,21,Villaverde,1706,229900,Piso,2.0,2.0,118.0,5.0,1,20
12323,21,Villaverde,1706,475000,Piso,3.0,3.0,134.0,,0,20
12324,21,Villaverde,1706,202615,Piso,3.0,2.0,99.0,1.0,1,20
12325,21,Villaverde,1706,235000,Piso,4.0,2.0,100.0,2.0,0,20
12326,21,Villaverde,1706,120000,Piso,3.0,1.0,61.0,,0,20
12327,21,Villaverde,1706,186000,Piso,3.0,1.0,60.0,3.0,0,20
12328,21,Villaverde,1706,106000,Piso,2.0,1.0,67.0,,0,20
12329,21,Villaverde,1706,130000,Piso,3.0,1.0,72.0,4.0,0,20
12330,21,Villaverde,1706,215000,Piso,3.0,2.0,98.0,1.0,0,20
12331,21,Villaverde,1706,139000,Piso,3.0,1.0,64.0,,0,20
12332,21,Villaverde,1706,349900,Piso,1.0,1.0,69.0,,0,20
12333,21,Villaverde,1706,129000,Piso,2.0,1.0,70.0,,0,20
12334,21,Villaverde,1706,440000,Piso,4.0,2.0,103.0,3.0,1,20
12335,21,Villaverde,1706,280000,Piso,3.0,2.0,94.0,7.0,1,20
12336,21,Villaverde,1706,1500000,Piso,,,150.0,3.0,0,20
12337,21,Villaverde,1706,890000,Casa o chalet,,,418.0,,0,20
12338,21,Villaverde,1706,192000,Piso,2.0,1.0,65.0,4.0,0,20
12339,21,Villaverde,1706,97500,Piso,1.0,1.0,45.0,,0,20
12340,21,Villaverde,1706,495000,Piso,4.0,2.0,120.0,2.0,1,20
12341,21,Villaverde,1706,84460,Piso,1.0,1.0,25.0,,0,20
12342,21,Villaverde,1706,145000,Piso,3.0,1.0,73.0,1.0,1,20
12343,21,Villaverde,1706,510000,Piso,3.0,3.0,112.0,3.0,1,20
12344,21,Villaverde,1706,210000,Dúplex,2.0,2.0,68.0,,1,20
12345,21,Villaverde,1706,797800,Piso,3.0,2.0,277.0,,0,20
12346,21,Villaverde,1706,470000,Piso,3.0,2.0,137.0,4.0,0,20
12347,21,Villaverde,1706,125500,Piso,3.0,1.0,75.0,,0,20
12348,21,Villaverde,1706,515000,Piso,3.0,2.0,150.0,1.0,0,20
12349,21,Villaverde,1706,239500,Dúplex,1.0,1.0,67.0,2.0,0,20
12350,21,Villaverde,1706,180000,Apartamento,1.0,1.0,38.0,,0,20
12351,21,Villaverde,1706,145200,Piso,2.0,1.0,80.0,3.0,0,20
12352,21,Villaverde,1706,81300,Apartamento,1.0,1.0,43.0,,0,20
12353,21,Villaverde,1706,120000,Piso,3.0,1.0,83.0,9.0,0,20
12354,21,Villaverde,1706,95000,Piso,3.0,1.0,75.0,,0,20
12355,21,Villaverde,1706,1630000,Piso,3.0,4.0,162.0,,0,20
12356,21,Villaverde,1706,2300000,Casa adosada,5.0,3.0,900.0,,1,20
12357,21,Villaverde,1706,168000,Dúplex,1.0,1.0,52.0,,0,20
12358,21,Villaverde,1706,110000,Piso,3.0,1.0,76.0,,0,20
12359,21,Villaverde,1706,160000,Piso,2.0,1.0,77.0,1.0,1,20
12360,21,Villaverde,1706,215000,Piso,3.0,1.0,65.0,,0,20
12361,21,Villaverde,1706,134900,Piso,3.0,1.0,62.0,,0,20
12362,21,Villaverde,1706,140000,Planta baja,1.0,1.0,34.0,,0,20
12363,21,Villaverde,1706,264000,Ático,2.0,2.0,86.0,7.0,1,20
12364,21,Villaverde,1706,130000,Planta baja,1.0,1.0,61.0,,0,20
12365,21,Villaverde,1706,146367,Piso,3.0,1.0,72.0,3.0,0,20
12366,21,Villaverde,1706,1090000,Piso,2.0,3.0,187.0,,0,20
12367,21,Villaverde,1706,95000,Piso,2.0,1.0,56.0,3.0,0,20
12368,21,Villaverde,1706,157000,Piso,1.0,1.0,32.0,1.0,0,20
12369,21,Villaverde,1706,105000,Piso,3.0,1.0,55.0,,0,20
12370,21,Villaverde,1706,185000,Piso,4.0,2.0,122.0,2.0,1,20
12371,21,Villaverde,1706,150000,Piso,2.0,1.0,68.0,,0,20
12372,21,Villaverde,1706,240000,Piso,4.0,2.0,114.0,8.0,0,20
12373,21,Villaverde,1706,440000,Piso,2.0,2.0,53.0,5.0,0,20
12374,21,Villaverde,1706,157000,Piso,1.0,1.0,40.0,1.0,0,20
12375,21,Villaverde,1706,127500,Piso,1.0,1.0,45.0,1.0,0,20
12376,21,Villaverde,1706,230000,Apartamento,1.0,1.0,47.0,5.0,0,20
12377,21,Villaverde,1706,1125000,Piso,4.0,3.0,156.0,5.0,1,20
12378,21,Villaverde,1706,229000,Piso,2.0,1.0,58.0,,0,20
12379,21,Villaverde,1706,370000,Piso,2.0,1.0,81.0,1.0,1,20
12380,21,Villaverde,1706,3241600,Casa o chalet,6.0,7.0,1282.0,,0,20
12381,21,Villaverde,1706,334000,Piso,2.0,2.0,72.0,1.0,1,20
12382,21,Villaverde,1706,330000,Piso,3.0,2.0,106.0,,1,20
12383,21,Villaverde,1706,163564,Piso,2.0,2.0,67.0,4.0,1,20
12384,21,Villaverde,1706,225000,Piso,2.0,1.0,38.0,,0,20
12385,21,Villaverde,1706,107000,Piso,3.0,1.0,56.0,,0,20
12386,21,Villaverde,1706,195000,Piso,2.0,1.0,99.0,1.0,0,20
12387,21,Villaverde,1706,109000,Piso,2.0,1.0,49.0,4.0,0,20
12388,21,Villaverde,1706,277200,Piso,2.0,2.0,91.0,2.0,0,20
12389,21,Villaverde,1706,870000,Casa o chalet,5.0,2.0,200.0,,1,20
12390,21,Villaverde,1706,390000,Ático,3.0,1.0,85.0,,1,20
12391,21,Villaverde,1706,845000,Piso,2.0,2.0,90.0,3.0,0,20
12392,21,Villaverde,1706,240000,Piso,3.0,2.0,86.0,,0,20
12393,21,Villaverde,1706,129000,Piso,3.0,2.0,71.0,1.0,0,20
12394,21,Villaverde,1706,107000,Piso,3.0,1.0,54.0,,0,20
12395,21,Villaverde,1706,105000,Piso,4.0,1.0,65.0,1.0,0,20
12396,21,Villaverde,1706,185000,Piso,1.0,1.0,42.0,,0,20
12397,21,Villaverde,1706,149900,Piso,1.0,1.0,50.0,1.0,0,20
12398,21,Villaverde,1706,138535,Piso,1.0,1.0,44.0,,0,20
12399,21,Villaverde,1706,215000,Piso,4.0,2.0,114.0,6.0,0,20
12400,21,Villaverde,1706,169000,Piso,3.0,1.0,91.0,2.0,1,20
12401,21,Villaverde,1706,167561,Piso,2.0,2.0,76.0,5.0,1,20
12402,21,Villaverde,1706,140000,Piso,3.0,1.0,75.0,4.0,0,20
12403,21,Villaverde,1706,121000,Piso,2.0,1.0,51.0,,0,20
12404,21,Villaverde,1706,135000,Piso,3.0,1.0,60.0,1.0,0,20
12405,21,Villaverde,1706,185000,Piso,4.0,2.0,122.0,2.0,1,20
12406,21,Villaverde,1706,120000,Piso,3.0,1.0,83.0,,0,20
12407,21,Villaverde,1706,172000,Piso,3.0,1.0,80.0,3.0,0,20
12408,21,Villaverde,1706,315000,Piso,3.0,1.0,65.0,7.0,0,20
12409,21,Villaverde,1706,89000,Piso,3.0,1.0,70.0,4.0,0,20
12410,21,Villaverde,1706,100000,Piso,2.0,1.0,120.0,,0,20
12411,21,Villaverde,1706,112500,Piso,2.0,1.0,68.0,,0,20
12412,21,Villaverde,1706,220000,Piso,2.0,1.0,40.0,1.0,0,20
12413,21,Villaverde,1706,939000,Piso,4.0,3.0,212.0,,1,20
12414,21,Villaverde,1706,82800,Piso,1.0,1.0,25.0,,0,20
12415,21,Villaverde,1706,95000,Piso,2.0,1.0,61.0,,0,20
12416,21,Villaverde,1706,195000,Piso,1.0,1.0,36.0,,0,20
12417,21,Villaverde,1706,165000,Piso,3.0,1.0,73.0,,0,20
12418,21,Villaverde,1706,99900,Piso,3.0,1.0,65.0,,0,20
12419,21,Villaverde,1706,116000,Piso,2.0,1.0,60.0,1.0,0,20
12420,21,Villaverde,1706,135000,Planta baja,2.0,1.0,62.0,,0,20
12421,21,Villaverde,1706,119900,Piso,2.0,1.0,58.0,,0,20
12422,21,Villaverde,1706,1490000,Casa o chalet,,1.0,660.0,6.0,0,20
12423,21,Villaverde,1706,430000,Piso,3.0,2.0,95.0,1.0,1,20
12424,21,Villaverde,1706,113000,Piso,2.0,1.0,63.0,3.0,0,20
12425,21,Villaverde,1706,234500,Piso,3.0,1.0,75.0,1.0,0,20
12426,21,Villaverde,1706,222000,Piso,4.0,2.0,119.0,,1,20
12427,21,Villaverde,1706,250000,Piso,4.0,2.0,124.0,3.0,0,20
12428,21,Villaverde,1706,139000,Piso,3.0,1.0,75.0,4.0,0,20
12429,21,Villaverde,1706,75500,Piso,2.0,1.0,62.0,2.0,0,20
12430,21,Villaverde,1706,93000,Piso,3.0,1.0,58.0,4.0,0,20
12431,21,Villaverde,1706,128000,Piso,2.0,1.0,55.0,,0,20
12432,21,Villaverde,1706,259000,Ático,1.0,2.0,82.0,2.0,0,20
12433,21,Villaverde,1706,2400000,Piso,3.0,5.0,218.0,5.0,0,20
12434,21,Villaverde,1706,142000,Piso,2.0,1.0,54.0,1.0,0,20
12435,21,Villaverde,1706,109000,Piso,3.0,1.0,77.0,3.0,0,20
12436,21,Villaverde,1706,134900,Piso,3.0,1.0,89.0,1.0,0,20
12437,21,Villaverde,1706,105000,Piso,3.0,1.0,55.0,,0,20
12438,21,Villaverde,1706,84500,Piso,2.0,1.0,50.0,3.0,0,20
12439,21,Villaverde,1706,165000,Piso,2.0,1.0,77.0,,0,20
12440,21,Villaverde,1706,60000,Apartamento,1.0,1.0,26.0,,0,20
12441,21,Villaverde,1706,88000,Piso,2.0,1.0,55.0,,0,20
12442,21,Villaverde,1706,89000,Piso,3.0,1.0,64.0,2.0,0,20
12443,21,Villaverde,1706,152540,Piso,2.0,2.0,67.0,1.0,1,20
12444,21,Villaverde,1706,109501,Piso,1.0,1.0,62.0,,0,20
12445,21,Villaverde,1706,155000,Piso,1.0,1.0,30.0,3.0,0,20
12446,21,Villaverde,1706,143000,Piso,1.0,1.0,57.0,,1,20
12447,21,Villaverde,1706,1060000,Apartamento,2.0,2.0,140.0,,0,20
12448,21,Villaverde,1706,146367,Piso,3.0,1.0,72.0,3.0,0,20
12449,21,Villaverde,1706,139000,Piso,2.0,1.0,40.0,,0,20
12450,21,Villaverde,1706,251500,Piso,2.0,2.0,72.0,4.0,0,20
12451,21,Villaverde,1706,425000,Piso,4.0,2.0,138.0,,1,20
12452,21,Villaverde,1706,239459,Piso,3.0,2.0,112.0,4.0,1,20
12453,21,Villaverde,1706,157500,Piso,4.0,2.0,105.0,,0,20
12454,21,Villaverde,1706,244000,Piso,,2.0,114.0,,0,20
12455,21,Villaverde,1706,78900,Piso,3.0,1.0,63.0,1.0,0,20
12456,21,Villaverde,1706,100000,Piso,2.0,1.0,47.0,,0,20
12457,21,Villaverde,1706,115000,Piso,2.0,1.0,70.0,,0,20
12458,21,Villaverde,1706,239000,Piso,3.0,2.0,110.0,2.0,1,20
12459,21,Villaverde,1706,185000,Piso,4.0,2.0,122.0,2.0,1,20
12460,21,Villaverde,1706,145000,Piso,4.0,2.0,122.0,8.0,0,20
12461,21,Villaverde,1706,169000,Piso,2.0,1.0,90.0,,0,20
12462,21,Villaverde,1706,59000,Piso,1.0,1.0,28.0,6.0,0,20
12463,21,Villaverde,1706,1090000,Piso,2.0,3.0,187.0,1.0,0,20
12464,21,Villaverde,1706,172054,Piso,2.0,2.0,75.0,3.0,1,20
12465,21,Villaverde,1706,89990,Piso,3.0,1.0,60.0,1.0,0,20
12466,21,Villaverde,1706,106000,Piso,2.0,1.0,52.0,2.0,1,20
12467,21,Villaverde,1706,105000,Piso,2.0,1.0,50.0,,0,20
12468,21,Villaverde,1706,189999,Piso,3.0,1.0,83.0,,0,20
12469,21,Villaverde,1706,116900,Piso,2.0,1.0,72.0,,0,20
12470,21,Villaverde,1706,117300,Piso,3.0,1.0,75.0,3.0,0,20
12471,21,Villaverde,1706,676000,Piso,2.0,2.0,93.0,1.0,1,20
12472,21,Villaverde,1706,348273,Ático,4.0,2.0,136.0,,1,20
12473,21,Villaverde,1706,400000,Piso,3.0,2.0,89.0,,0,20
12474,21,Villaverde,1706,436500,Piso,5.0,2.0,170.0,5.0,0,20
12475,21,Villaverde,1706,179264,Piso,2.0,2.0,61.0,,1,20
12476,21,Villaverde,1706,390000,Piso,,,102.0,2.0,1,20
12477,21,Villaverde,1706,125000,Piso,3.0,1.0,73.0,1.0,1,20
12478,21,Villaverde,1706,147000,Piso,3.0,1.0,91.0,,0,20
12479,21,Villaverde,1706,129000,Piso,3.0,2.0,83.0,,0,20
12480,21,Villaverde,1706,269900,Piso,3.0,2.0,106.0,,1,20
12481,21,Villaverde,1706,289950,Piso,4.0,2.0,178.0,5.0,1,20
12482,21,Villaverde,1706,159000,Piso,1.0,1.0,52.0,4.0,1,20
12483,21,Villaverde,1706,125000,Piso,3.0,1.0,73.0,3.0,0,20
